ISO-10303-21;
HEADER;
/* Generated by software containing ST-Developer
 * from STEP Tools, Inc. (www.steptools.com) 
 */

FILE_DESCRIPTION(
/* description */ (''),
/* implementation_level */ '2;1');

FILE_NAME(
/* name */ 'MULTI_FIN_HEAT_SINK.step',
/* time_stamp */ '2026-09-25T23:48:53+05:30',
/* author */ (''),
/* organization */ (''),
/* preprocessor_version */ 'ST-DEVELOPER v20.2',
/* originating_system */ 'Autodesk Translation Framework v15.15.0.0',
/* authorisation */ '');

FILE_SCHEMA (('AUTOMOTIVE_DESIGN { 1 0 10303 214 3 1 1 }'));
ENDSEC;

DATA;
#10=MECHANICAL_DESIGN_GEOMETRIC_PRESENTATION_REPRESENTATION('',(#23,#24),
#10407);
#11=ITEM_DEFINED_TRANSFORMATION($,$,#6621,#6939);
#12=ITEM_DEFINED_TRANSFORMATION($,$,#6932,#6940);
#13=(
REPRESENTATION_RELATIONSHIP($,$,#10421,#10420)
REPRESENTATION_RELATIONSHIP_WITH_TRANSFORMATION(#11)
SHAPE_REPRESENTATION_RELATIONSHIP()
);
#14=(
REPRESENTATION_RELATIONSHIP($,$,#10422,#10420)
REPRESENTATION_RELATIONSHIP_WITH_TRANSFORMATION(#12)
SHAPE_REPRESENTATION_RELATIONSHIP()
);
#15=CONTEXT_DEPENDENT_SHAPE_REPRESENTATION(#13,#10418);
#16=CONTEXT_DEPENDENT_SHAPE_REPRESENTATION(#14,#10419);
#17=NEXT_ASSEMBLY_USAGE_OCCURRENCE('multi_fin_heat_sink v1:1',
'multi_fin_heat_sink v1:1','multi_fin_heat_sink v1:1',#10424,#10425,
'multi_fin_heat_sink v1:1');
#18=NEXT_ASSEMBLY_USAGE_OCCURRENCE('ic_chip v1:1','ic_chip v1:1',
'ic_chip v1:1',#10424,#10426,'ic_chip v1:1');
#19=SHAPE_REPRESENTATION_RELATIONSHIP('SRR','None',#10421,#21);
#20=SHAPE_REPRESENTATION_RELATIONSHIP('SRR','None',#10422,#22);
#21=ADVANCED_BREP_SHAPE_REPRESENTATION('',(#25),#10405);
#22=ADVANCED_BREP_SHAPE_REPRESENTATION('',(#26),#10406);
#23=STYLED_ITEM('',(#10439),#25);
#24=STYLED_ITEM('',(#10439),#26);
#25=MANIFOLD_SOLID_BREP('Body1',#6595);
#26=MANIFOLD_SOLID_BREP('Body1',#6596);
#27=FACE_OUTER_BOUND('',#343,.T.);
#28=FACE_OUTER_BOUND('',#344,.T.);
#29=FACE_OUTER_BOUND('',#345,.T.);
#30=FACE_OUTER_BOUND('',#346,.T.);
#31=FACE_OUTER_BOUND('',#347,.T.);
#32=FACE_OUTER_BOUND('',#348,.T.);
#33=FACE_OUTER_BOUND('',#349,.T.);
#34=FACE_OUTER_BOUND('',#350,.T.);
#35=FACE_OUTER_BOUND('',#351,.T.);
#36=FACE_OUTER_BOUND('',#352,.T.);
#37=FACE_OUTER_BOUND('',#353,.T.);
#38=FACE_OUTER_BOUND('',#354,.T.);
#39=FACE_OUTER_BOUND('',#355,.T.);
#40=FACE_OUTER_BOUND('',#356,.T.);
#41=FACE_OUTER_BOUND('',#357,.T.);
#42=FACE_OUTER_BOUND('',#358,.T.);
#43=FACE_OUTER_BOUND('',#359,.T.);
#44=FACE_OUTER_BOUND('',#360,.T.);
#45=FACE_OUTER_BOUND('',#361,.T.);
#46=FACE_OUTER_BOUND('',#362,.T.);
#47=FACE_OUTER_BOUND('',#363,.T.);
#48=FACE_OUTER_BOUND('',#364,.T.);
#49=FACE_OUTER_BOUND('',#365,.T.);
#50=FACE_OUTER_BOUND('',#366,.T.);
#51=FACE_OUTER_BOUND('',#367,.T.);
#52=FACE_OUTER_BOUND('',#368,.T.);
#53=FACE_OUTER_BOUND('',#369,.T.);
#54=FACE_OUTER_BOUND('',#370,.T.);
#55=FACE_OUTER_BOUND('',#371,.T.);
#56=FACE_OUTER_BOUND('',#372,.T.);
#57=FACE_OUTER_BOUND('',#373,.T.);
#58=FACE_OUTER_BOUND('',#374,.T.);
#59=FACE_OUTER_BOUND('',#375,.T.);
#60=FACE_OUTER_BOUND('',#376,.T.);
#61=FACE_OUTER_BOUND('',#377,.T.);
#62=FACE_OUTER_BOUND('',#378,.T.);
#63=FACE_OUTER_BOUND('',#379,.T.);
#64=FACE_OUTER_BOUND('',#380,.T.);
#65=FACE_OUTER_BOUND('',#381,.T.);
#66=FACE_OUTER_BOUND('',#382,.T.);
#67=FACE_OUTER_BOUND('',#383,.T.);
#68=FACE_OUTER_BOUND('',#384,.T.);
#69=FACE_OUTER_BOUND('',#385,.T.);
#70=FACE_OUTER_BOUND('',#386,.T.);
#71=FACE_OUTER_BOUND('',#387,.T.);
#72=FACE_OUTER_BOUND('',#388,.T.);
#73=FACE_OUTER_BOUND('',#389,.T.);
#74=FACE_OUTER_BOUND('',#390,.T.);
#75=FACE_OUTER_BOUND('',#391,.T.);
#76=FACE_OUTER_BOUND('',#392,.T.);
#77=FACE_OUTER_BOUND('',#393,.T.);
#78=FACE_OUTER_BOUND('',#394,.T.);
#79=FACE_OUTER_BOUND('',#395,.T.);
#80=FACE_OUTER_BOUND('',#396,.T.);
#81=FACE_OUTER_BOUND('',#397,.T.);
#82=FACE_OUTER_BOUND('',#398,.T.);
#83=FACE_OUTER_BOUND('',#399,.T.);
#84=FACE_OUTER_BOUND('',#400,.T.);
#85=FACE_OUTER_BOUND('',#401,.T.);
#86=FACE_OUTER_BOUND('',#402,.T.);
#87=FACE_OUTER_BOUND('',#403,.T.);
#88=FACE_OUTER_BOUND('',#404,.T.);
#89=FACE_OUTER_BOUND('',#405,.T.);
#90=FACE_OUTER_BOUND('',#406,.T.);
#91=FACE_OUTER_BOUND('',#407,.T.);
#92=FACE_OUTER_BOUND('',#408,.T.);
#93=FACE_OUTER_BOUND('',#409,.T.);
#94=FACE_OUTER_BOUND('',#410,.T.);
#95=FACE_OUTER_BOUND('',#411,.T.);
#96=FACE_OUTER_BOUND('',#412,.T.);
#97=FACE_OUTER_BOUND('',#413,.T.);
#98=FACE_OUTER_BOUND('',#414,.T.);
#99=FACE_OUTER_BOUND('',#415,.T.);
#100=FACE_OUTER_BOUND('',#416,.T.);
#101=FACE_OUTER_BOUND('',#417,.T.);
#102=FACE_OUTER_BOUND('',#418,.T.);
#103=FACE_OUTER_BOUND('',#419,.T.);
#104=FACE_OUTER_BOUND('',#420,.T.);
#105=FACE_OUTER_BOUND('',#421,.T.);
#106=FACE_OUTER_BOUND('',#422,.T.);
#107=FACE_OUTER_BOUND('',#423,.T.);
#108=FACE_OUTER_BOUND('',#424,.T.);
#109=FACE_OUTER_BOUND('',#425,.T.);
#110=FACE_OUTER_BOUND('',#426,.T.);
#111=FACE_OUTER_BOUND('',#427,.T.);
#112=FACE_OUTER_BOUND('',#428,.T.);
#113=FACE_OUTER_BOUND('',#429,.T.);
#114=FACE_OUTER_BOUND('',#430,.T.);
#115=FACE_OUTER_BOUND('',#431,.T.);
#116=FACE_OUTER_BOUND('',#432,.T.);
#117=FACE_OUTER_BOUND('',#433,.T.);
#118=FACE_OUTER_BOUND('',#434,.T.);
#119=FACE_OUTER_BOUND('',#435,.T.);
#120=FACE_OUTER_BOUND('',#436,.T.);
#121=FACE_OUTER_BOUND('',#437,.T.);
#122=FACE_OUTER_BOUND('',#438,.T.);
#123=FACE_OUTER_BOUND('',#439,.T.);
#124=FACE_OUTER_BOUND('',#440,.T.);
#125=FACE_OUTER_BOUND('',#441,.T.);
#126=FACE_OUTER_BOUND('',#442,.T.);
#127=FACE_OUTER_BOUND('',#443,.T.);
#128=FACE_OUTER_BOUND('',#444,.T.);
#129=FACE_OUTER_BOUND('',#445,.T.);
#130=FACE_OUTER_BOUND('',#446,.T.);
#131=FACE_OUTER_BOUND('',#447,.T.);
#132=FACE_OUTER_BOUND('',#448,.T.);
#133=FACE_OUTER_BOUND('',#449,.T.);
#134=FACE_OUTER_BOUND('',#450,.T.);
#135=FACE_OUTER_BOUND('',#451,.T.);
#136=FACE_OUTER_BOUND('',#452,.T.);
#137=FACE_OUTER_BOUND('',#453,.T.);
#138=FACE_OUTER_BOUND('',#454,.T.);
#139=FACE_OUTER_BOUND('',#455,.T.);
#140=FACE_OUTER_BOUND('',#456,.T.);
#141=FACE_OUTER_BOUND('',#457,.T.);
#142=FACE_OUTER_BOUND('',#458,.T.);
#143=FACE_OUTER_BOUND('',#459,.T.);
#144=FACE_OUTER_BOUND('',#460,.T.);
#145=FACE_OUTER_BOUND('',#461,.T.);
#146=FACE_OUTER_BOUND('',#462,.T.);
#147=FACE_OUTER_BOUND('',#463,.T.);
#148=FACE_OUTER_BOUND('',#464,.T.);
#149=FACE_OUTER_BOUND('',#465,.T.);
#150=FACE_OUTER_BOUND('',#466,.T.);
#151=FACE_OUTER_BOUND('',#467,.T.);
#152=FACE_OUTER_BOUND('',#468,.T.);
#153=FACE_OUTER_BOUND('',#469,.T.);
#154=FACE_OUTER_BOUND('',#470,.T.);
#155=FACE_OUTER_BOUND('',#471,.T.);
#156=FACE_OUTER_BOUND('',#472,.T.);
#157=FACE_OUTER_BOUND('',#473,.T.);
#158=FACE_OUTER_BOUND('',#474,.T.);
#159=FACE_OUTER_BOUND('',#475,.T.);
#160=FACE_OUTER_BOUND('',#476,.T.);
#161=FACE_OUTER_BOUND('',#477,.T.);
#162=FACE_OUTER_BOUND('',#478,.T.);
#163=FACE_OUTER_BOUND('',#479,.T.);
#164=FACE_OUTER_BOUND('',#480,.T.);
#165=FACE_OUTER_BOUND('',#481,.T.);
#166=FACE_OUTER_BOUND('',#482,.T.);
#167=FACE_OUTER_BOUND('',#483,.T.);
#168=FACE_OUTER_BOUND('',#484,.T.);
#169=FACE_OUTER_BOUND('',#485,.T.);
#170=FACE_OUTER_BOUND('',#486,.T.);
#171=FACE_OUTER_BOUND('',#487,.T.);
#172=FACE_OUTER_BOUND('',#488,.T.);
#173=FACE_OUTER_BOUND('',#489,.T.);
#174=FACE_OUTER_BOUND('',#490,.T.);
#175=FACE_OUTER_BOUND('',#491,.T.);
#176=FACE_OUTER_BOUND('',#492,.T.);
#177=FACE_OUTER_BOUND('',#493,.T.);
#178=FACE_OUTER_BOUND('',#494,.T.);
#179=FACE_OUTER_BOUND('',#495,.T.);
#180=FACE_OUTER_BOUND('',#496,.T.);
#181=FACE_OUTER_BOUND('',#497,.T.);
#182=FACE_OUTER_BOUND('',#498,.T.);
#183=FACE_OUTER_BOUND('',#499,.T.);
#184=FACE_OUTER_BOUND('',#500,.T.);
#185=FACE_OUTER_BOUND('',#501,.T.);
#186=FACE_OUTER_BOUND('',#502,.T.);
#187=FACE_OUTER_BOUND('',#503,.T.);
#188=FACE_OUTER_BOUND('',#504,.T.);
#189=FACE_OUTER_BOUND('',#505,.T.);
#190=FACE_OUTER_BOUND('',#506,.T.);
#191=FACE_OUTER_BOUND('',#507,.T.);
#192=FACE_OUTER_BOUND('',#508,.T.);
#193=FACE_OUTER_BOUND('',#509,.T.);
#194=FACE_OUTER_BOUND('',#510,.T.);
#195=FACE_OUTER_BOUND('',#511,.T.);
#196=FACE_OUTER_BOUND('',#512,.T.);
#197=FACE_OUTER_BOUND('',#513,.T.);
#198=FACE_OUTER_BOUND('',#514,.T.);
#199=FACE_OUTER_BOUND('',#515,.T.);
#200=FACE_OUTER_BOUND('',#516,.T.);
#201=FACE_OUTER_BOUND('',#517,.T.);
#202=FACE_OUTER_BOUND('',#518,.T.);
#203=FACE_OUTER_BOUND('',#519,.T.);
#204=FACE_OUTER_BOUND('',#520,.T.);
#205=FACE_OUTER_BOUND('',#521,.T.);
#206=FACE_OUTER_BOUND('',#522,.T.);
#207=FACE_OUTER_BOUND('',#523,.T.);
#208=FACE_OUTER_BOUND('',#524,.T.);
#209=FACE_OUTER_BOUND('',#525,.T.);
#210=FACE_OUTER_BOUND('',#526,.T.);
#211=FACE_OUTER_BOUND('',#527,.T.);
#212=FACE_OUTER_BOUND('',#528,.T.);
#213=FACE_OUTER_BOUND('',#529,.T.);
#214=FACE_OUTER_BOUND('',#530,.T.);
#215=FACE_OUTER_BOUND('',#531,.T.);
#216=FACE_OUTER_BOUND('',#532,.T.);
#217=FACE_OUTER_BOUND('',#533,.T.);
#218=FACE_OUTER_BOUND('',#534,.T.);
#219=FACE_OUTER_BOUND('',#535,.T.);
#220=FACE_OUTER_BOUND('',#536,.T.);
#221=FACE_OUTER_BOUND('',#537,.T.);
#222=FACE_OUTER_BOUND('',#538,.T.);
#223=FACE_OUTER_BOUND('',#539,.T.);
#224=FACE_OUTER_BOUND('',#540,.T.);
#225=FACE_OUTER_BOUND('',#541,.T.);
#226=FACE_OUTER_BOUND('',#542,.T.);
#227=FACE_OUTER_BOUND('',#543,.T.);
#228=FACE_OUTER_BOUND('',#544,.T.);
#229=FACE_OUTER_BOUND('',#545,.T.);
#230=FACE_OUTER_BOUND('',#546,.T.);
#231=FACE_OUTER_BOUND('',#547,.T.);
#232=FACE_OUTER_BOUND('',#548,.T.);
#233=FACE_OUTER_BOUND('',#549,.T.);
#234=FACE_OUTER_BOUND('',#550,.T.);
#235=FACE_OUTER_BOUND('',#551,.T.);
#236=FACE_OUTER_BOUND('',#552,.T.);
#237=FACE_OUTER_BOUND('',#553,.T.);
#238=FACE_OUTER_BOUND('',#554,.T.);
#239=FACE_OUTER_BOUND('',#555,.T.);
#240=FACE_OUTER_BOUND('',#556,.T.);
#241=FACE_OUTER_BOUND('',#557,.T.);
#242=FACE_OUTER_BOUND('',#558,.T.);
#243=FACE_OUTER_BOUND('',#559,.T.);
#244=FACE_OUTER_BOUND('',#560,.T.);
#245=FACE_OUTER_BOUND('',#561,.T.);
#246=FACE_OUTER_BOUND('',#562,.T.);
#247=FACE_OUTER_BOUND('',#563,.T.);
#248=FACE_OUTER_BOUND('',#564,.T.);
#249=FACE_OUTER_BOUND('',#565,.T.);
#250=FACE_OUTER_BOUND('',#566,.T.);
#251=FACE_OUTER_BOUND('',#567,.T.);
#252=FACE_OUTER_BOUND('',#568,.T.);
#253=FACE_OUTER_BOUND('',#569,.T.);
#254=FACE_OUTER_BOUND('',#570,.T.);
#255=FACE_OUTER_BOUND('',#571,.T.);
#256=FACE_OUTER_BOUND('',#572,.T.);
#257=FACE_OUTER_BOUND('',#573,.T.);
#258=FACE_OUTER_BOUND('',#574,.T.);
#259=FACE_OUTER_BOUND('',#575,.T.);
#260=FACE_OUTER_BOUND('',#576,.T.);
#261=FACE_OUTER_BOUND('',#577,.T.);
#262=FACE_OUTER_BOUND('',#578,.T.);
#263=FACE_OUTER_BOUND('',#579,.T.);
#264=FACE_OUTER_BOUND('',#580,.T.);
#265=FACE_OUTER_BOUND('',#581,.T.);
#266=FACE_OUTER_BOUND('',#582,.T.);
#267=FACE_OUTER_BOUND('',#583,.T.);
#268=FACE_OUTER_BOUND('',#584,.T.);
#269=FACE_OUTER_BOUND('',#585,.T.);
#270=FACE_OUTER_BOUND('',#586,.T.);
#271=FACE_OUTER_BOUND('',#587,.T.);
#272=FACE_OUTER_BOUND('',#588,.T.);
#273=FACE_OUTER_BOUND('',#589,.T.);
#274=FACE_OUTER_BOUND('',#590,.T.);
#275=FACE_OUTER_BOUND('',#591,.T.);
#276=FACE_OUTER_BOUND('',#592,.T.);
#277=FACE_OUTER_BOUND('',#593,.T.);
#278=FACE_OUTER_BOUND('',#594,.T.);
#279=FACE_OUTER_BOUND('',#595,.T.);
#280=FACE_OUTER_BOUND('',#596,.T.);
#281=FACE_OUTER_BOUND('',#597,.T.);
#282=FACE_OUTER_BOUND('',#598,.T.);
#283=FACE_OUTER_BOUND('',#599,.T.);
#284=FACE_OUTER_BOUND('',#600,.T.);
#285=FACE_OUTER_BOUND('',#601,.T.);
#286=FACE_OUTER_BOUND('',#602,.T.);
#287=FACE_OUTER_BOUND('',#603,.T.);
#288=FACE_OUTER_BOUND('',#604,.T.);
#289=FACE_OUTER_BOUND('',#605,.T.);
#290=FACE_OUTER_BOUND('',#606,.T.);
#291=FACE_OUTER_BOUND('',#607,.T.);
#292=FACE_OUTER_BOUND('',#608,.T.);
#293=FACE_OUTER_BOUND('',#609,.T.);
#294=FACE_OUTER_BOUND('',#610,.T.);
#295=FACE_OUTER_BOUND('',#611,.T.);
#296=FACE_OUTER_BOUND('',#612,.T.);
#297=FACE_OUTER_BOUND('',#613,.T.);
#298=FACE_OUTER_BOUND('',#614,.T.);
#299=FACE_OUTER_BOUND('',#615,.T.);
#300=FACE_OUTER_BOUND('',#616,.T.);
#301=FACE_OUTER_BOUND('',#617,.T.);
#302=FACE_OUTER_BOUND('',#618,.T.);
#303=FACE_OUTER_BOUND('',#619,.T.);
#304=FACE_OUTER_BOUND('',#620,.T.);
#305=FACE_OUTER_BOUND('',#621,.T.);
#306=FACE_OUTER_BOUND('',#622,.T.);
#307=FACE_OUTER_BOUND('',#623,.T.);
#308=FACE_OUTER_BOUND('',#624,.T.);
#309=FACE_OUTER_BOUND('',#625,.T.);
#310=FACE_OUTER_BOUND('',#626,.T.);
#311=FACE_OUTER_BOUND('',#627,.T.);
#312=FACE_OUTER_BOUND('',#628,.T.);
#313=FACE_OUTER_BOUND('',#629,.T.);
#314=FACE_OUTER_BOUND('',#630,.T.);
#315=FACE_OUTER_BOUND('',#631,.T.);
#316=FACE_OUTER_BOUND('',#632,.T.);
#317=FACE_OUTER_BOUND('',#633,.T.);
#318=FACE_OUTER_BOUND('',#634,.T.);
#319=FACE_OUTER_BOUND('',#635,.T.);
#320=FACE_OUTER_BOUND('',#636,.T.);
#321=FACE_OUTER_BOUND('',#637,.T.);
#322=FACE_OUTER_BOUND('',#638,.T.);
#323=FACE_OUTER_BOUND('',#639,.T.);
#324=FACE_OUTER_BOUND('',#640,.T.);
#325=FACE_OUTER_BOUND('',#641,.T.);
#326=FACE_OUTER_BOUND('',#642,.T.);
#327=FACE_OUTER_BOUND('',#643,.T.);
#328=FACE_OUTER_BOUND('',#644,.T.);
#329=FACE_OUTER_BOUND('',#645,.T.);
#330=FACE_OUTER_BOUND('',#646,.T.);
#331=FACE_OUTER_BOUND('',#647,.T.);
#332=FACE_OUTER_BOUND('',#648,.T.);
#333=FACE_OUTER_BOUND('',#649,.T.);
#334=FACE_OUTER_BOUND('',#650,.T.);
#335=FACE_OUTER_BOUND('',#651,.T.);
#336=FACE_OUTER_BOUND('',#652,.T.);
#337=FACE_OUTER_BOUND('',#653,.T.);
#338=FACE_OUTER_BOUND('',#654,.T.);
#339=FACE_OUTER_BOUND('',#655,.T.);
#340=FACE_OUTER_BOUND('',#656,.T.);
#341=FACE_OUTER_BOUND('',#657,.T.);
#342=FACE_OUTER_BOUND('',#658,.T.);
#343=EDGE_LOOP('',(#4091,#4092,#4093,#4094));
#344=EDGE_LOOP('',(#4095,#4096,#4097,#4098));
#345=EDGE_LOOP('',(#4099,#4100,#4101,#4102));
#346=EDGE_LOOP('',(#4103,#4104,#4105,#4106));
#347=EDGE_LOOP('',(#4107,#4108,#4109,#4110));
#348=EDGE_LOOP('',(#4111,#4112,#4113,#4114));
#349=EDGE_LOOP('',(#4115,#4116,#4117,#4118));
#350=EDGE_LOOP('',(#4119,#4120,#4121,#4122));
#351=EDGE_LOOP('',(#4123,#4124,#4125,#4126));
#352=EDGE_LOOP('',(#4127,#4128,#4129,#4130));
#353=EDGE_LOOP('',(#4131,#4132,#4133,#4134));
#354=EDGE_LOOP('',(#4135,#4136,#4137,#4138));
#355=EDGE_LOOP('',(#4139,#4140,#4141,#4142));
#356=EDGE_LOOP('',(#4143,#4144,#4145,#4146));
#357=EDGE_LOOP('',(#4147,#4148,#4149,#4150));
#358=EDGE_LOOP('',(#4151,#4152,#4153,#4154));
#359=EDGE_LOOP('',(#4155,#4156,#4157,#4158));
#360=EDGE_LOOP('',(#4159,#4160,#4161,#4162));
#361=EDGE_LOOP('',(#4163,#4164,#4165,#4166));
#362=EDGE_LOOP('',(#4167,#4168,#4169,#4170));
#363=EDGE_LOOP('',(#4171,#4172,#4173,#4174));
#364=EDGE_LOOP('',(#4175,#4176,#4177,#4178));
#365=EDGE_LOOP('',(#4179,#4180,#4181,#4182));
#366=EDGE_LOOP('',(#4183,#4184,#4185,#4186));
#367=EDGE_LOOP('',(#4187,#4188,#4189,#4190));
#368=EDGE_LOOP('',(#4191,#4192,#4193,#4194));
#369=EDGE_LOOP('',(#4195,#4196,#4197,#4198));
#370=EDGE_LOOP('',(#4199,#4200,#4201,#4202));
#371=EDGE_LOOP('',(#4203,#4204,#4205,#4206));
#372=EDGE_LOOP('',(#4207,#4208,#4209,#4210));
#373=EDGE_LOOP('',(#4211,#4212,#4213,#4214));
#374=EDGE_LOOP('',(#4215,#4216,#4217,#4218));
#375=EDGE_LOOP('',(#4219,#4220,#4221,#4222));
#376=EDGE_LOOP('',(#4223,#4224,#4225,#4226));
#377=EDGE_LOOP('',(#4227,#4228,#4229,#4230));
#378=EDGE_LOOP('',(#4231,#4232,#4233,#4234));
#379=EDGE_LOOP('',(#4235,#4236,#4237,#4238));
#380=EDGE_LOOP('',(#4239,#4240,#4241,#4242));
#381=EDGE_LOOP('',(#4243,#4244,#4245,#4246));
#382=EDGE_LOOP('',(#4247,#4248,#4249,#4250));
#383=EDGE_LOOP('',(#4251,#4252,#4253,#4254));
#384=EDGE_LOOP('',(#4255,#4256,#4257,#4258));
#385=EDGE_LOOP('',(#4259,#4260,#4261,#4262));
#386=EDGE_LOOP('',(#4263,#4264,#4265,#4266));
#387=EDGE_LOOP('',(#4267,#4268,#4269,#4270));
#388=EDGE_LOOP('',(#4271,#4272,#4273,#4274));
#389=EDGE_LOOP('',(#4275,#4276,#4277,#4278));
#390=EDGE_LOOP('',(#4279,#4280,#4281,#4282));
#391=EDGE_LOOP('',(#4283,#4284,#4285,#4286));
#392=EDGE_LOOP('',(#4287,#4288,#4289,#4290));
#393=EDGE_LOOP('',(#4291,#4292,#4293,#4294));
#394=EDGE_LOOP('',(#4295,#4296,#4297,#4298));
#395=EDGE_LOOP('',(#4299,#4300,#4301,#4302));
#396=EDGE_LOOP('',(#4303,#4304,#4305,#4306));
#397=EDGE_LOOP('',(#4307,#4308,#4309,#4310));
#398=EDGE_LOOP('',(#4311,#4312,#4313,#4314));
#399=EDGE_LOOP('',(#4315,#4316,#4317,#4318));
#400=EDGE_LOOP('',(#4319,#4320,#4321,#4322));
#401=EDGE_LOOP('',(#4323,#4324,#4325,#4326));
#402=EDGE_LOOP('',(#4327,#4328,#4329,#4330));
#403=EDGE_LOOP('',(#4331,#4332,#4333,#4334));
#404=EDGE_LOOP('',(#4335,#4336,#4337,#4338));
#405=EDGE_LOOP('',(#4339,#4340,#4341,#4342));
#406=EDGE_LOOP('',(#4343,#4344,#4345,#4346));
#407=EDGE_LOOP('',(#4347,#4348,#4349,#4350));
#408=EDGE_LOOP('',(#4351,#4352,#4353,#4354));
#409=EDGE_LOOP('',(#4355,#4356,#4357,#4358));
#410=EDGE_LOOP('',(#4359,#4360,#4361,#4362));
#411=EDGE_LOOP('',(#4363,#4364,#4365,#4366));
#412=EDGE_LOOP('',(#4367,#4368,#4369,#4370));
#413=EDGE_LOOP('',(#4371,#4372,#4373,#4374));
#414=EDGE_LOOP('',(#4375,#4376,#4377,#4378));
#415=EDGE_LOOP('',(#4379,#4380,#4381,#4382));
#416=EDGE_LOOP('',(#4383,#4384,#4385,#4386));
#417=EDGE_LOOP('',(#4387,#4388,#4389,#4390));
#418=EDGE_LOOP('',(#4391,#4392,#4393,#4394));
#419=EDGE_LOOP('',(#4395,#4396,#4397,#4398));
#420=EDGE_LOOP('',(#4399,#4400,#4401,#4402));
#421=EDGE_LOOP('',(#4403,#4404,#4405,#4406));
#422=EDGE_LOOP('',(#4407,#4408,#4409,#4410));
#423=EDGE_LOOP('',(#4411,#4412,#4413,#4414));
#424=EDGE_LOOP('',(#4415,#4416,#4417,#4418));
#425=EDGE_LOOP('',(#4419,#4420,#4421,#4422));
#426=EDGE_LOOP('',(#4423,#4424,#4425,#4426));
#427=EDGE_LOOP('',(#4427,#4428,#4429,#4430));
#428=EDGE_LOOP('',(#4431,#4432,#4433,#4434));
#429=EDGE_LOOP('',(#4435,#4436,#4437,#4438));
#430=EDGE_LOOP('',(#4439,#4440,#4441,#4442));
#431=EDGE_LOOP('',(#4443,#4444,#4445,#4446));
#432=EDGE_LOOP('',(#4447,#4448,#4449,#4450));
#433=EDGE_LOOP('',(#4451,#4452,#4453,#4454));
#434=EDGE_LOOP('',(#4455,#4456,#4457,#4458));
#435=EDGE_LOOP('',(#4459,#4460,#4461,#4462));
#436=EDGE_LOOP('',(#4463,#4464,#4465,#4466));
#437=EDGE_LOOP('',(#4467,#4468,#4469,#4470));
#438=EDGE_LOOP('',(#4471,#4472,#4473,#4474));
#439=EDGE_LOOP('',(#4475,#4476,#4477,#4478));
#440=EDGE_LOOP('',(#4479,#4480,#4481,#4482));
#441=EDGE_LOOP('',(#4483,#4484,#4485,#4486));
#442=EDGE_LOOP('',(#4487,#4488,#4489,#4490));
#443=EDGE_LOOP('',(#4491,#4492,#4493,#4494));
#444=EDGE_LOOP('',(#4495,#4496,#4497,#4498));
#445=EDGE_LOOP('',(#4499,#4500,#4501,#4502));
#446=EDGE_LOOP('',(#4503,#4504,#4505,#4506));
#447=EDGE_LOOP('',(#4507,#4508,#4509,#4510));
#448=EDGE_LOOP('',(#4511,#4512,#4513,#4514));
#449=EDGE_LOOP('',(#4515,#4516,#4517,#4518));
#450=EDGE_LOOP('',(#4519,#4520,#4521,#4522));
#451=EDGE_LOOP('',(#4523,#4524,#4525,#4526));
#452=EDGE_LOOP('',(#4527,#4528,#4529,#4530));
#453=EDGE_LOOP('',(#4531,#4532,#4533,#4534));
#454=EDGE_LOOP('',(#4535,#4536,#4537,#4538));
#455=EDGE_LOOP('',(#4539,#4540,#4541,#4542));
#456=EDGE_LOOP('',(#4543,#4544,#4545,#4546));
#457=EDGE_LOOP('',(#4547,#4548,#4549,#4550));
#458=EDGE_LOOP('',(#4551,#4552,#4553,#4554));
#459=EDGE_LOOP('',(#4555,#4556,#4557,#4558));
#460=EDGE_LOOP('',(#4559,#4560,#4561,#4562));
#461=EDGE_LOOP('',(#4563,#4564,#4565,#4566));
#462=EDGE_LOOP('',(#4567,#4568,#4569,#4570));
#463=EDGE_LOOP('',(#4571,#4572,#4573,#4574));
#464=EDGE_LOOP('',(#4575,#4576,#4577,#4578));
#465=EDGE_LOOP('',(#4579,#4580,#4581,#4582));
#466=EDGE_LOOP('',(#4583,#4584,#4585,#4586));
#467=EDGE_LOOP('',(#4587,#4588,#4589,#4590));
#468=EDGE_LOOP('',(#4591,#4592,#4593,#4594));
#469=EDGE_LOOP('',(#4595,#4596,#4597,#4598));
#470=EDGE_LOOP('',(#4599,#4600,#4601,#4602));
#471=EDGE_LOOP('',(#4603,#4604,#4605,#4606));
#472=EDGE_LOOP('',(#4607,#4608,#4609,#4610));
#473=EDGE_LOOP('',(#4611,#4612,#4613,#4614));
#474=EDGE_LOOP('',(#4615,#4616,#4617,#4618));
#475=EDGE_LOOP('',(#4619,#4620,#4621,#4622));
#476=EDGE_LOOP('',(#4623,#4624,#4625,#4626));
#477=EDGE_LOOP('',(#4627,#4628,#4629,#4630));
#478=EDGE_LOOP('',(#4631,#4632,#4633,#4634));
#479=EDGE_LOOP('',(#4635,#4636,#4637,#4638));
#480=EDGE_LOOP('',(#4639,#4640,#4641,#4642));
#481=EDGE_LOOP('',(#4643,#4644,#4645,#4646));
#482=EDGE_LOOP('',(#4647,#4648,#4649,#4650));
#483=EDGE_LOOP('',(#4651,#4652,#4653,#4654));
#484=EDGE_LOOP('',(#4655,#4656,#4657,#4658));
#485=EDGE_LOOP('',(#4659,#4660,#4661,#4662));
#486=EDGE_LOOP('',(#4663,#4664,#4665,#4666));
#487=EDGE_LOOP('',(#4667,#4668,#4669,#4670));
#488=EDGE_LOOP('',(#4671,#4672,#4673,#4674));
#489=EDGE_LOOP('',(#4675,#4676,#4677,#4678));
#490=EDGE_LOOP('',(#4679,#4680,#4681,#4682));
#491=EDGE_LOOP('',(#4683,#4684,#4685,#4686));
#492=EDGE_LOOP('',(#4687,#4688,#4689,#4690));
#493=EDGE_LOOP('',(#4691,#4692,#4693,#4694));
#494=EDGE_LOOP('',(#4695,#4696,#4697,#4698));
#495=EDGE_LOOP('',(#4699,#4700,#4701,#4702));
#496=EDGE_LOOP('',(#4703,#4704,#4705,#4706));
#497=EDGE_LOOP('',(#4707,#4708,#4709,#4710));
#498=EDGE_LOOP('',(#4711,#4712,#4713,#4714));
#499=EDGE_LOOP('',(#4715,#4716,#4717,#4718));
#500=EDGE_LOOP('',(#4719,#4720,#4721,#4722));
#501=EDGE_LOOP('',(#4723,#4724,#4725,#4726));
#502=EDGE_LOOP('',(#4727,#4728,#4729,#4730));
#503=EDGE_LOOP('',(#4731,#4732,#4733,#4734));
#504=EDGE_LOOP('',(#4735,#4736,#4737,#4738));
#505=EDGE_LOOP('',(#4739,#4740,#4741,#4742));
#506=EDGE_LOOP('',(#4743,#4744,#4745,#4746));
#507=EDGE_LOOP('',(#4747,#4748,#4749,#4750));
#508=EDGE_LOOP('',(#4751,#4752,#4753,#4754));
#509=EDGE_LOOP('',(#4755,#4756,#4757,#4758));
#510=EDGE_LOOP('',(#4759,#4760,#4761,#4762));
#511=EDGE_LOOP('',(#4763,#4764,#4765,#4766));
#512=EDGE_LOOP('',(#4767,#4768,#4769,#4770));
#513=EDGE_LOOP('',(#4771,#4772,#4773,#4774));
#514=EDGE_LOOP('',(#4775,#4776,#4777,#4778));
#515=EDGE_LOOP('',(#4779,#4780,#4781,#4782));
#516=EDGE_LOOP('',(#4783,#4784,#4785,#4786));
#517=EDGE_LOOP('',(#4787,#4788,#4789,#4790));
#518=EDGE_LOOP('',(#4791,#4792,#4793,#4794));
#519=EDGE_LOOP('',(#4795,#4796,#4797,#4798));
#520=EDGE_LOOP('',(#4799,#4800,#4801,#4802));
#521=EDGE_LOOP('',(#4803,#4804,#4805,#4806));
#522=EDGE_LOOP('',(#4807,#4808,#4809,#4810));
#523=EDGE_LOOP('',(#4811,#4812,#4813,#4814));
#524=EDGE_LOOP('',(#4815,#4816,#4817,#4818));
#525=EDGE_LOOP('',(#4819,#4820,#4821,#4822));
#526=EDGE_LOOP('',(#4823,#4824,#4825,#4826));
#527=EDGE_LOOP('',(#4827,#4828,#4829,#4830));
#528=EDGE_LOOP('',(#4831,#4832,#4833,#4834));
#529=EDGE_LOOP('',(#4835,#4836,#4837,#4838));
#530=EDGE_LOOP('',(#4839,#4840,#4841,#4842));
#531=EDGE_LOOP('',(#4843,#4844,#4845,#4846));
#532=EDGE_LOOP('',(#4847,#4848,#4849,#4850));
#533=EDGE_LOOP('',(#4851,#4852,#4853,#4854));
#534=EDGE_LOOP('',(#4855,#4856,#4857,#4858));
#535=EDGE_LOOP('',(#4859,#4860,#4861,#4862));
#536=EDGE_LOOP('',(#4863,#4864,#4865,#4866));
#537=EDGE_LOOP('',(#4867,#4868,#4869,#4870));
#538=EDGE_LOOP('',(#4871,#4872,#4873,#4874));
#539=EDGE_LOOP('',(#4875,#4876,#4877,#4878));
#540=EDGE_LOOP('',(#4879,#4880,#4881,#4882));
#541=EDGE_LOOP('',(#4883,#4884,#4885,#4886));
#542=EDGE_LOOP('',(#4887,#4888,#4889,#4890));
#543=EDGE_LOOP('',(#4891,#4892,#4893,#4894));
#544=EDGE_LOOP('',(#4895,#4896,#4897,#4898));
#545=EDGE_LOOP('',(#4899,#4900,#4901,#4902));
#546=EDGE_LOOP('',(#4903,#4904,#4905,#4906));
#547=EDGE_LOOP('',(#4907,#4908,#4909,#4910));
#548=EDGE_LOOP('',(#4911,#4912,#4913,#4914));
#549=EDGE_LOOP('',(#4915,#4916,#4917,#4918));
#550=EDGE_LOOP('',(#4919,#4920,#4921,#4922));
#551=EDGE_LOOP('',(#4923,#4924,#4925,#4926));
#552=EDGE_LOOP('',(#4927,#4928,#4929,#4930));
#553=EDGE_LOOP('',(#4931,#4932,#4933,#4934));
#554=EDGE_LOOP('',(#4935,#4936,#4937,#4938));
#555=EDGE_LOOP('',(#4939,#4940,#4941,#4942));
#556=EDGE_LOOP('',(#4943,#4944,#4945,#4946));
#557=EDGE_LOOP('',(#4947,#4948,#4949,#4950));
#558=EDGE_LOOP('',(#4951,#4952,#4953,#4954));
#559=EDGE_LOOP('',(#4955,#4956,#4957,#4958));
#560=EDGE_LOOP('',(#4959,#4960,#4961,#4962));
#561=EDGE_LOOP('',(#4963,#4964,#4965,#4966));
#562=EDGE_LOOP('',(#4967,#4968,#4969,#4970));
#563=EDGE_LOOP('',(#4971,#4972,#4973,#4974));
#564=EDGE_LOOP('',(#4975,#4976,#4977,#4978));
#565=EDGE_LOOP('',(#4979,#4980,#4981,#4982));
#566=EDGE_LOOP('',(#4983,#4984,#4985,#4986));
#567=EDGE_LOOP('',(#4987,#4988,#4989,#4990));
#568=EDGE_LOOP('',(#4991,#4992,#4993,#4994));
#569=EDGE_LOOP('',(#4995,#4996,#4997,#4998));
#570=EDGE_LOOP('',(#4999,#5000,#5001,#5002));
#571=EDGE_LOOP('',(#5003,#5004,#5005,#5006));
#572=EDGE_LOOP('',(#5007,#5008,#5009,#5010));
#573=EDGE_LOOP('',(#5011,#5012,#5013,#5014));
#574=EDGE_LOOP('',(#5015,#5016,#5017,#5018));
#575=EDGE_LOOP('',(#5019,#5020,#5021,#5022));
#576=EDGE_LOOP('',(#5023,#5024,#5025,#5026));
#577=EDGE_LOOP('',(#5027,#5028,#5029,#5030));
#578=EDGE_LOOP('',(#5031,#5032,#5033,#5034));
#579=EDGE_LOOP('',(#5035,#5036,#5037,#5038));
#580=EDGE_LOOP('',(#5039,#5040,#5041,#5042));
#581=EDGE_LOOP('',(#5043,#5044,#5045,#5046));
#582=EDGE_LOOP('',(#5047,#5048,#5049,#5050));
#583=EDGE_LOOP('',(#5051,#5052,#5053,#5054));
#584=EDGE_LOOP('',(#5055,#5056,#5057,#5058));
#585=EDGE_LOOP('',(#5059,#5060,#5061,#5062));
#586=EDGE_LOOP('',(#5063,#5064,#5065,#5066));
#587=EDGE_LOOP('',(#5067,#5068,#5069,#5070));
#588=EDGE_LOOP('',(#5071,#5072,#5073,#5074));
#589=EDGE_LOOP('',(#5075,#5076,#5077,#5078));
#590=EDGE_LOOP('',(#5079,#5080,#5081,#5082));
#591=EDGE_LOOP('',(#5083,#5084,#5085,#5086));
#592=EDGE_LOOP('',(#5087,#5088,#5089,#5090));
#593=EDGE_LOOP('',(#5091,#5092,#5093,#5094));
#594=EDGE_LOOP('',(#5095,#5096,#5097,#5098));
#595=EDGE_LOOP('',(#5099,#5100,#5101,#5102));
#596=EDGE_LOOP('',(#5103,#5104,#5105,#5106));
#597=EDGE_LOOP('',(#5107,#5108,#5109,#5110));
#598=EDGE_LOOP('',(#5111,#5112,#5113,#5114));
#599=EDGE_LOOP('',(#5115,#5116,#5117,#5118));
#600=EDGE_LOOP('',(#5119,#5120,#5121,#5122));
#601=EDGE_LOOP('',(#5123,#5124,#5125,#5126));
#602=EDGE_LOOP('',(#5127,#5128,#5129,#5130,#5131,#5132,#5133,#5134,#5135,
#5136,#5137,#5138,#5139,#5140,#5141,#5142,#5143,#5144,#5145,#5146,#5147,
#5148,#5149,#5150,#5151,#5152,#5153,#5154,#5155,#5156,#5157,#5158,#5159,
#5160,#5161,#5162,#5163,#5164,#5165,#5166,#5167,#5168,#5169,#5170,#5171,
#5172,#5173,#5174,#5175,#5176,#5177,#5178));
#603=EDGE_LOOP('',(#5179,#5180,#5181,#5182));
#604=EDGE_LOOP('',(#5183,#5184,#5185,#5186));
#605=EDGE_LOOP('',(#5187,#5188,#5189,#5190));
#606=EDGE_LOOP('',(#5191,#5192,#5193,#5194));
#607=EDGE_LOOP('',(#5195,#5196,#5197,#5198));
#608=EDGE_LOOP('',(#5199,#5200,#5201,#5202));
#609=EDGE_LOOP('',(#5203,#5204,#5205,#5206));
#610=EDGE_LOOP('',(#5207,#5208,#5209,#5210));
#611=EDGE_LOOP('',(#5211,#5212,#5213,#5214));
#612=EDGE_LOOP('',(#5215,#5216,#5217,#5218));
#613=EDGE_LOOP('',(#5219,#5220,#5221,#5222));
#614=EDGE_LOOP('',(#5223,#5224,#5225,#5226));
#615=EDGE_LOOP('',(#5227,#5228,#5229,#5230));
#616=EDGE_LOOP('',(#5231,#5232,#5233,#5234));
#617=EDGE_LOOP('',(#5235,#5236,#5237,#5238));
#618=EDGE_LOOP('',(#5239,#5240,#5241,#5242));
#619=EDGE_LOOP('',(#5243,#5244,#5245,#5246));
#620=EDGE_LOOP('',(#5247,#5248,#5249,#5250));
#621=EDGE_LOOP('',(#5251,#5252,#5253,#5254));
#622=EDGE_LOOP('',(#5255,#5256,#5257,#5258));
#623=EDGE_LOOP('',(#5259,#5260,#5261,#5262));
#624=EDGE_LOOP('',(#5263,#5264,#5265,#5266));
#625=EDGE_LOOP('',(#5267,#5268,#5269,#5270));
#626=EDGE_LOOP('',(#5271,#5272,#5273,#5274));
#627=EDGE_LOOP('',(#5275,#5276,#5277,#5278));
#628=EDGE_LOOP('',(#5279,#5280,#5281,#5282));
#629=EDGE_LOOP('',(#5283,#5284,#5285,#5286,#5287,#5288,#5289,#5290,#5291,
#5292,#5293,#5294,#5295,#5296,#5297,#5298,#5299,#5300,#5301,#5302,#5303,
#5304,#5305,#5306,#5307,#5308,#5309,#5310,#5311,#5312,#5313,#5314,#5315,
#5316,#5317,#5318,#5319,#5320,#5321,#5322,#5323,#5324,#5325,#5326,#5327,
#5328,#5329,#5330,#5331,#5332,#5333,#5334));
#630=EDGE_LOOP('',(#5335,#5336,#5337,#5338));
#631=EDGE_LOOP('',(#5339,#5340,#5341,#5342));
#632=EDGE_LOOP('',(#5343,#5344,#5345,#5346));
#633=EDGE_LOOP('',(#5347,#5348,#5349,#5350));
#634=EDGE_LOOP('',(#5351,#5352,#5353,#5354));
#635=EDGE_LOOP('',(#5355,#5356,#5357,#5358));
#636=EDGE_LOOP('',(#5359,#5360,#5361,#5362));
#637=EDGE_LOOP('',(#5363,#5364,#5365,#5366));
#638=EDGE_LOOP('',(#5367,#5368,#5369,#5370));
#639=EDGE_LOOP('',(#5371,#5372,#5373,#5374));
#640=EDGE_LOOP('',(#5375,#5376,#5377,#5378));
#641=EDGE_LOOP('',(#5379,#5380,#5381,#5382));
#642=EDGE_LOOP('',(#5383,#5384,#5385,#5386));
#643=EDGE_LOOP('',(#5387,#5388,#5389,#5390));
#644=EDGE_LOOP('',(#5391,#5392,#5393,#5394));
#645=EDGE_LOOP('',(#5395,#5396,#5397,#5398));
#646=EDGE_LOOP('',(#5399,#5400,#5401,#5402));
#647=EDGE_LOOP('',(#5403,#5404,#5405,#5406));
#648=EDGE_LOOP('',(#5407,#5408,#5409,#5410,#5411,#5412,#5413,#5414,#5415,
#5416,#5417,#5418,#5419,#5420,#5421,#5422,#5423,#5424,#5425,#5426,#5427,
#5428,#5429,#5430,#5431,#5432,#5433,#5434,#5435,#5436,#5437,#5438,#5439,
#5440,#5441,#5442,#5443,#5444,#5445,#5446,#5447,#5448,#5449,#5450,#5451,
#5452,#5453,#5454,#5455,#5456,#5457,#5458,#5459,#5460,#5461,#5462,#5463,
#5464,#5465,#5466,#5467,#5468,#5469,#5470,#5471,#5472,#5473,#5474,#5475,
#5476,#5477,#5478,#5479,#5480,#5481,#5482,#5483,#5484,#5485,#5486,#5487,
#5488,#5489,#5490,#5491,#5492,#5493,#5494,#5495,#5496,#5497,#5498,#5499,
#5500,#5501,#5502,#5503,#5504,#5505,#5506,#5507,#5508,#5509,#5510,#5511,
#5512,#5513,#5514,#5515,#5516,#5517,#5518,#5519,#5520,#5521,#5522,#5523,
#5524,#5525,#5526,#5527,#5528,#5529,#5530,#5531,#5532,#5533,#5534,#5535,
#5536,#5537,#5538));
#649=EDGE_LOOP('',(#5539,#5540,#5541,#5542,#5543,#5544,#5545,#5546,#5547,
#5548,#5549,#5550,#5551,#5552,#5553,#5554,#5555,#5556,#5557,#5558,#5559,
#5560,#5561,#5562,#5563,#5564,#5565,#5566,#5567,#5568,#5569,#5570,#5571,
#5572,#5573,#5574,#5575,#5576,#5577,#5578,#5579,#5580,#5581,#5582,#5583,
#5584,#5585,#5586,#5587,#5588,#5589,#5590,#5591,#5592,#5593,#5594,#5595,
#5596,#5597,#5598,#5599,#5600,#5601,#5602,#5603,#5604,#5605,#5606,#5607,
#5608,#5609,#5610,#5611,#5612,#5613,#5614,#5615,#5616,#5617,#5618,#5619,
#5620,#5621,#5622,#5623,#5624,#5625,#5626,#5627,#5628,#5629,#5630,#5631,
#5632,#5633,#5634,#5635,#5636,#5637,#5638,#5639,#5640,#5641,#5642,#5643,
#5644,#5645,#5646,#5647,#5648,#5649,#5650,#5651,#5652,#5653,#5654,#5655,
#5656,#5657,#5658,#5659,#5660,#5661,#5662,#5663,#5664,#5665,#5666,#5667,
#5668,#5669,#5670));
#650=EDGE_LOOP('',(#5671,#5672,#5673,#5674,#5675,#5676,#5677,#5678,#5679,
#5680,#5681,#5682,#5683,#5684,#5685,#5686,#5687,#5688,#5689,#5690,#5691,
#5692,#5693,#5694,#5695,#5696,#5697,#5698,#5699,#5700,#5701,#5702,#5703,
#5704,#5705,#5706,#5707,#5708,#5709,#5710,#5711,#5712,#5713,#5714,#5715,
#5716,#5717,#5718,#5719,#5720,#5721,#5722,#5723,#5724,#5725,#5726,#5727,
#5728,#5729,#5730,#5731,#5732,#5733,#5734,#5735,#5736,#5737,#5738,#5739,
#5740,#5741,#5742,#5743,#5744,#5745,#5746,#5747,#5748,#5749,#5750,#5751,
#5752,#5753,#5754,#5755,#5756,#5757,#5758,#5759,#5760,#5761,#5762,#5763,
#5764,#5765,#5766,#5767,#5768,#5769,#5770,#5771,#5772,#5773,#5774,#5775,
#5776,#5777,#5778,#5779,#5780,#5781,#5782,#5783,#5784,#5785,#5786,#5787,
#5788,#5789,#5790,#5791,#5792,#5793,#5794,#5795,#5796,#5797,#5798,#5799,
#5800,#5801,#5802));
#651=EDGE_LOOP('',(#5803,#5804,#5805,#5806,#5807,#5808,#5809,#5810,#5811,
#5812,#5813,#5814,#5815,#5816,#5817,#5818,#5819,#5820,#5821,#5822,#5823,
#5824,#5825,#5826,#5827,#5828,#5829,#5830,#5831,#5832,#5833,#5834,#5835,
#5836,#5837,#5838,#5839,#5840,#5841,#5842,#5843,#5844,#5845,#5846,#5847,
#5848,#5849,#5850,#5851,#5852,#5853,#5854,#5855,#5856,#5857,#5858,#5859,
#5860,#5861,#5862,#5863,#5864,#5865,#5866,#5867,#5868,#5869,#5870,#5871,
#5872,#5873,#5874,#5875,#5876,#5877,#5878,#5879,#5880,#5881,#5882,#5883,
#5884,#5885,#5886,#5887,#5888,#5889,#5890,#5891,#5892,#5893,#5894,#5895,
#5896,#5897,#5898,#5899,#5900,#5901,#5902,#5903,#5904,#5905,#5906,#5907,
#5908,#5909,#5910,#5911,#5912,#5913,#5914,#5915,#5916,#5917,#5918,#5919,
#5920,#5921,#5922,#5923,#5924,#5925,#5926,#5927,#5928,#5929,#5930,#5931,
#5932,#5933,#5934));
#652=EDGE_LOOP('',(#5935,#5936,#5937,#5938));
#653=EDGE_LOOP('',(#5939,#5940,#5941,#5942));
#654=EDGE_LOOP('',(#5943,#5944,#5945,#5946));
#655=EDGE_LOOP('',(#5947,#5948,#5949,#5950));
#656=EDGE_LOOP('',(#5951,#5952,#5953,#5954));
#657=EDGE_LOOP('',(#5955,#5956,#5957,#5958));
#658=EDGE_LOOP('',(#5959,#5960,#5961,#5962));
#659=LINE('',#8524,#1595);
#660=LINE('',#8526,#1596);
#661=LINE('',#8528,#1597);
#662=LINE('',#8529,#1598);
#663=LINE('',#8533,#1599);
#664=LINE('',#8535,#1600);
#665=LINE('',#8537,#1601);
#666=LINE('',#8538,#1602);
#667=LINE('',#8541,#1603);
#668=LINE('',#8543,#1604);
#669=LINE('',#8544,#1605);
#670=LINE('',#8547,#1606);
#671=LINE('',#8548,#1607);
#672=LINE('',#8552,#1608);
#673=LINE('',#8554,#1609);
#674=LINE('',#8556,#1610);
#675=LINE('',#8557,#1611);
#676=LINE('',#8561,#1612);
#677=LINE('',#8563,#1613);
#678=LINE('',#8565,#1614);
#679=LINE('',#8566,#1615);
#680=LINE('',#8569,#1616);
#681=LINE('',#8571,#1617);
#682=LINE('',#8572,#1618);
#683=LINE('',#8575,#1619);
#684=LINE('',#8577,#1620);
#685=LINE('',#8578,#1621);
#686=LINE('',#8581,#1622);
#687=LINE('',#8582,#1623);
#688=LINE('',#8585,#1624);
#689=LINE('',#8586,#1625);
#690=LINE('',#8590,#1626);
#691=LINE('',#8592,#1627);
#692=LINE('',#8594,#1628);
#693=LINE('',#8595,#1629);
#694=LINE('',#8599,#1630);
#695=LINE('',#8601,#1631);
#696=LINE('',#8603,#1632);
#697=LINE('',#8604,#1633);
#698=LINE('',#8607,#1634);
#699=LINE('',#8609,#1635);
#700=LINE('',#8610,#1636);
#701=LINE('',#8613,#1637);
#702=LINE('',#8615,#1638);
#703=LINE('',#8616,#1639);
#704=LINE('',#8619,#1640);
#705=LINE('',#8620,#1641);
#706=LINE('',#8623,#1642);
#707=LINE('',#8624,#1643);
#708=LINE('',#8628,#1644);
#709=LINE('',#8630,#1645);
#710=LINE('',#8632,#1646);
#711=LINE('',#8633,#1647);
#712=LINE('',#8637,#1648);
#713=LINE('',#8639,#1649);
#714=LINE('',#8641,#1650);
#715=LINE('',#8642,#1651);
#716=LINE('',#8645,#1652);
#717=LINE('',#8647,#1653);
#718=LINE('',#8648,#1654);
#719=LINE('',#8651,#1655);
#720=LINE('',#8652,#1656);
#721=LINE('',#8656,#1657);
#722=LINE('',#8658,#1658);
#723=LINE('',#8660,#1659);
#724=LINE('',#8661,#1660);
#725=LINE('',#8665,#1661);
#726=LINE('',#8667,#1662);
#727=LINE('',#8669,#1663);
#728=LINE('',#8670,#1664);
#729=LINE('',#8673,#1665);
#730=LINE('',#8675,#1666);
#731=LINE('',#8676,#1667);
#732=LINE('',#8679,#1668);
#733=LINE('',#8680,#1669);
#734=LINE('',#8684,#1670);
#735=LINE('',#8686,#1671);
#736=LINE('',#8688,#1672);
#737=LINE('',#8689,#1673);
#738=LINE('',#8692,#1674);
#739=LINE('',#8694,#1675);
#740=LINE('',#8695,#1676);
#741=LINE('',#8698,#1677);
#742=LINE('',#8699,#1678);
#743=LINE('',#8703,#1679);
#744=LINE('',#8705,#1680);
#745=LINE('',#8707,#1681);
#746=LINE('',#8708,#1682);
#747=LINE('',#8712,#1683);
#748=LINE('',#8714,#1684);
#749=LINE('',#8716,#1685);
#750=LINE('',#8717,#1686);
#751=LINE('',#8719,#1687);
#752=LINE('',#8720,#1688);
#753=LINE('',#8722,#1689);
#754=LINE('',#8726,#1690);
#755=LINE('',#8728,#1691);
#756=LINE('',#8730,#1692);
#757=LINE('',#8731,#1693);
#758=LINE('',#8735,#1694);
#759=LINE('',#8737,#1695);
#760=LINE('',#8739,#1696);
#761=LINE('',#8740,#1697);
#762=LINE('',#8742,#1698);
#763=LINE('',#8743,#1699);
#764=LINE('',#8745,#1700);
#765=LINE('',#8748,#1701);
#766=LINE('',#8749,#1702);
#767=LINE('',#8753,#1703);
#768=LINE('',#8755,#1704);
#769=LINE('',#8757,#1705);
#770=LINE('',#8758,#1706);
#771=LINE('',#8761,#1707);
#772=LINE('',#8762,#1708);
#773=LINE('',#8766,#1709);
#774=LINE('',#8768,#1710);
#775=LINE('',#8770,#1711);
#776=LINE('',#8771,#1712);
#777=LINE('',#8775,#1713);
#778=LINE('',#8777,#1714);
#779=LINE('',#8779,#1715);
#780=LINE('',#8780,#1716);
#781=LINE('',#8783,#1717);
#782=LINE('',#8784,#1718);
#783=LINE('',#8787,#1719);
#784=LINE('',#8789,#1720);
#785=LINE('',#8790,#1721);
#786=LINE('',#8793,#1722);
#787=LINE('',#8794,#1723);
#788=LINE('',#8798,#1724);
#789=LINE('',#8800,#1725);
#790=LINE('',#8802,#1726);
#791=LINE('',#8803,#1727);
#792=LINE('',#8806,#1728);
#793=LINE('',#8807,#1729);
#794=LINE('',#8810,#1730);
#795=LINE('',#8812,#1731);
#796=LINE('',#8813,#1732);
#797=LINE('',#8816,#1733);
#798=LINE('',#8817,#1734);
#799=LINE('',#8820,#1735);
#800=LINE('',#8821,#1736);
#801=LINE('',#8825,#1737);
#802=LINE('',#8827,#1738);
#803=LINE('',#8829,#1739);
#804=LINE('',#8830,#1740);
#805=LINE('',#8833,#1741);
#806=LINE('',#8834,#1742);
#807=LINE('',#8837,#1743);
#808=LINE('',#8839,#1744);
#809=LINE('',#8840,#1745);
#810=LINE('',#8843,#1746);
#811=LINE('',#8844,#1747);
#812=LINE('',#8848,#1748);
#813=LINE('',#8850,#1749);
#814=LINE('',#8852,#1750);
#815=LINE('',#8853,#1751);
#816=LINE('',#8856,#1752);
#817=LINE('',#8857,#1753);
#818=LINE('',#8860,#1754);
#819=LINE('',#8862,#1755);
#820=LINE('',#8863,#1756);
#821=LINE('',#8866,#1757);
#822=LINE('',#8867,#1758);
#823=LINE('',#8870,#1759);
#824=LINE('',#8871,#1760);
#825=LINE('',#8874,#1761);
#826=LINE('',#8875,#1762);
#827=LINE('',#8879,#1763);
#828=LINE('',#8881,#1764);
#829=LINE('',#8883,#1765);
#830=LINE('',#8884,#1766);
#831=LINE('',#8887,#1767);
#832=LINE('',#8888,#1768);
#833=LINE('',#8890,#1769);
#834=LINE('',#8891,#1770);
#835=LINE('',#8893,#1771);
#836=LINE('',#8897,#1772);
#837=LINE('',#8899,#1773);
#838=LINE('',#8901,#1774);
#839=LINE('',#8902,#1775);
#840=LINE('',#8906,#1776);
#841=LINE('',#8908,#1777);
#842=LINE('',#8910,#1778);
#843=LINE('',#8911,#1779);
#844=LINE('',#8913,#1780);
#845=LINE('',#8914,#1781);
#846=LINE('',#8916,#1782);
#847=LINE('',#8920,#1783);
#848=LINE('',#8922,#1784);
#849=LINE('',#8924,#1785);
#850=LINE('',#8925,#1786);
#851=LINE('',#8928,#1787);
#852=LINE('',#8929,#1788);
#853=LINE('',#8931,#1789);
#854=LINE('',#8932,#1790);
#855=LINE('',#8935,#1791);
#856=LINE('',#8937,#1792);
#857=LINE('',#8938,#1793);
#858=LINE('',#8940,#1794);
#859=LINE('',#8943,#1795);
#860=LINE('',#8944,#1796);
#861=LINE('',#8947,#1797);
#862=LINE('',#8948,#1798);
#863=LINE('',#8951,#1799);
#864=LINE('',#8952,#1800);
#865=LINE('',#8956,#1801);
#866=LINE('',#8958,#1802);
#867=LINE('',#8960,#1803);
#868=LINE('',#8961,#1804);
#869=LINE('',#8964,#1805);
#870=LINE('',#8966,#1806);
#871=LINE('',#8967,#1807);
#872=LINE('',#8971,#1808);
#873=LINE('',#8973,#1809);
#874=LINE('',#8975,#1810);
#875=LINE('',#8976,#1811);
#876=LINE('',#8980,#1812);
#877=LINE('',#8982,#1813);
#878=LINE('',#8984,#1814);
#879=LINE('',#8985,#1815);
#880=LINE('',#8988,#1816);
#881=LINE('',#8990,#1817);
#882=LINE('',#8991,#1818);
#883=LINE('',#8994,#1819);
#884=LINE('',#8995,#1820);
#885=LINE('',#8999,#1821);
#886=LINE('',#9001,#1822);
#887=LINE('',#9003,#1823);
#888=LINE('',#9004,#1824);
#889=LINE('',#9008,#1825);
#890=LINE('',#9010,#1826);
#891=LINE('',#9012,#1827);
#892=LINE('',#9013,#1828);
#893=LINE('',#9016,#1829);
#894=LINE('',#9018,#1830);
#895=LINE('',#9019,#1831);
#896=LINE('',#9022,#1832);
#897=LINE('',#9024,#1833);
#898=LINE('',#9025,#1834);
#899=LINE('',#9028,#1835);
#900=LINE('',#9029,#1836);
#901=LINE('',#9032,#1837);
#902=LINE('',#9033,#1838);
#903=LINE('',#9037,#1839);
#904=LINE('',#9039,#1840);
#905=LINE('',#9041,#1841);
#906=LINE('',#9042,#1842);
#907=LINE('',#9046,#1843);
#908=LINE('',#9048,#1844);
#909=LINE('',#9050,#1845);
#910=LINE('',#9051,#1846);
#911=LINE('',#9054,#1847);
#912=LINE('',#9056,#1848);
#913=LINE('',#9057,#1849);
#914=LINE('',#9060,#1850);
#915=LINE('',#9062,#1851);
#916=LINE('',#9063,#1852);
#917=LINE('',#9066,#1853);
#918=LINE('',#9067,#1854);
#919=LINE('',#9070,#1855);
#920=LINE('',#9071,#1856);
#921=LINE('',#9075,#1857);
#922=LINE('',#9077,#1858);
#923=LINE('',#9079,#1859);
#924=LINE('',#9080,#1860);
#925=LINE('',#9084,#1861);
#926=LINE('',#9086,#1862);
#927=LINE('',#9088,#1863);
#928=LINE('',#9089,#1864);
#929=LINE('',#9092,#1865);
#930=LINE('',#9094,#1866);
#931=LINE('',#9095,#1867);
#932=LINE('',#9098,#1868);
#933=LINE('',#9100,#1869);
#934=LINE('',#9101,#1870);
#935=LINE('',#9104,#1871);
#936=LINE('',#9105,#1872);
#937=LINE('',#9108,#1873);
#938=LINE('',#9109,#1874);
#939=LINE('',#9113,#1875);
#940=LINE('',#9115,#1876);
#941=LINE('',#9117,#1877);
#942=LINE('',#9118,#1878);
#943=LINE('',#9121,#1879);
#944=LINE('',#9123,#1880);
#945=LINE('',#9124,#1881);
#946=LINE('',#9127,#1882);
#947=LINE('',#9128,#1883);
#948=LINE('',#9132,#1884);
#949=LINE('',#9134,#1885);
#950=LINE('',#9136,#1886);
#951=LINE('',#9137,#1887);
#952=LINE('',#9140,#1888);
#953=LINE('',#9141,#1889);
#954=LINE('',#9145,#1890);
#955=LINE('',#9147,#1891);
#956=LINE('',#9149,#1892);
#957=LINE('',#9150,#1893);
#958=LINE('',#9153,#1894);
#959=LINE('',#9154,#1895);
#960=LINE('',#9158,#1896);
#961=LINE('',#9160,#1897);
#962=LINE('',#9162,#1898);
#963=LINE('',#9163,#1899);
#964=LINE('',#9167,#1900);
#965=LINE('',#9169,#1901);
#966=LINE('',#9171,#1902);
#967=LINE('',#9172,#1903);
#968=LINE('',#9176,#1904);
#969=LINE('',#9178,#1905);
#970=LINE('',#9180,#1906);
#971=LINE('',#9181,#1907);
#972=LINE('',#9184,#1908);
#973=LINE('',#9186,#1909);
#974=LINE('',#9187,#1910);
#975=LINE('',#9190,#1911);
#976=LINE('',#9191,#1912);
#977=LINE('',#9195,#1913);
#978=LINE('',#9197,#1914);
#979=LINE('',#9199,#1915);
#980=LINE('',#9200,#1916);
#981=LINE('',#9203,#1917);
#982=LINE('',#9205,#1918);
#983=LINE('',#9206,#1919);
#984=LINE('',#9209,#1920);
#985=LINE('',#9211,#1921);
#986=LINE('',#9212,#1922);
#987=LINE('',#9215,#1923);
#988=LINE('',#9216,#1924);
#989=LINE('',#9220,#1925);
#990=LINE('',#9222,#1926);
#991=LINE('',#9224,#1927);
#992=LINE('',#9225,#1928);
#993=LINE('',#9228,#1929);
#994=LINE('',#9229,#1930);
#995=LINE('',#9232,#1931);
#996=LINE('',#9234,#1932);
#997=LINE('',#9235,#1933);
#998=LINE('',#9238,#1934);
#999=LINE('',#9239,#1935);
#1000=LINE('',#9243,#1936);
#1001=LINE('',#9245,#1937);
#1002=LINE('',#9247,#1938);
#1003=LINE('',#9248,#1939);
#1004=LINE('',#9251,#1940);
#1005=LINE('',#9252,#1941);
#1006=LINE('',#9255,#1942);
#1007=LINE('',#9257,#1943);
#1008=LINE('',#9258,#1944);
#1009=LINE('',#9261,#1945);
#1010=LINE('',#9263,#1946);
#1011=LINE('',#9264,#1947);
#1012=LINE('',#9267,#1948);
#1013=LINE('',#9268,#1949);
#1014=LINE('',#9271,#1950);
#1015=LINE('',#9272,#1951);
#1016=LINE('',#9276,#1952);
#1017=LINE('',#9278,#1953);
#1018=LINE('',#9280,#1954);
#1019=LINE('',#9281,#1955);
#1020=LINE('',#9284,#1956);
#1021=LINE('',#9285,#1957);
#1022=LINE('',#9288,#1958);
#1023=LINE('',#9290,#1959);
#1024=LINE('',#9291,#1960);
#1025=LINE('',#9294,#1961);
#1026=LINE('',#9295,#1962);
#1027=LINE('',#9299,#1963);
#1028=LINE('',#9301,#1964);
#1029=LINE('',#9303,#1965);
#1030=LINE('',#9304,#1966);
#1031=LINE('',#9307,#1967);
#1032=LINE('',#9308,#1968);
#1033=LINE('',#9311,#1969);
#1034=LINE('',#9313,#1970);
#1035=LINE('',#9314,#1971);
#1036=LINE('',#9317,#1972);
#1037=LINE('',#9318,#1973);
#1038=LINE('',#9322,#1974);
#1039=LINE('',#9323,#1975);
#1040=LINE('',#9324,#1976);
#1041=LINE('',#9327,#1977);
#1042=LINE('',#9328,#1978);
#1043=LINE('',#9330,#1979);
#1044=LINE('',#9334,#1980);
#1045=LINE('',#9336,#1981);
#1046=LINE('',#9338,#1982);
#1047=LINE('',#9339,#1983);
#1048=LINE('',#9342,#1984);
#1049=LINE('',#9343,#1985);
#1050=LINE('',#9345,#1986);
#1051=LINE('',#9346,#1987);
#1052=LINE('',#9349,#1988);
#1053=LINE('',#9351,#1989);
#1054=LINE('',#9352,#1990);
#1055=LINE('',#9354,#1991);
#1056=LINE('',#9357,#1992);
#1057=LINE('',#9358,#1993);
#1058=LINE('',#9361,#1994);
#1059=LINE('',#9362,#1995);
#1060=LINE('',#9366,#1996);
#1061=LINE('',#9368,#1997);
#1062=LINE('',#9370,#1998);
#1063=LINE('',#9371,#1999);
#1064=LINE('',#9374,#2000);
#1065=LINE('',#9375,#2001);
#1066=LINE('',#9378,#2002);
#1067=LINE('',#9379,#2003);
#1068=LINE('',#9382,#2004);
#1069=LINE('',#9383,#2005);
#1070=LINE('',#9386,#2006);
#1071=LINE('',#9387,#2007);
#1072=LINE('',#9389,#2008);
#1073=LINE('',#9393,#2009);
#1074=LINE('',#9395,#2010);
#1075=LINE('',#9397,#2011);
#1076=LINE('',#9398,#2012);
#1077=LINE('',#9401,#2013);
#1078=LINE('',#9403,#2014);
#1079=LINE('',#9404,#2015);
#1080=LINE('',#9408,#2016);
#1081=LINE('',#9410,#2017);
#1082=LINE('',#9412,#2018);
#1083=LINE('',#9413,#2019);
#1084=LINE('',#9417,#2020);
#1085=LINE('',#9419,#2021);
#1086=LINE('',#9421,#2022);
#1087=LINE('',#9422,#2023);
#1088=LINE('',#9426,#2024);
#1089=LINE('',#9428,#2025);
#1090=LINE('',#9430,#2026);
#1091=LINE('',#9431,#2027);
#1092=LINE('',#9435,#2028);
#1093=LINE('',#9437,#2029);
#1094=LINE('',#9439,#2030);
#1095=LINE('',#9440,#2031);
#1096=LINE('',#9444,#2032);
#1097=LINE('',#9446,#2033);
#1098=LINE('',#9448,#2034);
#1099=LINE('',#9449,#2035);
#1100=LINE('',#9453,#2036);
#1101=LINE('',#9455,#2037);
#1102=LINE('',#9457,#2038);
#1103=LINE('',#9458,#2039);
#1104=LINE('',#9461,#2040);
#1105=LINE('',#9463,#2041);
#1106=LINE('',#9464,#2042);
#1107=LINE('',#9468,#2043);
#1108=LINE('',#9470,#2044);
#1109=LINE('',#9472,#2045);
#1110=LINE('',#9473,#2046);
#1111=LINE('',#9477,#2047);
#1112=LINE('',#9479,#2048);
#1113=LINE('',#9481,#2049);
#1114=LINE('',#9482,#2050);
#1115=LINE('',#9486,#2051);
#1116=LINE('',#9488,#2052);
#1117=LINE('',#9490,#2053);
#1118=LINE('',#9491,#2054);
#1119=LINE('',#9495,#2055);
#1120=LINE('',#9497,#2056);
#1121=LINE('',#9499,#2057);
#1122=LINE('',#9500,#2058);
#1123=LINE('',#9504,#2059);
#1124=LINE('',#9506,#2060);
#1125=LINE('',#9508,#2061);
#1126=LINE('',#9509,#2062);
#1127=LINE('',#9513,#2063);
#1128=LINE('',#9515,#2064);
#1129=LINE('',#9517,#2065);
#1130=LINE('',#9518,#2066);
#1131=LINE('',#9521,#2067);
#1132=LINE('',#9523,#2068);
#1133=LINE('',#9524,#2069);
#1134=LINE('',#9527,#2070);
#1135=LINE('',#9529,#2071);
#1136=LINE('',#9530,#2072);
#1137=LINE('',#9533,#2073);
#1138=LINE('',#9535,#2074);
#1139=LINE('',#9536,#2075);
#1140=LINE('',#9539,#2076);
#1141=LINE('',#9541,#2077);
#1142=LINE('',#9542,#2078);
#1143=LINE('',#9545,#2079);
#1144=LINE('',#9547,#2080);
#1145=LINE('',#9548,#2081);
#1146=LINE('',#9551,#2082);
#1147=LINE('',#9553,#2083);
#1148=LINE('',#9554,#2084);
#1149=LINE('',#9557,#2085);
#1150=LINE('',#9559,#2086);
#1151=LINE('',#9560,#2087);
#1152=LINE('',#9563,#2088);
#1153=LINE('',#9565,#2089);
#1154=LINE('',#9566,#2090);
#1155=LINE('',#9569,#2091);
#1156=LINE('',#9571,#2092);
#1157=LINE('',#9572,#2093);
#1158=LINE('',#9575,#2094);
#1159=LINE('',#9577,#2095);
#1160=LINE('',#9578,#2096);
#1161=LINE('',#9581,#2097);
#1162=LINE('',#9583,#2098);
#1163=LINE('',#9584,#2099);
#1164=LINE('',#9587,#2100);
#1165=LINE('',#9589,#2101);
#1166=LINE('',#9590,#2102);
#1167=LINE('',#9593,#2103);
#1168=LINE('',#9595,#2104);
#1169=LINE('',#9596,#2105);
#1170=LINE('',#9599,#2106);
#1171=LINE('',#9601,#2107);
#1172=LINE('',#9602,#2108);
#1173=LINE('',#9605,#2109);
#1174=LINE('',#9607,#2110);
#1175=LINE('',#9608,#2111);
#1176=LINE('',#9612,#2112);
#1177=LINE('',#9614,#2113);
#1178=LINE('',#9616,#2114);
#1179=LINE('',#9617,#2115);
#1180=LINE('',#9621,#2116);
#1181=LINE('',#9623,#2117);
#1182=LINE('',#9625,#2118);
#1183=LINE('',#9626,#2119);
#1184=LINE('',#9628,#2120);
#1185=LINE('',#9629,#2121);
#1186=LINE('',#9632,#2122);
#1187=LINE('',#9634,#2123);
#1188=LINE('',#9635,#2124);
#1189=LINE('',#9639,#2125);
#1190=LINE('',#9641,#2126);
#1191=LINE('',#9643,#2127);
#1192=LINE('',#9644,#2128);
#1193=LINE('',#9648,#2129);
#1194=LINE('',#9650,#2130);
#1195=LINE('',#9652,#2131);
#1196=LINE('',#9653,#2132);
#1197=LINE('',#9655,#2133);
#1198=LINE('',#9656,#2134);
#1199=LINE('',#9659,#2135);
#1200=LINE('',#9661,#2136);
#1201=LINE('',#9662,#2137);
#1202=LINE('',#9666,#2138);
#1203=LINE('',#9668,#2139);
#1204=LINE('',#9670,#2140);
#1205=LINE('',#9671,#2141);
#1206=LINE('',#9674,#2142);
#1207=LINE('',#9676,#2143);
#1208=LINE('',#9677,#2144);
#1209=LINE('',#9681,#2145);
#1210=LINE('',#9683,#2146);
#1211=LINE('',#9685,#2147);
#1212=LINE('',#9686,#2148);
#1213=LINE('',#9690,#2149);
#1214=LINE('',#9692,#2150);
#1215=LINE('',#9694,#2151);
#1216=LINE('',#9695,#2152);
#1217=LINE('',#9699,#2153);
#1218=LINE('',#9701,#2154);
#1219=LINE('',#9703,#2155);
#1220=LINE('',#9704,#2156);
#1221=LINE('',#9708,#2157);
#1222=LINE('',#9710,#2158);
#1223=LINE('',#9712,#2159);
#1224=LINE('',#9713,#2160);
#1225=LINE('',#9717,#2161);
#1226=LINE('',#9719,#2162);
#1227=LINE('',#9721,#2163);
#1228=LINE('',#9722,#2164);
#1229=LINE('',#9726,#2165);
#1230=LINE('',#9728,#2166);
#1231=LINE('',#9730,#2167);
#1232=LINE('',#9731,#2168);
#1233=LINE('',#9733,#2169);
#1234=LINE('',#9734,#2170);
#1235=LINE('',#9738,#2171);
#1236=LINE('',#9740,#2172);
#1237=LINE('',#9742,#2173);
#1238=LINE('',#9743,#2174);
#1239=LINE('',#9747,#2175);
#1240=LINE('',#9749,#2176);
#1241=LINE('',#9751,#2177);
#1242=LINE('',#9752,#2178);
#1243=LINE('',#9756,#2179);
#1244=LINE('',#9758,#2180);
#1245=LINE('',#9760,#2181);
#1246=LINE('',#9761,#2182);
#1247=LINE('',#9765,#2183);
#1248=LINE('',#9767,#2184);
#1249=LINE('',#9769,#2185);
#1250=LINE('',#9770,#2186);
#1251=LINE('',#9774,#2187);
#1252=LINE('',#9776,#2188);
#1253=LINE('',#9778,#2189);
#1254=LINE('',#9779,#2190);
#1255=LINE('',#9783,#2191);
#1256=LINE('',#9785,#2192);
#1257=LINE('',#9787,#2193);
#1258=LINE('',#9788,#2194);
#1259=LINE('',#9791,#2195);
#1260=LINE('',#9793,#2196);
#1261=LINE('',#9794,#2197);
#1262=LINE('',#9797,#2198);
#1263=LINE('',#9799,#2199);
#1264=LINE('',#9800,#2200);
#1265=LINE('',#9803,#2201);
#1266=LINE('',#9805,#2202);
#1267=LINE('',#9806,#2203);
#1268=LINE('',#9809,#2204);
#1269=LINE('',#9811,#2205);
#1270=LINE('',#9812,#2206);
#1271=LINE('',#9815,#2207);
#1272=LINE('',#9817,#2208);
#1273=LINE('',#9818,#2209);
#1274=LINE('',#9821,#2210);
#1275=LINE('',#9823,#2211);
#1276=LINE('',#9824,#2212);
#1277=LINE('',#9827,#2213);
#1278=LINE('',#9829,#2214);
#1279=LINE('',#9830,#2215);
#1280=LINE('',#9833,#2216);
#1281=LINE('',#9834,#2217);
#1282=LINE('',#9837,#2218);
#1283=LINE('',#9839,#2219);
#1284=LINE('',#9840,#2220);
#1285=LINE('',#9843,#2221);
#1286=LINE('',#9845,#2222);
#1287=LINE('',#9846,#2223);
#1288=LINE('',#9849,#2224);
#1289=LINE('',#9851,#2225);
#1290=LINE('',#9852,#2226);
#1291=LINE('',#9855,#2227);
#1292=LINE('',#9857,#2228);
#1293=LINE('',#9858,#2229);
#1294=LINE('',#9861,#2230);
#1295=LINE('',#9863,#2231);
#1296=LINE('',#9864,#2232);
#1297=LINE('',#9867,#2233);
#1298=LINE('',#9869,#2234);
#1299=LINE('',#9870,#2235);
#1300=LINE('',#9873,#2236);
#1301=LINE('',#9875,#2237);
#1302=LINE('',#9876,#2238);
#1303=LINE('',#9880,#2239);
#1304=LINE('',#9882,#2240);
#1305=LINE('',#9884,#2241);
#1306=LINE('',#9885,#2242);
#1307=LINE('',#9889,#2243);
#1308=LINE('',#9891,#2244);
#1309=LINE('',#9893,#2245);
#1310=LINE('',#9894,#2246);
#1311=LINE('',#9896,#2247);
#1312=LINE('',#9897,#2248);
#1313=LINE('',#9899,#2249);
#1314=LINE('',#9900,#2250);
#1315=LINE('',#9904,#2251);
#1316=LINE('',#9906,#2252);
#1317=LINE('',#9908,#2253);
#1318=LINE('',#9909,#2254);
#1319=LINE('',#9913,#2255);
#1320=LINE('',#9915,#2256);
#1321=LINE('',#9917,#2257);
#1322=LINE('',#9918,#2258);
#1323=LINE('',#9920,#2259);
#1324=LINE('',#9921,#2260);
#1325=LINE('',#9923,#2261);
#1326=LINE('',#9924,#2262);
#1327=LINE('',#9928,#2263);
#1328=LINE('',#9930,#2264);
#1329=LINE('',#9932,#2265);
#1330=LINE('',#9933,#2266);
#1331=LINE('',#9936,#2267);
#1332=LINE('',#9938,#2268);
#1333=LINE('',#9939,#2269);
#1334=LINE('',#9941,#2270);
#1335=LINE('',#9942,#2271);
#1336=LINE('',#9945,#2272);
#1337=LINE('',#9947,#2273);
#1338=LINE('',#9948,#2274);
#1339=LINE('',#9952,#2275);
#1340=LINE('',#9954,#2276);
#1341=LINE('',#9956,#2277);
#1342=LINE('',#9957,#2278);
#1343=LINE('',#9959,#2279);
#1344=LINE('',#9960,#2280);
#1345=LINE('',#9963,#2281);
#1346=LINE('',#9965,#2282);
#1347=LINE('',#9966,#2283);
#1348=LINE('',#9969,#2284);
#1349=LINE('',#9971,#2285);
#1350=LINE('',#9972,#2286);
#1351=LINE('',#9976,#2287);
#1352=LINE('',#9978,#2288);
#1353=LINE('',#9980,#2289);
#1354=LINE('',#9981,#2290);
#1355=LINE('',#9983,#2291);
#1356=LINE('',#9984,#2292);
#1357=LINE('',#9987,#2293);
#1358=LINE('',#9989,#2294);
#1359=LINE('',#9990,#2295);
#1360=LINE('',#9993,#2296);
#1361=LINE('',#9995,#2297);
#1362=LINE('',#9996,#2298);
#1363=LINE('',#10000,#2299);
#1364=LINE('',#10002,#2300);
#1365=LINE('',#10004,#2301);
#1366=LINE('',#10005,#2302);
#1367=LINE('',#10007,#2303);
#1368=LINE('',#10008,#2304);
#1369=LINE('',#10011,#2305);
#1370=LINE('',#10013,#2306);
#1371=LINE('',#10014,#2307);
#1372=LINE('',#10017,#2308);
#1373=LINE('',#10019,#2309);
#1374=LINE('',#10020,#2310);
#1375=LINE('',#10024,#2311);
#1376=LINE('',#10026,#2312);
#1377=LINE('',#10028,#2313);
#1378=LINE('',#10029,#2314);
#1379=LINE('',#10031,#2315);
#1380=LINE('',#10032,#2316);
#1381=LINE('',#10034,#2317);
#1382=LINE('',#10035,#2318);
#1383=LINE('',#10038,#2319);
#1384=LINE('',#10040,#2320);
#1385=LINE('',#10041,#2321);
#1386=LINE('',#10045,#2322);
#1387=LINE('',#10047,#2323);
#1388=LINE('',#10049,#2324);
#1389=LINE('',#10050,#2325);
#1390=LINE('',#10052,#2326);
#1391=LINE('',#10053,#2327);
#1392=LINE('',#10055,#2328);
#1393=LINE('',#10056,#2329);
#1394=LINE('',#10059,#2330);
#1395=LINE('',#10061,#2331);
#1396=LINE('',#10062,#2332);
#1397=LINE('',#10066,#2333);
#1398=LINE('',#10068,#2334);
#1399=LINE('',#10070,#2335);
#1400=LINE('',#10071,#2336);
#1401=LINE('',#10073,#2337);
#1402=LINE('',#10074,#2338);
#1403=LINE('',#10076,#2339);
#1404=LINE('',#10077,#2340);
#1405=LINE('',#10080,#2341);
#1406=LINE('',#10081,#2342);
#1407=LINE('',#10083,#2343);
#1408=LINE('',#10086,#2344);
#1409=LINE('',#10087,#2345);
#1410=LINE('',#10090,#2346);
#1411=LINE('',#10091,#2347);
#1412=LINE('',#10094,#2348);
#1413=LINE('',#10095,#2349);
#1414=LINE('',#10098,#2350);
#1415=LINE('',#10099,#2351);
#1416=LINE('',#10101,#2352);
#1417=LINE('',#10104,#2353);
#1418=LINE('',#10105,#2354);
#1419=LINE('',#10109,#2355);
#1420=LINE('',#10110,#2356);
#1421=LINE('',#10111,#2357);
#1422=LINE('',#10113,#2358);
#1423=LINE('',#10115,#2359);
#1424=LINE('',#10116,#2360);
#1425=LINE('',#10118,#2361);
#1426=LINE('',#10120,#2362);
#1427=LINE('',#10121,#2363);
#1428=LINE('',#10123,#2364);
#1429=LINE('',#10125,#2365);
#1430=LINE('',#10126,#2366);
#1431=LINE('',#10127,#2367);
#1432=LINE('',#10129,#2368);
#1433=LINE('',#10131,#2369);
#1434=LINE('',#10132,#2370);
#1435=LINE('',#10134,#2371);
#1436=LINE('',#10136,#2372);
#1437=LINE('',#10137,#2373);
#1438=LINE('',#10139,#2374);
#1439=LINE('',#10141,#2375);
#1440=LINE('',#10142,#2376);
#1441=LINE('',#10144,#2377);
#1442=LINE('',#10145,#2378);
#1443=LINE('',#10147,#2379);
#1444=LINE('',#10148,#2380);
#1445=LINE('',#10150,#2381);
#1446=LINE('',#10152,#2382);
#1447=LINE('',#10153,#2383);
#1448=LINE('',#10155,#2384);
#1449=LINE('',#10157,#2385);
#1450=LINE('',#10158,#2386);
#1451=LINE('',#10159,#2387);
#1452=LINE('',#10161,#2388);
#1453=LINE('',#10163,#2389);
#1454=LINE('',#10165,#2390);
#1455=LINE('',#10167,#2391);
#1456=LINE('',#10169,#2392);
#1457=LINE('',#10171,#2393);
#1458=LINE('',#10173,#2394);
#1459=LINE('',#10175,#2395);
#1460=LINE('',#10177,#2396);
#1461=LINE('',#10179,#2397);
#1462=LINE('',#10181,#2398);
#1463=LINE('',#10183,#2399);
#1464=LINE('',#10185,#2400);
#1465=LINE('',#10187,#2401);
#1466=LINE('',#10189,#2402);
#1467=LINE('',#10191,#2403);
#1468=LINE('',#10193,#2404);
#1469=LINE('',#10195,#2405);
#1470=LINE('',#10198,#2406);
#1471=LINE('',#10199,#2407);
#1472=LINE('',#10201,#2408);
#1473=LINE('',#10204,#2409);
#1474=LINE('',#10205,#2410);
#1475=LINE('',#10208,#2411);
#1476=LINE('',#10209,#2412);
#1477=LINE('',#10212,#2413);
#1478=LINE('',#10213,#2414);
#1479=LINE('',#10216,#2415);
#1480=LINE('',#10217,#2416);
#1481=LINE('',#10219,#2417);
#1482=LINE('',#10222,#2418);
#1483=LINE('',#10223,#2419);
#1484=LINE('',#10227,#2420);
#1485=LINE('',#10228,#2421);
#1486=LINE('',#10229,#2422);
#1487=LINE('',#10231,#2423);
#1488=LINE('',#10233,#2424);
#1489=LINE('',#10234,#2425);
#1490=LINE('',#10236,#2426);
#1491=LINE('',#10238,#2427);
#1492=LINE('',#10239,#2428);
#1493=LINE('',#10241,#2429);
#1494=LINE('',#10243,#2430);
#1495=LINE('',#10244,#2431);
#1496=LINE('',#10245,#2432);
#1497=LINE('',#10247,#2433);
#1498=LINE('',#10249,#2434);
#1499=LINE('',#10250,#2435);
#1500=LINE('',#10252,#2436);
#1501=LINE('',#10254,#2437);
#1502=LINE('',#10255,#2438);
#1503=LINE('',#10257,#2439);
#1504=LINE('',#10259,#2440);
#1505=LINE('',#10260,#2441);
#1506=LINE('',#10262,#2442);
#1507=LINE('',#10263,#2443);
#1508=LINE('',#10265,#2444);
#1509=LINE('',#10266,#2445);
#1510=LINE('',#10268,#2446);
#1511=LINE('',#10270,#2447);
#1512=LINE('',#10271,#2448);
#1513=LINE('',#10273,#2449);
#1514=LINE('',#10275,#2450);
#1515=LINE('',#10276,#2451);
#1516=LINE('',#10277,#2452);
#1517=LINE('',#10279,#2453);
#1518=LINE('',#10281,#2454);
#1519=LINE('',#10283,#2455);
#1520=LINE('',#10285,#2456);
#1521=LINE('',#10287,#2457);
#1522=LINE('',#10289,#2458);
#1523=LINE('',#10291,#2459);
#1524=LINE('',#10293,#2460);
#1525=LINE('',#10295,#2461);
#1526=LINE('',#10297,#2462);
#1527=LINE('',#10299,#2463);
#1528=LINE('',#10301,#2464);
#1529=LINE('',#10303,#2465);
#1530=LINE('',#10305,#2466);
#1531=LINE('',#10307,#2467);
#1532=LINE('',#10309,#2468);
#1533=LINE('',#10311,#2469);
#1534=LINE('',#10313,#2470);
#1535=LINE('',#10317,#2471);
#1536=LINE('',#10318,#2472);
#1537=LINE('',#10319,#2473);
#1538=LINE('',#10320,#2474);
#1539=LINE('',#10321,#2475);
#1540=LINE('',#10322,#2476);
#1541=LINE('',#10323,#2477);
#1542=LINE('',#10324,#2478);
#1543=LINE('',#10325,#2479);
#1544=LINE('',#10326,#2480);
#1545=LINE('',#10327,#2481);
#1546=LINE('',#10328,#2482);
#1547=LINE('',#10329,#2483);
#1548=LINE('',#10330,#2484);
#1549=LINE('',#10331,#2485);
#1550=LINE('',#10332,#2486);
#1551=LINE('',#10333,#2487);
#1552=LINE('',#10334,#2488);
#1553=LINE('',#10335,#2489);
#1554=LINE('',#10336,#2490);
#1555=LINE('',#10337,#2491);
#1556=LINE('',#10338,#2492);
#1557=LINE('',#10339,#2493);
#1558=LINE('',#10342,#2494);
#1559=LINE('',#10343,#2495);
#1560=LINE('',#10344,#2496);
#1561=LINE('',#10345,#2497);
#1562=LINE('',#10346,#2498);
#1563=LINE('',#10347,#2499);
#1564=LINE('',#10348,#2500);
#1565=LINE('',#10349,#2501);
#1566=LINE('',#10350,#2502);
#1567=LINE('',#10351,#2503);
#1568=LINE('',#10352,#2504);
#1569=LINE('',#10353,#2505);
#1570=LINE('',#10356,#2506);
#1571=LINE('',#10357,#2507);
#1572=LINE('',#10358,#2508);
#1573=LINE('',#10359,#2509);
#1574=LINE('',#10360,#2510);
#1575=LINE('',#10361,#2511);
#1576=LINE('',#10362,#2512);
#1577=LINE('',#10363,#2513);
#1578=LINE('',#10364,#2514);
#1579=LINE('',#10365,#2515);
#1580=LINE('',#10366,#2516);
#1581=LINE('',#10367,#2517);
#1582=LINE('',#10369,#2518);
#1583=LINE('',#10375,#2519);
#1584=LINE('',#10377,#2520);
#1585=LINE('',#10379,#2521);
#1586=LINE('',#10380,#2522);
#1587=LINE('',#10383,#2523);
#1588=LINE('',#10385,#2524);
#1589=LINE('',#10386,#2525);
#1590=LINE('',#10389,#2526);
#1591=LINE('',#10391,#2527);
#1592=LINE('',#10392,#2528);
#1593=LINE('',#10394,#2529);
#1594=LINE('',#10395,#2530);
#1595=VECTOR('',#6947,10.);
#1596=VECTOR('',#6948,10.);
#1597=VECTOR('',#6949,10.);
#1598=VECTOR('',#6950,10.);
#1599=VECTOR('',#6953,10.);
#1600=VECTOR('',#6954,10.);
#1601=VECTOR('',#6955,10.);
#1602=VECTOR('',#6956,10.);
#1603=VECTOR('',#6959,10.);
#1604=VECTOR('',#6960,10.);
#1605=VECTOR('',#6961,10.);
#1606=VECTOR('',#6964,10.);
#1607=VECTOR('',#6965,10.);
#1608=VECTOR('',#6968,10.);
#1609=VECTOR('',#6969,10.);
#1610=VECTOR('',#6970,10.);
#1611=VECTOR('',#6971,10.);
#1612=VECTOR('',#6974,10.);
#1613=VECTOR('',#6975,10.);
#1614=VECTOR('',#6976,10.);
#1615=VECTOR('',#6977,10.);
#1616=VECTOR('',#6980,10.);
#1617=VECTOR('',#6981,10.);
#1618=VECTOR('',#6982,10.);
#1619=VECTOR('',#6985,10.);
#1620=VECTOR('',#6986,10.);
#1621=VECTOR('',#6987,10.);
#1622=VECTOR('',#6990,10.);
#1623=VECTOR('',#6991,10.);
#1624=VECTOR('',#6994,10.);
#1625=VECTOR('',#6995,10.);
#1626=VECTOR('',#6998,10.);
#1627=VECTOR('',#6999,10.);
#1628=VECTOR('',#7000,10.);
#1629=VECTOR('',#7001,10.);
#1630=VECTOR('',#7004,10.);
#1631=VECTOR('',#7005,10.);
#1632=VECTOR('',#7006,10.);
#1633=VECTOR('',#7007,10.);
#1634=VECTOR('',#7010,10.);
#1635=VECTOR('',#7011,10.);
#1636=VECTOR('',#7012,10.);
#1637=VECTOR('',#7015,10.);
#1638=VECTOR('',#7016,10.);
#1639=VECTOR('',#7017,10.);
#1640=VECTOR('',#7020,10.);
#1641=VECTOR('',#7021,10.);
#1642=VECTOR('',#7024,10.);
#1643=VECTOR('',#7025,10.);
#1644=VECTOR('',#7028,10.);
#1645=VECTOR('',#7029,10.);
#1646=VECTOR('',#7030,10.);
#1647=VECTOR('',#7031,10.);
#1648=VECTOR('',#7034,10.);
#1649=VECTOR('',#7035,10.);
#1650=VECTOR('',#7036,10.);
#1651=VECTOR('',#7037,10.);
#1652=VECTOR('',#7040,10.);
#1653=VECTOR('',#7041,10.);
#1654=VECTOR('',#7042,10.);
#1655=VECTOR('',#7045,10.);
#1656=VECTOR('',#7046,10.);
#1657=VECTOR('',#7049,10.);
#1658=VECTOR('',#7050,10.);
#1659=VECTOR('',#7051,10.);
#1660=VECTOR('',#7052,10.);
#1661=VECTOR('',#7055,10.);
#1662=VECTOR('',#7056,10.);
#1663=VECTOR('',#7057,10.);
#1664=VECTOR('',#7058,10.);
#1665=VECTOR('',#7061,10.);
#1666=VECTOR('',#7062,10.);
#1667=VECTOR('',#7063,10.);
#1668=VECTOR('',#7066,10.);
#1669=VECTOR('',#7067,10.);
#1670=VECTOR('',#7070,10.);
#1671=VECTOR('',#7071,10.);
#1672=VECTOR('',#7072,10.);
#1673=VECTOR('',#7073,10.);
#1674=VECTOR('',#7076,10.);
#1675=VECTOR('',#7077,10.);
#1676=VECTOR('',#7078,10.);
#1677=VECTOR('',#7081,10.);
#1678=VECTOR('',#7082,10.);
#1679=VECTOR('',#7085,10.);
#1680=VECTOR('',#7086,10.);
#1681=VECTOR('',#7087,10.);
#1682=VECTOR('',#7088,10.);
#1683=VECTOR('',#7091,10.);
#1684=VECTOR('',#7092,10.);
#1685=VECTOR('',#7093,10.);
#1686=VECTOR('',#7094,10.);
#1687=VECTOR('',#7097,10.);
#1688=VECTOR('',#7098,10.);
#1689=VECTOR('',#7101,10.);
#1690=VECTOR('',#7104,10.);
#1691=VECTOR('',#7105,10.);
#1692=VECTOR('',#7106,10.);
#1693=VECTOR('',#7107,10.);
#1694=VECTOR('',#7110,10.);
#1695=VECTOR('',#7111,10.);
#1696=VECTOR('',#7112,10.);
#1697=VECTOR('',#7113,10.);
#1698=VECTOR('',#7116,10.);
#1699=VECTOR('',#7117,10.);
#1700=VECTOR('',#7120,10.);
#1701=VECTOR('',#7123,10.);
#1702=VECTOR('',#7124,10.);
#1703=VECTOR('',#7127,10.);
#1704=VECTOR('',#7128,10.);
#1705=VECTOR('',#7129,10.);
#1706=VECTOR('',#7130,10.);
#1707=VECTOR('',#7133,10.);
#1708=VECTOR('',#7134,10.);
#1709=VECTOR('',#7137,10.);
#1710=VECTOR('',#7138,10.);
#1711=VECTOR('',#7139,10.);
#1712=VECTOR('',#7140,10.);
#1713=VECTOR('',#7143,10.);
#1714=VECTOR('',#7144,10.);
#1715=VECTOR('',#7145,10.);
#1716=VECTOR('',#7146,10.);
#1717=VECTOR('',#7149,10.);
#1718=VECTOR('',#7150,10.);
#1719=VECTOR('',#7153,10.);
#1720=VECTOR('',#7154,10.);
#1721=VECTOR('',#7155,10.);
#1722=VECTOR('',#7158,10.);
#1723=VECTOR('',#7159,10.);
#1724=VECTOR('',#7162,10.);
#1725=VECTOR('',#7163,10.);
#1726=VECTOR('',#7164,10.);
#1727=VECTOR('',#7165,10.);
#1728=VECTOR('',#7168,10.);
#1729=VECTOR('',#7169,10.);
#1730=VECTOR('',#7172,10.);
#1731=VECTOR('',#7173,10.);
#1732=VECTOR('',#7174,10.);
#1733=VECTOR('',#7177,10.);
#1734=VECTOR('',#7178,10.);
#1735=VECTOR('',#7181,10.);
#1736=VECTOR('',#7182,10.);
#1737=VECTOR('',#7185,10.);
#1738=VECTOR('',#7186,10.);
#1739=VECTOR('',#7187,10.);
#1740=VECTOR('',#7188,10.);
#1741=VECTOR('',#7191,10.);
#1742=VECTOR('',#7192,10.);
#1743=VECTOR('',#7195,10.);
#1744=VECTOR('',#7196,10.);
#1745=VECTOR('',#7197,10.);
#1746=VECTOR('',#7200,10.);
#1747=VECTOR('',#7201,10.);
#1748=VECTOR('',#7204,10.);
#1749=VECTOR('',#7205,10.);
#1750=VECTOR('',#7206,10.);
#1751=VECTOR('',#7207,10.);
#1752=VECTOR('',#7210,10.);
#1753=VECTOR('',#7211,10.);
#1754=VECTOR('',#7214,10.);
#1755=VECTOR('',#7215,10.);
#1756=VECTOR('',#7216,10.);
#1757=VECTOR('',#7219,10.);
#1758=VECTOR('',#7220,10.);
#1759=VECTOR('',#7223,10.);
#1760=VECTOR('',#7224,10.);
#1761=VECTOR('',#7227,10.);
#1762=VECTOR('',#7228,10.);
#1763=VECTOR('',#7231,10.);
#1764=VECTOR('',#7232,10.);
#1765=VECTOR('',#7233,10.);
#1766=VECTOR('',#7234,10.);
#1767=VECTOR('',#7237,10.);
#1768=VECTOR('',#7238,10.);
#1769=VECTOR('',#7241,10.);
#1770=VECTOR('',#7242,10.);
#1771=VECTOR('',#7245,10.);
#1772=VECTOR('',#7248,10.);
#1773=VECTOR('',#7249,10.);
#1774=VECTOR('',#7250,10.);
#1775=VECTOR('',#7251,10.);
#1776=VECTOR('',#7254,10.);
#1777=VECTOR('',#7255,10.);
#1778=VECTOR('',#7256,10.);
#1779=VECTOR('',#7257,10.);
#1780=VECTOR('',#7260,10.);
#1781=VECTOR('',#7261,10.);
#1782=VECTOR('',#7264,10.);
#1783=VECTOR('',#7267,10.);
#1784=VECTOR('',#7268,10.);
#1785=VECTOR('',#7269,10.);
#1786=VECTOR('',#7270,10.);
#1787=VECTOR('',#7273,10.);
#1788=VECTOR('',#7274,10.);
#1789=VECTOR('',#7277,10.);
#1790=VECTOR('',#7278,10.);
#1791=VECTOR('',#7281,10.);
#1792=VECTOR('',#7282,10.);
#1793=VECTOR('',#7283,10.);
#1794=VECTOR('',#7286,10.);
#1795=VECTOR('',#7289,10.);
#1796=VECTOR('',#7290,10.);
#1797=VECTOR('',#7293,10.);
#1798=VECTOR('',#7294,10.);
#1799=VECTOR('',#7297,10.);
#1800=VECTOR('',#7298,10.);
#1801=VECTOR('',#7301,10.);
#1802=VECTOR('',#7302,10.);
#1803=VECTOR('',#7303,10.);
#1804=VECTOR('',#7304,10.);
#1805=VECTOR('',#7307,10.);
#1806=VECTOR('',#7308,10.);
#1807=VECTOR('',#7309,10.);
#1808=VECTOR('',#7312,10.);
#1809=VECTOR('',#7313,10.);
#1810=VECTOR('',#7314,10.);
#1811=VECTOR('',#7315,10.);
#1812=VECTOR('',#7318,10.);
#1813=VECTOR('',#7319,10.);
#1814=VECTOR('',#7320,10.);
#1815=VECTOR('',#7321,10.);
#1816=VECTOR('',#7324,10.);
#1817=VECTOR('',#7325,10.);
#1818=VECTOR('',#7326,10.);
#1819=VECTOR('',#7329,10.);
#1820=VECTOR('',#7330,10.);
#1821=VECTOR('',#7333,10.);
#1822=VECTOR('',#7334,10.);
#1823=VECTOR('',#7335,10.);
#1824=VECTOR('',#7336,10.);
#1825=VECTOR('',#7339,10.);
#1826=VECTOR('',#7340,10.);
#1827=VECTOR('',#7341,10.);
#1828=VECTOR('',#7342,10.);
#1829=VECTOR('',#7345,10.);
#1830=VECTOR('',#7346,10.);
#1831=VECTOR('',#7347,10.);
#1832=VECTOR('',#7350,10.);
#1833=VECTOR('',#7351,10.);
#1834=VECTOR('',#7352,10.);
#1835=VECTOR('',#7355,10.);
#1836=VECTOR('',#7356,10.);
#1837=VECTOR('',#7359,10.);
#1838=VECTOR('',#7360,10.);
#1839=VECTOR('',#7363,10.);
#1840=VECTOR('',#7364,10.);
#1841=VECTOR('',#7365,10.);
#1842=VECTOR('',#7366,10.);
#1843=VECTOR('',#7369,10.);
#1844=VECTOR('',#7370,10.);
#1845=VECTOR('',#7371,10.);
#1846=VECTOR('',#7372,10.);
#1847=VECTOR('',#7375,10.);
#1848=VECTOR('',#7376,10.);
#1849=VECTOR('',#7377,10.);
#1850=VECTOR('',#7380,10.);
#1851=VECTOR('',#7381,10.);
#1852=VECTOR('',#7382,10.);
#1853=VECTOR('',#7385,10.);
#1854=VECTOR('',#7386,10.);
#1855=VECTOR('',#7389,10.);
#1856=VECTOR('',#7390,10.);
#1857=VECTOR('',#7393,10.);
#1858=VECTOR('',#7394,10.);
#1859=VECTOR('',#7395,10.);
#1860=VECTOR('',#7396,10.);
#1861=VECTOR('',#7399,10.);
#1862=VECTOR('',#7400,10.);
#1863=VECTOR('',#7401,10.);
#1864=VECTOR('',#7402,10.);
#1865=VECTOR('',#7405,10.);
#1866=VECTOR('',#7406,10.);
#1867=VECTOR('',#7407,10.);
#1868=VECTOR('',#7410,10.);
#1869=VECTOR('',#7411,10.);
#1870=VECTOR('',#7412,10.);
#1871=VECTOR('',#7415,10.);
#1872=VECTOR('',#7416,10.);
#1873=VECTOR('',#7419,10.);
#1874=VECTOR('',#7420,10.);
#1875=VECTOR('',#7423,10.);
#1876=VECTOR('',#7424,10.);
#1877=VECTOR('',#7425,10.);
#1878=VECTOR('',#7426,10.);
#1879=VECTOR('',#7429,10.);
#1880=VECTOR('',#7430,10.);
#1881=VECTOR('',#7431,10.);
#1882=VECTOR('',#7434,10.);
#1883=VECTOR('',#7435,10.);
#1884=VECTOR('',#7438,10.);
#1885=VECTOR('',#7439,10.);
#1886=VECTOR('',#7440,10.);
#1887=VECTOR('',#7441,10.);
#1888=VECTOR('',#7444,10.);
#1889=VECTOR('',#7445,10.);
#1890=VECTOR('',#7448,10.);
#1891=VECTOR('',#7449,10.);
#1892=VECTOR('',#7450,10.);
#1893=VECTOR('',#7451,10.);
#1894=VECTOR('',#7454,10.);
#1895=VECTOR('',#7455,10.);
#1896=VECTOR('',#7458,10.);
#1897=VECTOR('',#7459,10.);
#1898=VECTOR('',#7460,10.);
#1899=VECTOR('',#7461,10.);
#1900=VECTOR('',#7464,10.);
#1901=VECTOR('',#7465,10.);
#1902=VECTOR('',#7466,10.);
#1903=VECTOR('',#7467,10.);
#1904=VECTOR('',#7470,10.);
#1905=VECTOR('',#7471,10.);
#1906=VECTOR('',#7472,10.);
#1907=VECTOR('',#7473,10.);
#1908=VECTOR('',#7476,10.);
#1909=VECTOR('',#7477,10.);
#1910=VECTOR('',#7478,10.);
#1911=VECTOR('',#7481,10.);
#1912=VECTOR('',#7482,10.);
#1913=VECTOR('',#7485,10.);
#1914=VECTOR('',#7486,10.);
#1915=VECTOR('',#7487,10.);
#1916=VECTOR('',#7488,10.);
#1917=VECTOR('',#7491,10.);
#1918=VECTOR('',#7492,10.);
#1919=VECTOR('',#7493,10.);
#1920=VECTOR('',#7496,10.);
#1921=VECTOR('',#7497,10.);
#1922=VECTOR('',#7498,10.);
#1923=VECTOR('',#7501,10.);
#1924=VECTOR('',#7502,10.);
#1925=VECTOR('',#7505,10.);
#1926=VECTOR('',#7506,10.);
#1927=VECTOR('',#7507,10.);
#1928=VECTOR('',#7508,10.);
#1929=VECTOR('',#7511,10.);
#1930=VECTOR('',#7512,10.);
#1931=VECTOR('',#7515,10.);
#1932=VECTOR('',#7516,10.);
#1933=VECTOR('',#7517,10.);
#1934=VECTOR('',#7520,10.);
#1935=VECTOR('',#7521,10.);
#1936=VECTOR('',#7524,10.);
#1937=VECTOR('',#7525,10.);
#1938=VECTOR('',#7526,10.);
#1939=VECTOR('',#7527,10.);
#1940=VECTOR('',#7530,10.);
#1941=VECTOR('',#7531,10.);
#1942=VECTOR('',#7534,10.);
#1943=VECTOR('',#7535,10.);
#1944=VECTOR('',#7536,10.);
#1945=VECTOR('',#7539,10.);
#1946=VECTOR('',#7540,10.);
#1947=VECTOR('',#7541,10.);
#1948=VECTOR('',#7544,10.);
#1949=VECTOR('',#7545,10.);
#1950=VECTOR('',#7548,10.);
#1951=VECTOR('',#7549,10.);
#1952=VECTOR('',#7552,10.);
#1953=VECTOR('',#7553,10.);
#1954=VECTOR('',#7554,10.);
#1955=VECTOR('',#7555,10.);
#1956=VECTOR('',#7558,10.);
#1957=VECTOR('',#7559,10.);
#1958=VECTOR('',#7562,10.);
#1959=VECTOR('',#7563,10.);
#1960=VECTOR('',#7564,10.);
#1961=VECTOR('',#7567,10.);
#1962=VECTOR('',#7568,10.);
#1963=VECTOR('',#7571,10.);
#1964=VECTOR('',#7572,10.);
#1965=VECTOR('',#7573,10.);
#1966=VECTOR('',#7574,10.);
#1967=VECTOR('',#7577,10.);
#1968=VECTOR('',#7578,10.);
#1969=VECTOR('',#7581,10.);
#1970=VECTOR('',#7582,10.);
#1971=VECTOR('',#7583,10.);
#1972=VECTOR('',#7586,10.);
#1973=VECTOR('',#7587,10.);
#1974=VECTOR('',#7590,10.);
#1975=VECTOR('',#7591,10.);
#1976=VECTOR('',#7592,10.);
#1977=VECTOR('',#7595,10.);
#1978=VECTOR('',#7596,10.);
#1979=VECTOR('',#7599,10.);
#1980=VECTOR('',#7602,10.);
#1981=VECTOR('',#7603,10.);
#1982=VECTOR('',#7604,10.);
#1983=VECTOR('',#7605,10.);
#1984=VECTOR('',#7608,10.);
#1985=VECTOR('',#7609,10.);
#1986=VECTOR('',#7612,10.);
#1987=VECTOR('',#7613,10.);
#1988=VECTOR('',#7616,10.);
#1989=VECTOR('',#7617,10.);
#1990=VECTOR('',#7618,10.);
#1991=VECTOR('',#7621,10.);
#1992=VECTOR('',#7624,10.);
#1993=VECTOR('',#7625,10.);
#1994=VECTOR('',#7628,10.);
#1995=VECTOR('',#7629,10.);
#1996=VECTOR('',#7632,10.);
#1997=VECTOR('',#7633,10.);
#1998=VECTOR('',#7634,10.);
#1999=VECTOR('',#7635,10.);
#2000=VECTOR('',#7638,10.);
#2001=VECTOR('',#7639,10.);
#2002=VECTOR('',#7642,10.);
#2003=VECTOR('',#7643,10.);
#2004=VECTOR('',#7646,10.);
#2005=VECTOR('',#7647,10.);
#2006=VECTOR('',#7650,10.);
#2007=VECTOR('',#7651,10.);
#2008=VECTOR('',#7654,10.);
#2009=VECTOR('',#7657,10.);
#2010=VECTOR('',#7658,10.);
#2011=VECTOR('',#7659,10.);
#2012=VECTOR('',#7660,10.);
#2013=VECTOR('',#7663,10.);
#2014=VECTOR('',#7664,10.);
#2015=VECTOR('',#7665,10.);
#2016=VECTOR('',#7668,10.);
#2017=VECTOR('',#7669,10.);
#2018=VECTOR('',#7670,10.);
#2019=VECTOR('',#7671,10.);
#2020=VECTOR('',#7674,10.);
#2021=VECTOR('',#7675,10.);
#2022=VECTOR('',#7676,10.);
#2023=VECTOR('',#7677,10.);
#2024=VECTOR('',#7680,10.);
#2025=VECTOR('',#7681,10.);
#2026=VECTOR('',#7682,10.);
#2027=VECTOR('',#7683,10.);
#2028=VECTOR('',#7686,10.);
#2029=VECTOR('',#7687,10.);
#2030=VECTOR('',#7688,10.);
#2031=VECTOR('',#7689,10.);
#2032=VECTOR('',#7692,10.);
#2033=VECTOR('',#7693,10.);
#2034=VECTOR('',#7694,10.);
#2035=VECTOR('',#7695,10.);
#2036=VECTOR('',#7698,10.);
#2037=VECTOR('',#7699,10.);
#2038=VECTOR('',#7700,10.);
#2039=VECTOR('',#7701,10.);
#2040=VECTOR('',#7704,10.);
#2041=VECTOR('',#7705,10.);
#2042=VECTOR('',#7706,10.);
#2043=VECTOR('',#7709,10.);
#2044=VECTOR('',#7710,10.);
#2045=VECTOR('',#7711,10.);
#2046=VECTOR('',#7712,10.);
#2047=VECTOR('',#7715,10.);
#2048=VECTOR('',#7716,10.);
#2049=VECTOR('',#7717,10.);
#2050=VECTOR('',#7718,10.);
#2051=VECTOR('',#7721,10.);
#2052=VECTOR('',#7722,10.);
#2053=VECTOR('',#7723,10.);
#2054=VECTOR('',#7724,10.);
#2055=VECTOR('',#7727,10.);
#2056=VECTOR('',#7728,10.);
#2057=VECTOR('',#7729,10.);
#2058=VECTOR('',#7730,10.);
#2059=VECTOR('',#7733,10.);
#2060=VECTOR('',#7734,10.);
#2061=VECTOR('',#7735,10.);
#2062=VECTOR('',#7736,10.);
#2063=VECTOR('',#7739,10.);
#2064=VECTOR('',#7740,10.);
#2065=VECTOR('',#7741,10.);
#2066=VECTOR('',#7742,10.);
#2067=VECTOR('',#7745,10.);
#2068=VECTOR('',#7746,10.);
#2069=VECTOR('',#7747,10.);
#2070=VECTOR('',#7750,10.);
#2071=VECTOR('',#7751,10.);
#2072=VECTOR('',#7752,10.);
#2073=VECTOR('',#7755,10.);
#2074=VECTOR('',#7756,10.);
#2075=VECTOR('',#7757,10.);
#2076=VECTOR('',#7760,10.);
#2077=VECTOR('',#7761,10.);
#2078=VECTOR('',#7762,10.);
#2079=VECTOR('',#7765,10.);
#2080=VECTOR('',#7766,10.);
#2081=VECTOR('',#7767,10.);
#2082=VECTOR('',#7770,10.);
#2083=VECTOR('',#7771,10.);
#2084=VECTOR('',#7772,10.);
#2085=VECTOR('',#7775,10.);
#2086=VECTOR('',#7776,10.);
#2087=VECTOR('',#7777,10.);
#2088=VECTOR('',#7780,10.);
#2089=VECTOR('',#7781,10.);
#2090=VECTOR('',#7782,10.);
#2091=VECTOR('',#7785,10.);
#2092=VECTOR('',#7786,10.);
#2093=VECTOR('',#7787,10.);
#2094=VECTOR('',#7790,10.);
#2095=VECTOR('',#7791,10.);
#2096=VECTOR('',#7792,10.);
#2097=VECTOR('',#7795,10.);
#2098=VECTOR('',#7796,10.);
#2099=VECTOR('',#7797,10.);
#2100=VECTOR('',#7800,10.);
#2101=VECTOR('',#7801,10.);
#2102=VECTOR('',#7802,10.);
#2103=VECTOR('',#7805,10.);
#2104=VECTOR('',#7806,10.);
#2105=VECTOR('',#7807,10.);
#2106=VECTOR('',#7810,10.);
#2107=VECTOR('',#7811,10.);
#2108=VECTOR('',#7812,10.);
#2109=VECTOR('',#7815,10.);
#2110=VECTOR('',#7816,10.);
#2111=VECTOR('',#7817,10.);
#2112=VECTOR('',#7820,10.);
#2113=VECTOR('',#7821,10.);
#2114=VECTOR('',#7822,10.);
#2115=VECTOR('',#7823,10.);
#2116=VECTOR('',#7826,10.);
#2117=VECTOR('',#7827,10.);
#2118=VECTOR('',#7828,10.);
#2119=VECTOR('',#7829,10.);
#2120=VECTOR('',#7832,10.);
#2121=VECTOR('',#7833,10.);
#2122=VECTOR('',#7836,10.);
#2123=VECTOR('',#7837,10.);
#2124=VECTOR('',#7838,10.);
#2125=VECTOR('',#7841,10.);
#2126=VECTOR('',#7842,10.);
#2127=VECTOR('',#7843,10.);
#2128=VECTOR('',#7844,10.);
#2129=VECTOR('',#7847,10.);
#2130=VECTOR('',#7848,10.);
#2131=VECTOR('',#7849,10.);
#2132=VECTOR('',#7850,10.);
#2133=VECTOR('',#7853,10.);
#2134=VECTOR('',#7854,10.);
#2135=VECTOR('',#7857,10.);
#2136=VECTOR('',#7858,10.);
#2137=VECTOR('',#7859,10.);
#2138=VECTOR('',#7862,10.);
#2139=VECTOR('',#7863,10.);
#2140=VECTOR('',#7864,10.);
#2141=VECTOR('',#7865,10.);
#2142=VECTOR('',#7868,10.);
#2143=VECTOR('',#7869,10.);
#2144=VECTOR('',#7870,10.);
#2145=VECTOR('',#7873,10.);
#2146=VECTOR('',#7874,10.);
#2147=VECTOR('',#7875,10.);
#2148=VECTOR('',#7876,10.);
#2149=VECTOR('',#7879,10.);
#2150=VECTOR('',#7880,10.);
#2151=VECTOR('',#7881,10.);
#2152=VECTOR('',#7882,10.);
#2153=VECTOR('',#7885,10.);
#2154=VECTOR('',#7886,10.);
#2155=VECTOR('',#7887,10.);
#2156=VECTOR('',#7888,10.);
#2157=VECTOR('',#7891,10.);
#2158=VECTOR('',#7892,10.);
#2159=VECTOR('',#7893,10.);
#2160=VECTOR('',#7894,10.);
#2161=VECTOR('',#7897,10.);
#2162=VECTOR('',#7898,10.);
#2163=VECTOR('',#7899,10.);
#2164=VECTOR('',#7900,10.);
#2165=VECTOR('',#7903,10.);
#2166=VECTOR('',#7904,10.);
#2167=VECTOR('',#7905,10.);
#2168=VECTOR('',#7906,10.);
#2169=VECTOR('',#7909,10.);
#2170=VECTOR('',#7910,10.);
#2171=VECTOR('',#7913,10.);
#2172=VECTOR('',#7914,10.);
#2173=VECTOR('',#7915,10.);
#2174=VECTOR('',#7916,10.);
#2175=VECTOR('',#7919,10.);
#2176=VECTOR('',#7920,10.);
#2177=VECTOR('',#7921,10.);
#2178=VECTOR('',#7922,10.);
#2179=VECTOR('',#7925,10.);
#2180=VECTOR('',#7926,10.);
#2181=VECTOR('',#7927,10.);
#2182=VECTOR('',#7928,10.);
#2183=VECTOR('',#7931,10.);
#2184=VECTOR('',#7932,10.);
#2185=VECTOR('',#7933,10.);
#2186=VECTOR('',#7934,10.);
#2187=VECTOR('',#7937,10.);
#2188=VECTOR('',#7938,10.);
#2189=VECTOR('',#7939,10.);
#2190=VECTOR('',#7940,10.);
#2191=VECTOR('',#7943,10.);
#2192=VECTOR('',#7944,10.);
#2193=VECTOR('',#7945,10.);
#2194=VECTOR('',#7946,10.);
#2195=VECTOR('',#7949,10.);
#2196=VECTOR('',#7950,10.);
#2197=VECTOR('',#7951,10.);
#2198=VECTOR('',#7954,10.);
#2199=VECTOR('',#7955,10.);
#2200=VECTOR('',#7956,10.);
#2201=VECTOR('',#7959,10.);
#2202=VECTOR('',#7960,10.);
#2203=VECTOR('',#7961,10.);
#2204=VECTOR('',#7964,10.);
#2205=VECTOR('',#7965,10.);
#2206=VECTOR('',#7966,10.);
#2207=VECTOR('',#7969,10.);
#2208=VECTOR('',#7970,10.);
#2209=VECTOR('',#7971,10.);
#2210=VECTOR('',#7974,10.);
#2211=VECTOR('',#7975,10.);
#2212=VECTOR('',#7976,10.);
#2213=VECTOR('',#7979,10.);
#2214=VECTOR('',#7980,10.);
#2215=VECTOR('',#7981,10.);
#2216=VECTOR('',#7984,10.);
#2217=VECTOR('',#7985,10.);
#2218=VECTOR('',#7988,10.);
#2219=VECTOR('',#7989,10.);
#2220=VECTOR('',#7990,10.);
#2221=VECTOR('',#7993,10.);
#2222=VECTOR('',#7994,10.);
#2223=VECTOR('',#7995,10.);
#2224=VECTOR('',#7998,10.);
#2225=VECTOR('',#7999,10.);
#2226=VECTOR('',#8000,10.);
#2227=VECTOR('',#8003,10.);
#2228=VECTOR('',#8004,10.);
#2229=VECTOR('',#8005,10.);
#2230=VECTOR('',#8008,10.);
#2231=VECTOR('',#8009,10.);
#2232=VECTOR('',#8010,10.);
#2233=VECTOR('',#8013,10.);
#2234=VECTOR('',#8014,10.);
#2235=VECTOR('',#8015,10.);
#2236=VECTOR('',#8018,10.);
#2237=VECTOR('',#8019,10.);
#2238=VECTOR('',#8020,10.);
#2239=VECTOR('',#8023,10.);
#2240=VECTOR('',#8024,10.);
#2241=VECTOR('',#8025,10.);
#2242=VECTOR('',#8026,10.);
#2243=VECTOR('',#8029,10.);
#2244=VECTOR('',#8030,10.);
#2245=VECTOR('',#8031,10.);
#2246=VECTOR('',#8032,10.);
#2247=VECTOR('',#8035,10.);
#2248=VECTOR('',#8036,10.);
#2249=VECTOR('',#8039,10.);
#2250=VECTOR('',#8040,10.);
#2251=VECTOR('',#8043,10.);
#2252=VECTOR('',#8044,10.);
#2253=VECTOR('',#8045,10.);
#2254=VECTOR('',#8046,10.);
#2255=VECTOR('',#8049,10.);
#2256=VECTOR('',#8050,10.);
#2257=VECTOR('',#8051,10.);
#2258=VECTOR('',#8052,10.);
#2259=VECTOR('',#8055,10.);
#2260=VECTOR('',#8056,10.);
#2261=VECTOR('',#8059,10.);
#2262=VECTOR('',#8060,10.);
#2263=VECTOR('',#8063,10.);
#2264=VECTOR('',#8064,10.);
#2265=VECTOR('',#8065,10.);
#2266=VECTOR('',#8066,10.);
#2267=VECTOR('',#8069,10.);
#2268=VECTOR('',#8070,10.);
#2269=VECTOR('',#8071,10.);
#2270=VECTOR('',#8074,10.);
#2271=VECTOR('',#8075,10.);
#2272=VECTOR('',#8078,10.);
#2273=VECTOR('',#8079,10.);
#2274=VECTOR('',#8080,10.);
#2275=VECTOR('',#8083,10.);
#2276=VECTOR('',#8084,10.);
#2277=VECTOR('',#8085,10.);
#2278=VECTOR('',#8086,10.);
#2279=VECTOR('',#8089,10.);
#2280=VECTOR('',#8090,10.);
#2281=VECTOR('',#8093,10.);
#2282=VECTOR('',#8094,10.);
#2283=VECTOR('',#8095,10.);
#2284=VECTOR('',#8098,10.);
#2285=VECTOR('',#8099,10.);
#2286=VECTOR('',#8100,10.);
#2287=VECTOR('',#8103,10.);
#2288=VECTOR('',#8104,10.);
#2289=VECTOR('',#8105,10.);
#2290=VECTOR('',#8106,10.);
#2291=VECTOR('',#8109,10.);
#2292=VECTOR('',#8110,10.);
#2293=VECTOR('',#8113,10.);
#2294=VECTOR('',#8114,10.);
#2295=VECTOR('',#8115,10.);
#2296=VECTOR('',#8118,10.);
#2297=VECTOR('',#8119,10.);
#2298=VECTOR('',#8120,10.);
#2299=VECTOR('',#8123,10.);
#2300=VECTOR('',#8124,10.);
#2301=VECTOR('',#8125,10.);
#2302=VECTOR('',#8126,10.);
#2303=VECTOR('',#8129,10.);
#2304=VECTOR('',#8130,10.);
#2305=VECTOR('',#8133,10.);
#2306=VECTOR('',#8134,10.);
#2307=VECTOR('',#8135,10.);
#2308=VECTOR('',#8138,10.);
#2309=VECTOR('',#8139,10.);
#2310=VECTOR('',#8140,10.);
#2311=VECTOR('',#8143,10.);
#2312=VECTOR('',#8144,10.);
#2313=VECTOR('',#8145,10.);
#2314=VECTOR('',#8146,10.);
#2315=VECTOR('',#8149,10.);
#2316=VECTOR('',#8150,10.);
#2317=VECTOR('',#8153,10.);
#2318=VECTOR('',#8154,10.);
#2319=VECTOR('',#8157,10.);
#2320=VECTOR('',#8158,10.);
#2321=VECTOR('',#8159,10.);
#2322=VECTOR('',#8162,10.);
#2323=VECTOR('',#8163,10.);
#2324=VECTOR('',#8164,10.);
#2325=VECTOR('',#8165,10.);
#2326=VECTOR('',#8168,10.);
#2327=VECTOR('',#8169,10.);
#2328=VECTOR('',#8172,10.);
#2329=VECTOR('',#8173,10.);
#2330=VECTOR('',#8176,10.);
#2331=VECTOR('',#8177,10.);
#2332=VECTOR('',#8178,10.);
#2333=VECTOR('',#8181,10.);
#2334=VECTOR('',#8182,10.);
#2335=VECTOR('',#8183,10.);
#2336=VECTOR('',#8184,10.);
#2337=VECTOR('',#8187,10.);
#2338=VECTOR('',#8188,10.);
#2339=VECTOR('',#8191,10.);
#2340=VECTOR('',#8192,10.);
#2341=VECTOR('',#8195,10.);
#2342=VECTOR('',#8196,10.);
#2343=VECTOR('',#8199,10.);
#2344=VECTOR('',#8202,10.);
#2345=VECTOR('',#8203,10.);
#2346=VECTOR('',#8206,10.);
#2347=VECTOR('',#8207,10.);
#2348=VECTOR('',#8210,10.);
#2349=VECTOR('',#8211,10.);
#2350=VECTOR('',#8214,10.);
#2351=VECTOR('',#8215,10.);
#2352=VECTOR('',#8218,10.);
#2353=VECTOR('',#8221,10.);
#2354=VECTOR('',#8222,10.);
#2355=VECTOR('',#8225,10.);
#2356=VECTOR('',#8226,10.);
#2357=VECTOR('',#8227,10.);
#2358=VECTOR('',#8228,10.);
#2359=VECTOR('',#8229,10.);
#2360=VECTOR('',#8230,10.);
#2361=VECTOR('',#8231,10.);
#2362=VECTOR('',#8232,10.);
#2363=VECTOR('',#8233,10.);
#2364=VECTOR('',#8234,10.);
#2365=VECTOR('',#8235,10.);
#2366=VECTOR('',#8236,10.);
#2367=VECTOR('',#8237,10.);
#2368=VECTOR('',#8238,10.);
#2369=VECTOR('',#8239,10.);
#2370=VECTOR('',#8240,10.);
#2371=VECTOR('',#8241,10.);
#2372=VECTOR('',#8242,10.);
#2373=VECTOR('',#8243,10.);
#2374=VECTOR('',#8244,10.);
#2375=VECTOR('',#8245,10.);
#2376=VECTOR('',#8246,10.);
#2377=VECTOR('',#8247,10.);
#2378=VECTOR('',#8248,10.);
#2379=VECTOR('',#8249,10.);
#2380=VECTOR('',#8250,10.);
#2381=VECTOR('',#8251,10.);
#2382=VECTOR('',#8252,10.);
#2383=VECTOR('',#8253,10.);
#2384=VECTOR('',#8254,10.);
#2385=VECTOR('',#8255,10.);
#2386=VECTOR('',#8256,10.);
#2387=VECTOR('',#8257,10.);
#2388=VECTOR('',#8260,10.);
#2389=VECTOR('',#8263,10.);
#2390=VECTOR('',#8266,10.);
#2391=VECTOR('',#8269,10.);
#2392=VECTOR('',#8272,10.);
#2393=VECTOR('',#8275,10.);
#2394=VECTOR('',#8278,10.);
#2395=VECTOR('',#8281,10.);
#2396=VECTOR('',#8284,10.);
#2397=VECTOR('',#8287,10.);
#2398=VECTOR('',#8290,10.);
#2399=VECTOR('',#8293,10.);
#2400=VECTOR('',#8296,10.);
#2401=VECTOR('',#8299,10.);
#2402=VECTOR('',#8302,10.);
#2403=VECTOR('',#8305,10.);
#2404=VECTOR('',#8308,10.);
#2405=VECTOR('',#8311,10.);
#2406=VECTOR('',#8314,10.);
#2407=VECTOR('',#8315,10.);
#2408=VECTOR('',#8318,10.);
#2409=VECTOR('',#8321,10.);
#2410=VECTOR('',#8322,10.);
#2411=VECTOR('',#8325,10.);
#2412=VECTOR('',#8326,10.);
#2413=VECTOR('',#8329,10.);
#2414=VECTOR('',#8330,10.);
#2415=VECTOR('',#8333,10.);
#2416=VECTOR('',#8334,10.);
#2417=VECTOR('',#8337,10.);
#2418=VECTOR('',#8340,10.);
#2419=VECTOR('',#8341,10.);
#2420=VECTOR('',#8344,10.);
#2421=VECTOR('',#8345,10.);
#2422=VECTOR('',#8346,10.);
#2423=VECTOR('',#8347,10.);
#2424=VECTOR('',#8348,10.);
#2425=VECTOR('',#8349,10.);
#2426=VECTOR('',#8350,10.);
#2427=VECTOR('',#8351,10.);
#2428=VECTOR('',#8352,10.);
#2429=VECTOR('',#8353,10.);
#2430=VECTOR('',#8354,10.);
#2431=VECTOR('',#8355,10.);
#2432=VECTOR('',#8356,10.);
#2433=VECTOR('',#8357,10.);
#2434=VECTOR('',#8358,10.);
#2435=VECTOR('',#8359,10.);
#2436=VECTOR('',#8360,10.);
#2437=VECTOR('',#8361,10.);
#2438=VECTOR('',#8362,10.);
#2439=VECTOR('',#8363,10.);
#2440=VECTOR('',#8364,10.);
#2441=VECTOR('',#8365,10.);
#2442=VECTOR('',#8366,10.);
#2443=VECTOR('',#8367,10.);
#2444=VECTOR('',#8368,10.);
#2445=VECTOR('',#8369,10.);
#2446=VECTOR('',#8370,10.);
#2447=VECTOR('',#8371,10.);
#2448=VECTOR('',#8372,10.);
#2449=VECTOR('',#8373,10.);
#2450=VECTOR('',#8374,10.);
#2451=VECTOR('',#8375,10.);
#2452=VECTOR('',#8376,10.);
#2453=VECTOR('',#8379,10.);
#2454=VECTOR('',#8382,10.);
#2455=VECTOR('',#8385,10.);
#2456=VECTOR('',#8388,10.);
#2457=VECTOR('',#8391,10.);
#2458=VECTOR('',#8394,10.);
#2459=VECTOR('',#8397,10.);
#2460=VECTOR('',#8400,10.);
#2461=VECTOR('',#8403,10.);
#2462=VECTOR('',#8406,10.);
#2463=VECTOR('',#8409,10.);
#2464=VECTOR('',#8412,10.);
#2465=VECTOR('',#8415,10.);
#2466=VECTOR('',#8418,10.);
#2467=VECTOR('',#8421,10.);
#2468=VECTOR('',#8424,10.);
#2469=VECTOR('',#8427,10.);
#2470=VECTOR('',#8430,10.);
#2471=VECTOR('',#8433,10.);
#2472=VECTOR('',#8434,10.);
#2473=VECTOR('',#8435,10.);
#2474=VECTOR('',#8436,10.);
#2475=VECTOR('',#8437,10.);
#2476=VECTOR('',#8438,10.);
#2477=VECTOR('',#8439,10.);
#2478=VECTOR('',#8440,10.);
#2479=VECTOR('',#8441,10.);
#2480=VECTOR('',#8442,10.);
#2481=VECTOR('',#8443,10.);
#2482=VECTOR('',#8444,10.);
#2483=VECTOR('',#8445,10.);
#2484=VECTOR('',#8446,10.);
#2485=VECTOR('',#8447,10.);
#2486=VECTOR('',#8448,10.);
#2487=VECTOR('',#8449,10.);
#2488=VECTOR('',#8450,10.);
#2489=VECTOR('',#8451,10.);
#2490=VECTOR('',#8452,10.);
#2491=VECTOR('',#8453,10.);
#2492=VECTOR('',#8454,10.);
#2493=VECTOR('',#8455,10.);
#2494=VECTOR('',#8458,10.);
#2495=VECTOR('',#8459,10.);
#2496=VECTOR('',#8460,10.);
#2497=VECTOR('',#8461,10.);
#2498=VECTOR('',#8462,10.);
#2499=VECTOR('',#8463,10.);
#2500=VECTOR('',#8464,10.);
#2501=VECTOR('',#8465,10.);
#2502=VECTOR('',#8466,10.);
#2503=VECTOR('',#8467,10.);
#2504=VECTOR('',#8468,10.);
#2505=VECTOR('',#8469,10.);
#2506=VECTOR('',#8472,10.);
#2507=VECTOR('',#8473,10.);
#2508=VECTOR('',#8474,10.);
#2509=VECTOR('',#8475,10.);
#2510=VECTOR('',#8476,10.);
#2511=VECTOR('',#8477,10.);
#2512=VECTOR('',#8478,10.);
#2513=VECTOR('',#8479,10.);
#2514=VECTOR('',#8480,10.);
#2515=VECTOR('',#8481,10.);
#2516=VECTOR('',#8482,10.);
#2517=VECTOR('',#8483,10.);
#2518=VECTOR('',#8486,10.);
#2519=VECTOR('',#8493,10.);
#2520=VECTOR('',#8494,10.);
#2521=VECTOR('',#8495,10.);
#2522=VECTOR('',#8496,10.);
#2523=VECTOR('',#8499,10.);
#2524=VECTOR('',#8500,10.);
#2525=VECTOR('',#8501,10.);
#2526=VECTOR('',#8504,10.);
#2527=VECTOR('',#8505,10.);
#2528=VECTOR('',#8506,10.);
#2529=VECTOR('',#8509,10.);
#2530=VECTOR('',#8510,10.);
#2531=VERTEX_POINT('',#8522);
#2532=VERTEX_POINT('',#8523);
#2533=VERTEX_POINT('',#8525);
#2534=VERTEX_POINT('',#8527);
#2535=VERTEX_POINT('',#8531);
#2536=VERTEX_POINT('',#8532);
#2537=VERTEX_POINT('',#8534);
#2538=VERTEX_POINT('',#8536);
#2539=VERTEX_POINT('',#8540);
#2540=VERTEX_POINT('',#8542);
#2541=VERTEX_POINT('',#8546);
#2542=VERTEX_POINT('',#8550);
#2543=VERTEX_POINT('',#8551);
#2544=VERTEX_POINT('',#8553);
#2545=VERTEX_POINT('',#8555);
#2546=VERTEX_POINT('',#8559);
#2547=VERTEX_POINT('',#8560);
#2548=VERTEX_POINT('',#8562);
#2549=VERTEX_POINT('',#8564);
#2550=VERTEX_POINT('',#8568);
#2551=VERTEX_POINT('',#8570);
#2552=VERTEX_POINT('',#8574);
#2553=VERTEX_POINT('',#8576);
#2554=VERTEX_POINT('',#8580);
#2555=VERTEX_POINT('',#8584);
#2556=VERTEX_POINT('',#8588);
#2557=VERTEX_POINT('',#8589);
#2558=VERTEX_POINT('',#8591);
#2559=VERTEX_POINT('',#8593);
#2560=VERTEX_POINT('',#8597);
#2561=VERTEX_POINT('',#8598);
#2562=VERTEX_POINT('',#8600);
#2563=VERTEX_POINT('',#8602);
#2564=VERTEX_POINT('',#8606);
#2565=VERTEX_POINT('',#8608);
#2566=VERTEX_POINT('',#8612);
#2567=VERTEX_POINT('',#8614);
#2568=VERTEX_POINT('',#8618);
#2569=VERTEX_POINT('',#8622);
#2570=VERTEX_POINT('',#8626);
#2571=VERTEX_POINT('',#8627);
#2572=VERTEX_POINT('',#8629);
#2573=VERTEX_POINT('',#8631);
#2574=VERTEX_POINT('',#8635);
#2575=VERTEX_POINT('',#8636);
#2576=VERTEX_POINT('',#8638);
#2577=VERTEX_POINT('',#8640);
#2578=VERTEX_POINT('',#8644);
#2579=VERTEX_POINT('',#8646);
#2580=VERTEX_POINT('',#8650);
#2581=VERTEX_POINT('',#8654);
#2582=VERTEX_POINT('',#8655);
#2583=VERTEX_POINT('',#8657);
#2584=VERTEX_POINT('',#8659);
#2585=VERTEX_POINT('',#8663);
#2586=VERTEX_POINT('',#8664);
#2587=VERTEX_POINT('',#8666);
#2588=VERTEX_POINT('',#8668);
#2589=VERTEX_POINT('',#8672);
#2590=VERTEX_POINT('',#8674);
#2591=VERTEX_POINT('',#8678);
#2592=VERTEX_POINT('',#8682);
#2593=VERTEX_POINT('',#8683);
#2594=VERTEX_POINT('',#8685);
#2595=VERTEX_POINT('',#8687);
#2596=VERTEX_POINT('',#8691);
#2597=VERTEX_POINT('',#8693);
#2598=VERTEX_POINT('',#8697);
#2599=VERTEX_POINT('',#8701);
#2600=VERTEX_POINT('',#8702);
#2601=VERTEX_POINT('',#8704);
#2602=VERTEX_POINT('',#8706);
#2603=VERTEX_POINT('',#8710);
#2604=VERTEX_POINT('',#8711);
#2605=VERTEX_POINT('',#8713);
#2606=VERTEX_POINT('',#8715);
#2607=VERTEX_POINT('',#8724);
#2608=VERTEX_POINT('',#8725);
#2609=VERTEX_POINT('',#8727);
#2610=VERTEX_POINT('',#8729);
#2611=VERTEX_POINT('',#8733);
#2612=VERTEX_POINT('',#8734);
#2613=VERTEX_POINT('',#8736);
#2614=VERTEX_POINT('',#8738);
#2615=VERTEX_POINT('',#8747);
#2616=VERTEX_POINT('',#8751);
#2617=VERTEX_POINT('',#8752);
#2618=VERTEX_POINT('',#8754);
#2619=VERTEX_POINT('',#8756);
#2620=VERTEX_POINT('',#8760);
#2621=VERTEX_POINT('',#8764);
#2622=VERTEX_POINT('',#8765);
#2623=VERTEX_POINT('',#8767);
#2624=VERTEX_POINT('',#8769);
#2625=VERTEX_POINT('',#8773);
#2626=VERTEX_POINT('',#8774);
#2627=VERTEX_POINT('',#8776);
#2628=VERTEX_POINT('',#8778);
#2629=VERTEX_POINT('',#8782);
#2630=VERTEX_POINT('',#8786);
#2631=VERTEX_POINT('',#8788);
#2632=VERTEX_POINT('',#8792);
#2633=VERTEX_POINT('',#8796);
#2634=VERTEX_POINT('',#8797);
#2635=VERTEX_POINT('',#8799);
#2636=VERTEX_POINT('',#8801);
#2637=VERTEX_POINT('',#8805);
#2638=VERTEX_POINT('',#8809);
#2639=VERTEX_POINT('',#8811);
#2640=VERTEX_POINT('',#8815);
#2641=VERTEX_POINT('',#8819);
#2642=VERTEX_POINT('',#8823);
#2643=VERTEX_POINT('',#8824);
#2644=VERTEX_POINT('',#8826);
#2645=VERTEX_POINT('',#8828);
#2646=VERTEX_POINT('',#8832);
#2647=VERTEX_POINT('',#8836);
#2648=VERTEX_POINT('',#8838);
#2649=VERTEX_POINT('',#8842);
#2650=VERTEX_POINT('',#8846);
#2651=VERTEX_POINT('',#8847);
#2652=VERTEX_POINT('',#8849);
#2653=VERTEX_POINT('',#8851);
#2654=VERTEX_POINT('',#8855);
#2655=VERTEX_POINT('',#8859);
#2656=VERTEX_POINT('',#8861);
#2657=VERTEX_POINT('',#8865);
#2658=VERTEX_POINT('',#8869);
#2659=VERTEX_POINT('',#8873);
#2660=VERTEX_POINT('',#8877);
#2661=VERTEX_POINT('',#8878);
#2662=VERTEX_POINT('',#8880);
#2663=VERTEX_POINT('',#8882);
#2664=VERTEX_POINT('',#8886);
#2665=VERTEX_POINT('',#8895);
#2666=VERTEX_POINT('',#8896);
#2667=VERTEX_POINT('',#8898);
#2668=VERTEX_POINT('',#8900);
#2669=VERTEX_POINT('',#8904);
#2670=VERTEX_POINT('',#8905);
#2671=VERTEX_POINT('',#8907);
#2672=VERTEX_POINT('',#8909);
#2673=VERTEX_POINT('',#8918);
#2674=VERTEX_POINT('',#8919);
#2675=VERTEX_POINT('',#8921);
#2676=VERTEX_POINT('',#8923);
#2677=VERTEX_POINT('',#8927);
#2678=VERTEX_POINT('',#8934);
#2679=VERTEX_POINT('',#8936);
#2680=VERTEX_POINT('',#8942);
#2681=VERTEX_POINT('',#8946);
#2682=VERTEX_POINT('',#8950);
#2683=VERTEX_POINT('',#8954);
#2684=VERTEX_POINT('',#8955);
#2685=VERTEX_POINT('',#8957);
#2686=VERTEX_POINT('',#8959);
#2687=VERTEX_POINT('',#8963);
#2688=VERTEX_POINT('',#8965);
#2689=VERTEX_POINT('',#8969);
#2690=VERTEX_POINT('',#8970);
#2691=VERTEX_POINT('',#8972);
#2692=VERTEX_POINT('',#8974);
#2693=VERTEX_POINT('',#8978);
#2694=VERTEX_POINT('',#8979);
#2695=VERTEX_POINT('',#8981);
#2696=VERTEX_POINT('',#8983);
#2697=VERTEX_POINT('',#8987);
#2698=VERTEX_POINT('',#8989);
#2699=VERTEX_POINT('',#8993);
#2700=VERTEX_POINT('',#8997);
#2701=VERTEX_POINT('',#8998);
#2702=VERTEX_POINT('',#9000);
#2703=VERTEX_POINT('',#9002);
#2704=VERTEX_POINT('',#9006);
#2705=VERTEX_POINT('',#9007);
#2706=VERTEX_POINT('',#9009);
#2707=VERTEX_POINT('',#9011);
#2708=VERTEX_POINT('',#9015);
#2709=VERTEX_POINT('',#9017);
#2710=VERTEX_POINT('',#9021);
#2711=VERTEX_POINT('',#9023);
#2712=VERTEX_POINT('',#9027);
#2713=VERTEX_POINT('',#9031);
#2714=VERTEX_POINT('',#9035);
#2715=VERTEX_POINT('',#9036);
#2716=VERTEX_POINT('',#9038);
#2717=VERTEX_POINT('',#9040);
#2718=VERTEX_POINT('',#9044);
#2719=VERTEX_POINT('',#9045);
#2720=VERTEX_POINT('',#9047);
#2721=VERTEX_POINT('',#9049);
#2722=VERTEX_POINT('',#9053);
#2723=VERTEX_POINT('',#9055);
#2724=VERTEX_POINT('',#9059);
#2725=VERTEX_POINT('',#9061);
#2726=VERTEX_POINT('',#9065);
#2727=VERTEX_POINT('',#9069);
#2728=VERTEX_POINT('',#9073);
#2729=VERTEX_POINT('',#9074);
#2730=VERTEX_POINT('',#9076);
#2731=VERTEX_POINT('',#9078);
#2732=VERTEX_POINT('',#9082);
#2733=VERTEX_POINT('',#9083);
#2734=VERTEX_POINT('',#9085);
#2735=VERTEX_POINT('',#9087);
#2736=VERTEX_POINT('',#9091);
#2737=VERTEX_POINT('',#9093);
#2738=VERTEX_POINT('',#9097);
#2739=VERTEX_POINT('',#9099);
#2740=VERTEX_POINT('',#9103);
#2741=VERTEX_POINT('',#9107);
#2742=VERTEX_POINT('',#9111);
#2743=VERTEX_POINT('',#9112);
#2744=VERTEX_POINT('',#9114);
#2745=VERTEX_POINT('',#9116);
#2746=VERTEX_POINT('',#9120);
#2747=VERTEX_POINT('',#9122);
#2748=VERTEX_POINT('',#9126);
#2749=VERTEX_POINT('',#9130);
#2750=VERTEX_POINT('',#9131);
#2751=VERTEX_POINT('',#9133);
#2752=VERTEX_POINT('',#9135);
#2753=VERTEX_POINT('',#9139);
#2754=VERTEX_POINT('',#9143);
#2755=VERTEX_POINT('',#9144);
#2756=VERTEX_POINT('',#9146);
#2757=VERTEX_POINT('',#9148);
#2758=VERTEX_POINT('',#9152);
#2759=VERTEX_POINT('',#9156);
#2760=VERTEX_POINT('',#9157);
#2761=VERTEX_POINT('',#9159);
#2762=VERTEX_POINT('',#9161);
#2763=VERTEX_POINT('',#9165);
#2764=VERTEX_POINT('',#9166);
#2765=VERTEX_POINT('',#9168);
#2766=VERTEX_POINT('',#9170);
#2767=VERTEX_POINT('',#9174);
#2768=VERTEX_POINT('',#9175);
#2769=VERTEX_POINT('',#9177);
#2770=VERTEX_POINT('',#9179);
#2771=VERTEX_POINT('',#9183);
#2772=VERTEX_POINT('',#9185);
#2773=VERTEX_POINT('',#9189);
#2774=VERTEX_POINT('',#9193);
#2775=VERTEX_POINT('',#9194);
#2776=VERTEX_POINT('',#9196);
#2777=VERTEX_POINT('',#9198);
#2778=VERTEX_POINT('',#9202);
#2779=VERTEX_POINT('',#9204);
#2780=VERTEX_POINT('',#9208);
#2781=VERTEX_POINT('',#9210);
#2782=VERTEX_POINT('',#9214);
#2783=VERTEX_POINT('',#9218);
#2784=VERTEX_POINT('',#9219);
#2785=VERTEX_POINT('',#9221);
#2786=VERTEX_POINT('',#9223);
#2787=VERTEX_POINT('',#9227);
#2788=VERTEX_POINT('',#9231);
#2789=VERTEX_POINT('',#9233);
#2790=VERTEX_POINT('',#9237);
#2791=VERTEX_POINT('',#9241);
#2792=VERTEX_POINT('',#9242);
#2793=VERTEX_POINT('',#9244);
#2794=VERTEX_POINT('',#9246);
#2795=VERTEX_POINT('',#9250);
#2796=VERTEX_POINT('',#9254);
#2797=VERTEX_POINT('',#9256);
#2798=VERTEX_POINT('',#9260);
#2799=VERTEX_POINT('',#9262);
#2800=VERTEX_POINT('',#9266);
#2801=VERTEX_POINT('',#9270);
#2802=VERTEX_POINT('',#9274);
#2803=VERTEX_POINT('',#9275);
#2804=VERTEX_POINT('',#9277);
#2805=VERTEX_POINT('',#9279);
#2806=VERTEX_POINT('',#9283);
#2807=VERTEX_POINT('',#9287);
#2808=VERTEX_POINT('',#9289);
#2809=VERTEX_POINT('',#9293);
#2810=VERTEX_POINT('',#9297);
#2811=VERTEX_POINT('',#9298);
#2812=VERTEX_POINT('',#9300);
#2813=VERTEX_POINT('',#9302);
#2814=VERTEX_POINT('',#9306);
#2815=VERTEX_POINT('',#9310);
#2816=VERTEX_POINT('',#9312);
#2817=VERTEX_POINT('',#9316);
#2818=VERTEX_POINT('',#9320);
#2819=VERTEX_POINT('',#9321);
#2820=VERTEX_POINT('',#9326);
#2821=VERTEX_POINT('',#9332);
#2822=VERTEX_POINT('',#9333);
#2823=VERTEX_POINT('',#9335);
#2824=VERTEX_POINT('',#9337);
#2825=VERTEX_POINT('',#9341);
#2826=VERTEX_POINT('',#9348);
#2827=VERTEX_POINT('',#9350);
#2828=VERTEX_POINT('',#9356);
#2829=VERTEX_POINT('',#9360);
#2830=VERTEX_POINT('',#9364);
#2831=VERTEX_POINT('',#9365);
#2832=VERTEX_POINT('',#9367);
#2833=VERTEX_POINT('',#9369);
#2834=VERTEX_POINT('',#9373);
#2835=VERTEX_POINT('',#9377);
#2836=VERTEX_POINT('',#9381);
#2837=VERTEX_POINT('',#9385);
#2838=VERTEX_POINT('',#9391);
#2839=VERTEX_POINT('',#9392);
#2840=VERTEX_POINT('',#9394);
#2841=VERTEX_POINT('',#9396);
#2842=VERTEX_POINT('',#9400);
#2843=VERTEX_POINT('',#9402);
#2844=VERTEX_POINT('',#9406);
#2845=VERTEX_POINT('',#9407);
#2846=VERTEX_POINT('',#9409);
#2847=VERTEX_POINT('',#9411);
#2848=VERTEX_POINT('',#9415);
#2849=VERTEX_POINT('',#9416);
#2850=VERTEX_POINT('',#9418);
#2851=VERTEX_POINT('',#9420);
#2852=VERTEX_POINT('',#9424);
#2853=VERTEX_POINT('',#9425);
#2854=VERTEX_POINT('',#9427);
#2855=VERTEX_POINT('',#9429);
#2856=VERTEX_POINT('',#9433);
#2857=VERTEX_POINT('',#9434);
#2858=VERTEX_POINT('',#9436);
#2859=VERTEX_POINT('',#9438);
#2860=VERTEX_POINT('',#9442);
#2861=VERTEX_POINT('',#9443);
#2862=VERTEX_POINT('',#9445);
#2863=VERTEX_POINT('',#9447);
#2864=VERTEX_POINT('',#9451);
#2865=VERTEX_POINT('',#9452);
#2866=VERTEX_POINT('',#9454);
#2867=VERTEX_POINT('',#9456);
#2868=VERTEX_POINT('',#9460);
#2869=VERTEX_POINT('',#9462);
#2870=VERTEX_POINT('',#9466);
#2871=VERTEX_POINT('',#9467);
#2872=VERTEX_POINT('',#9469);
#2873=VERTEX_POINT('',#9471);
#2874=VERTEX_POINT('',#9475);
#2875=VERTEX_POINT('',#9476);
#2876=VERTEX_POINT('',#9478);
#2877=VERTEX_POINT('',#9480);
#2878=VERTEX_POINT('',#9484);
#2879=VERTEX_POINT('',#9485);
#2880=VERTEX_POINT('',#9487);
#2881=VERTEX_POINT('',#9489);
#2882=VERTEX_POINT('',#9493);
#2883=VERTEX_POINT('',#9494);
#2884=VERTEX_POINT('',#9496);
#2885=VERTEX_POINT('',#9498);
#2886=VERTEX_POINT('',#9502);
#2887=VERTEX_POINT('',#9503);
#2888=VERTEX_POINT('',#9505);
#2889=VERTEX_POINT('',#9507);
#2890=VERTEX_POINT('',#9511);
#2891=VERTEX_POINT('',#9512);
#2892=VERTEX_POINT('',#9514);
#2893=VERTEX_POINT('',#9516);
#2894=VERTEX_POINT('',#9520);
#2895=VERTEX_POINT('',#9522);
#2896=VERTEX_POINT('',#9526);
#2897=VERTEX_POINT('',#9528);
#2898=VERTEX_POINT('',#9532);
#2899=VERTEX_POINT('',#9534);
#2900=VERTEX_POINT('',#9538);
#2901=VERTEX_POINT('',#9540);
#2902=VERTEX_POINT('',#9544);
#2903=VERTEX_POINT('',#9546);
#2904=VERTEX_POINT('',#9550);
#2905=VERTEX_POINT('',#9552);
#2906=VERTEX_POINT('',#9556);
#2907=VERTEX_POINT('',#9558);
#2908=VERTEX_POINT('',#9562);
#2909=VERTEX_POINT('',#9564);
#2910=VERTEX_POINT('',#9568);
#2911=VERTEX_POINT('',#9570);
#2912=VERTEX_POINT('',#9574);
#2913=VERTEX_POINT('',#9576);
#2914=VERTEX_POINT('',#9580);
#2915=VERTEX_POINT('',#9582);
#2916=VERTEX_POINT('',#9586);
#2917=VERTEX_POINT('',#9588);
#2918=VERTEX_POINT('',#9592);
#2919=VERTEX_POINT('',#9594);
#2920=VERTEX_POINT('',#9598);
#2921=VERTEX_POINT('',#9600);
#2922=VERTEX_POINT('',#9604);
#2923=VERTEX_POINT('',#9606);
#2924=VERTEX_POINT('',#9610);
#2925=VERTEX_POINT('',#9611);
#2926=VERTEX_POINT('',#9613);
#2927=VERTEX_POINT('',#9615);
#2928=VERTEX_POINT('',#9619);
#2929=VERTEX_POINT('',#9620);
#2930=VERTEX_POINT('',#9622);
#2931=VERTEX_POINT('',#9624);
#2932=VERTEX_POINT('',#9631);
#2933=VERTEX_POINT('',#9633);
#2934=VERTEX_POINT('',#9637);
#2935=VERTEX_POINT('',#9638);
#2936=VERTEX_POINT('',#9640);
#2937=VERTEX_POINT('',#9642);
#2938=VERTEX_POINT('',#9646);
#2939=VERTEX_POINT('',#9647);
#2940=VERTEX_POINT('',#9649);
#2941=VERTEX_POINT('',#9651);
#2942=VERTEX_POINT('',#9658);
#2943=VERTEX_POINT('',#9660);
#2944=VERTEX_POINT('',#9664);
#2945=VERTEX_POINT('',#9665);
#2946=VERTEX_POINT('',#9667);
#2947=VERTEX_POINT('',#9669);
#2948=VERTEX_POINT('',#9673);
#2949=VERTEX_POINT('',#9675);
#2950=VERTEX_POINT('',#9679);
#2951=VERTEX_POINT('',#9680);
#2952=VERTEX_POINT('',#9682);
#2953=VERTEX_POINT('',#9684);
#2954=VERTEX_POINT('',#9688);
#2955=VERTEX_POINT('',#9689);
#2956=VERTEX_POINT('',#9691);
#2957=VERTEX_POINT('',#9693);
#2958=VERTEX_POINT('',#9697);
#2959=VERTEX_POINT('',#9698);
#2960=VERTEX_POINT('',#9700);
#2961=VERTEX_POINT('',#9702);
#2962=VERTEX_POINT('',#9706);
#2963=VERTEX_POINT('',#9707);
#2964=VERTEX_POINT('',#9709);
#2965=VERTEX_POINT('',#9711);
#2966=VERTEX_POINT('',#9715);
#2967=VERTEX_POINT('',#9716);
#2968=VERTEX_POINT('',#9718);
#2969=VERTEX_POINT('',#9720);
#2970=VERTEX_POINT('',#9724);
#2971=VERTEX_POINT('',#9725);
#2972=VERTEX_POINT('',#9727);
#2973=VERTEX_POINT('',#9729);
#2974=VERTEX_POINT('',#9736);
#2975=VERTEX_POINT('',#9737);
#2976=VERTEX_POINT('',#9739);
#2977=VERTEX_POINT('',#9741);
#2978=VERTEX_POINT('',#9745);
#2979=VERTEX_POINT('',#9746);
#2980=VERTEX_POINT('',#9748);
#2981=VERTEX_POINT('',#9750);
#2982=VERTEX_POINT('',#9754);
#2983=VERTEX_POINT('',#9755);
#2984=VERTEX_POINT('',#9757);
#2985=VERTEX_POINT('',#9759);
#2986=VERTEX_POINT('',#9763);
#2987=VERTEX_POINT('',#9764);
#2988=VERTEX_POINT('',#9766);
#2989=VERTEX_POINT('',#9768);
#2990=VERTEX_POINT('',#9772);
#2991=VERTEX_POINT('',#9773);
#2992=VERTEX_POINT('',#9775);
#2993=VERTEX_POINT('',#9777);
#2994=VERTEX_POINT('',#9781);
#2995=VERTEX_POINT('',#9782);
#2996=VERTEX_POINT('',#9784);
#2997=VERTEX_POINT('',#9786);
#2998=VERTEX_POINT('',#9790);
#2999=VERTEX_POINT('',#9792);
#3000=VERTEX_POINT('',#9796);
#3001=VERTEX_POINT('',#9798);
#3002=VERTEX_POINT('',#9802);
#3003=VERTEX_POINT('',#9804);
#3004=VERTEX_POINT('',#9808);
#3005=VERTEX_POINT('',#9810);
#3006=VERTEX_POINT('',#9814);
#3007=VERTEX_POINT('',#9816);
#3008=VERTEX_POINT('',#9820);
#3009=VERTEX_POINT('',#9822);
#3010=VERTEX_POINT('',#9826);
#3011=VERTEX_POINT('',#9828);
#3012=VERTEX_POINT('',#9832);
#3013=VERTEX_POINT('',#9836);
#3014=VERTEX_POINT('',#9838);
#3015=VERTEX_POINT('',#9842);
#3016=VERTEX_POINT('',#9844);
#3017=VERTEX_POINT('',#9848);
#3018=VERTEX_POINT('',#9850);
#3019=VERTEX_POINT('',#9854);
#3020=VERTEX_POINT('',#9856);
#3021=VERTEX_POINT('',#9860);
#3022=VERTEX_POINT('',#9862);
#3023=VERTEX_POINT('',#9866);
#3024=VERTEX_POINT('',#9868);
#3025=VERTEX_POINT('',#9872);
#3026=VERTEX_POINT('',#9874);
#3027=VERTEX_POINT('',#9878);
#3028=VERTEX_POINT('',#9879);
#3029=VERTEX_POINT('',#9881);
#3030=VERTEX_POINT('',#9883);
#3031=VERTEX_POINT('',#9887);
#3032=VERTEX_POINT('',#9888);
#3033=VERTEX_POINT('',#9890);
#3034=VERTEX_POINT('',#9892);
#3035=VERTEX_POINT('',#9902);
#3036=VERTEX_POINT('',#9903);
#3037=VERTEX_POINT('',#9905);
#3038=VERTEX_POINT('',#9907);
#3039=VERTEX_POINT('',#9911);
#3040=VERTEX_POINT('',#9912);
#3041=VERTEX_POINT('',#9914);
#3042=VERTEX_POINT('',#9916);
#3043=VERTEX_POINT('',#9926);
#3044=VERTEX_POINT('',#9927);
#3045=VERTEX_POINT('',#9929);
#3046=VERTEX_POINT('',#9931);
#3047=VERTEX_POINT('',#9935);
#3048=VERTEX_POINT('',#9937);
#3049=VERTEX_POINT('',#9944);
#3050=VERTEX_POINT('',#9946);
#3051=VERTEX_POINT('',#9950);
#3052=VERTEX_POINT('',#9951);
#3053=VERTEX_POINT('',#9953);
#3054=VERTEX_POINT('',#9955);
#3055=VERTEX_POINT('',#9962);
#3056=VERTEX_POINT('',#9964);
#3057=VERTEX_POINT('',#9968);
#3058=VERTEX_POINT('',#9970);
#3059=VERTEX_POINT('',#9974);
#3060=VERTEX_POINT('',#9975);
#3061=VERTEX_POINT('',#9977);
#3062=VERTEX_POINT('',#9979);
#3063=VERTEX_POINT('',#9986);
#3064=VERTEX_POINT('',#9988);
#3065=VERTEX_POINT('',#9992);
#3066=VERTEX_POINT('',#9994);
#3067=VERTEX_POINT('',#9998);
#3068=VERTEX_POINT('',#9999);
#3069=VERTEX_POINT('',#10001);
#3070=VERTEX_POINT('',#10003);
#3071=VERTEX_POINT('',#10010);
#3072=VERTEX_POINT('',#10012);
#3073=VERTEX_POINT('',#10016);
#3074=VERTEX_POINT('',#10018);
#3075=VERTEX_POINT('',#10022);
#3076=VERTEX_POINT('',#10023);
#3077=VERTEX_POINT('',#10025);
#3078=VERTEX_POINT('',#10027);
#3079=VERTEX_POINT('',#10037);
#3080=VERTEX_POINT('',#10039);
#3081=VERTEX_POINT('',#10043);
#3082=VERTEX_POINT('',#10044);
#3083=VERTEX_POINT('',#10046);
#3084=VERTEX_POINT('',#10048);
#3085=VERTEX_POINT('',#10058);
#3086=VERTEX_POINT('',#10060);
#3087=VERTEX_POINT('',#10064);
#3088=VERTEX_POINT('',#10065);
#3089=VERTEX_POINT('',#10067);
#3090=VERTEX_POINT('',#10069);
#3091=VERTEX_POINT('',#10079);
#3092=VERTEX_POINT('',#10085);
#3093=VERTEX_POINT('',#10089);
#3094=VERTEX_POINT('',#10093);
#3095=VERTEX_POINT('',#10097);
#3096=VERTEX_POINT('',#10103);
#3097=VERTEX_POINT('',#10107);
#3098=VERTEX_POINT('',#10108);
#3099=VERTEX_POINT('',#10112);
#3100=VERTEX_POINT('',#10114);
#3101=VERTEX_POINT('',#10117);
#3102=VERTEX_POINT('',#10119);
#3103=VERTEX_POINT('',#10122);
#3104=VERTEX_POINT('',#10124);
#3105=VERTEX_POINT('',#10128);
#3106=VERTEX_POINT('',#10130);
#3107=VERTEX_POINT('',#10133);
#3108=VERTEX_POINT('',#10135);
#3109=VERTEX_POINT('',#10138);
#3110=VERTEX_POINT('',#10140);
#3111=VERTEX_POINT('',#10143);
#3112=VERTEX_POINT('',#10146);
#3113=VERTEX_POINT('',#10149);
#3114=VERTEX_POINT('',#10151);
#3115=VERTEX_POINT('',#10154);
#3116=VERTEX_POINT('',#10156);
#3117=VERTEX_POINT('',#10197);
#3118=VERTEX_POINT('',#10203);
#3119=VERTEX_POINT('',#10207);
#3120=VERTEX_POINT('',#10211);
#3121=VERTEX_POINT('',#10215);
#3122=VERTEX_POINT('',#10221);
#3123=VERTEX_POINT('',#10225);
#3124=VERTEX_POINT('',#10226);
#3125=VERTEX_POINT('',#10230);
#3126=VERTEX_POINT('',#10232);
#3127=VERTEX_POINT('',#10235);
#3128=VERTEX_POINT('',#10237);
#3129=VERTEX_POINT('',#10240);
#3130=VERTEX_POINT('',#10242);
#3131=VERTEX_POINT('',#10246);
#3132=VERTEX_POINT('',#10248);
#3133=VERTEX_POINT('',#10251);
#3134=VERTEX_POINT('',#10253);
#3135=VERTEX_POINT('',#10256);
#3136=VERTEX_POINT('',#10258);
#3137=VERTEX_POINT('',#10261);
#3138=VERTEX_POINT('',#10264);
#3139=VERTEX_POINT('',#10267);
#3140=VERTEX_POINT('',#10269);
#3141=VERTEX_POINT('',#10272);
#3142=VERTEX_POINT('',#10274);
#3143=VERTEX_POINT('',#10315);
#3144=VERTEX_POINT('',#10316);
#3145=VERTEX_POINT('',#10341);
#3146=VERTEX_POINT('',#10355);
#3147=VERTEX_POINT('',#10373);
#3148=VERTEX_POINT('',#10374);
#3149=VERTEX_POINT('',#10376);
#3150=VERTEX_POINT('',#10378);
#3151=VERTEX_POINT('',#10382);
#3152=VERTEX_POINT('',#10384);
#3153=VERTEX_POINT('',#10388);
#3154=VERTEX_POINT('',#10390);
#3155=EDGE_CURVE('',#2531,#2532,#659,.T.);
#3156=EDGE_CURVE('',#2531,#2533,#660,.T.);
#3157=EDGE_CURVE('',#2534,#2533,#661,.T.);
#3158=EDGE_CURVE('',#2532,#2534,#662,.T.);
#3159=EDGE_CURVE('',#2535,#2536,#663,.T.);
#3160=EDGE_CURVE('',#2537,#2535,#664,.T.);
#3161=EDGE_CURVE('',#2538,#2537,#665,.T.);
#3162=EDGE_CURVE('',#2536,#2538,#666,.T.);
#3163=EDGE_CURVE('',#2539,#2534,#667,.T.);
#3164=EDGE_CURVE('',#2539,#2540,#668,.T.);
#3165=EDGE_CURVE('',#2540,#2532,#669,.T.);
#3166=EDGE_CURVE('',#2533,#2541,#670,.T.);
#3167=EDGE_CURVE('',#2541,#2539,#671,.T.);
#3168=EDGE_CURVE('',#2542,#2543,#672,.T.);
#3169=EDGE_CURVE('',#2542,#2544,#673,.T.);
#3170=EDGE_CURVE('',#2545,#2544,#674,.T.);
#3171=EDGE_CURVE('',#2543,#2545,#675,.T.);
#3172=EDGE_CURVE('',#2546,#2547,#676,.T.);
#3173=EDGE_CURVE('',#2548,#2546,#677,.T.);
#3174=EDGE_CURVE('',#2549,#2548,#678,.T.);
#3175=EDGE_CURVE('',#2547,#2549,#679,.T.);
#3176=EDGE_CURVE('',#2544,#2550,#680,.T.);
#3177=EDGE_CURVE('',#2550,#2551,#681,.T.);
#3178=EDGE_CURVE('',#2551,#2545,#682,.T.);
#3179=EDGE_CURVE('',#2548,#2552,#683,.T.);
#3180=EDGE_CURVE('',#2552,#2553,#684,.T.);
#3181=EDGE_CURVE('',#2553,#2549,#685,.T.);
#3182=EDGE_CURVE('',#2551,#2554,#686,.T.);
#3183=EDGE_CURVE('',#2554,#2543,#687,.T.);
#3184=EDGE_CURVE('',#2546,#2555,#688,.T.);
#3185=EDGE_CURVE('',#2555,#2552,#689,.T.);
#3186=EDGE_CURVE('',#2556,#2557,#690,.T.);
#3187=EDGE_CURVE('',#2556,#2558,#691,.T.);
#3188=EDGE_CURVE('',#2559,#2558,#692,.T.);
#3189=EDGE_CURVE('',#2557,#2559,#693,.T.);
#3190=EDGE_CURVE('',#2560,#2561,#694,.T.);
#3191=EDGE_CURVE('',#2562,#2560,#695,.T.);
#3192=EDGE_CURVE('',#2563,#2562,#696,.T.);
#3193=EDGE_CURVE('',#2561,#2563,#697,.T.);
#3194=EDGE_CURVE('',#2558,#2564,#698,.T.);
#3195=EDGE_CURVE('',#2564,#2565,#699,.T.);
#3196=EDGE_CURVE('',#2565,#2559,#700,.T.);
#3197=EDGE_CURVE('',#2562,#2566,#701,.T.);
#3198=EDGE_CURVE('',#2566,#2567,#702,.T.);
#3199=EDGE_CURVE('',#2567,#2563,#703,.T.);
#3200=EDGE_CURVE('',#2565,#2568,#704,.T.);
#3201=EDGE_CURVE('',#2568,#2557,#705,.T.);
#3202=EDGE_CURVE('',#2560,#2569,#706,.T.);
#3203=EDGE_CURVE('',#2569,#2566,#707,.T.);
#3204=EDGE_CURVE('',#2570,#2571,#708,.T.);
#3205=EDGE_CURVE('',#2572,#2571,#709,.T.);
#3206=EDGE_CURVE('',#2573,#2572,#710,.T.);
#3207=EDGE_CURVE('',#2570,#2573,#711,.T.);
#3208=EDGE_CURVE('',#2574,#2575,#712,.T.);
#3209=EDGE_CURVE('',#2575,#2576,#713,.T.);
#3210=EDGE_CURVE('',#2577,#2576,#714,.T.);
#3211=EDGE_CURVE('',#2574,#2577,#715,.T.);
#3212=EDGE_CURVE('',#2572,#2578,#716,.T.);
#3213=EDGE_CURVE('',#2578,#2579,#717,.T.);
#3214=EDGE_CURVE('',#2573,#2579,#718,.T.);
#3215=EDGE_CURVE('',#2571,#2580,#719,.T.);
#3216=EDGE_CURVE('',#2580,#2578,#720,.T.);
#3217=EDGE_CURVE('',#2581,#2582,#721,.T.);
#3218=EDGE_CURVE('',#2583,#2582,#722,.T.);
#3219=EDGE_CURVE('',#2584,#2583,#723,.T.);
#3220=EDGE_CURVE('',#2581,#2584,#724,.T.);
#3221=EDGE_CURVE('',#2585,#2586,#725,.T.);
#3222=EDGE_CURVE('',#2586,#2587,#726,.T.);
#3223=EDGE_CURVE('',#2588,#2587,#727,.T.);
#3224=EDGE_CURVE('',#2585,#2588,#728,.T.);
#3225=EDGE_CURVE('',#2583,#2589,#729,.T.);
#3226=EDGE_CURVE('',#2589,#2590,#730,.T.);
#3227=EDGE_CURVE('',#2584,#2590,#731,.T.);
#3228=EDGE_CURVE('',#2582,#2591,#732,.T.);
#3229=EDGE_CURVE('',#2591,#2589,#733,.T.);
#3230=EDGE_CURVE('',#2592,#2593,#734,.T.);
#3231=EDGE_CURVE('',#2593,#2594,#735,.T.);
#3232=EDGE_CURVE('',#2595,#2594,#736,.T.);
#3233=EDGE_CURVE('',#2592,#2595,#737,.T.);
#3234=EDGE_CURVE('',#2596,#2595,#738,.T.);
#3235=EDGE_CURVE('',#2596,#2597,#739,.T.);
#3236=EDGE_CURVE('',#2597,#2592,#740,.T.);
#3237=EDGE_CURVE('',#2598,#2594,#741,.T.);
#3238=EDGE_CURVE('',#2598,#2596,#742,.T.);
#3239=EDGE_CURVE('',#2599,#2600,#743,.T.);
#3240=EDGE_CURVE('',#2601,#2600,#744,.T.);
#3241=EDGE_CURVE('',#2602,#2601,#745,.T.);
#3242=EDGE_CURVE('',#2599,#2602,#746,.T.);
#3243=EDGE_CURVE('',#2603,#2604,#747,.T.);
#3244=EDGE_CURVE('',#2604,#2605,#748,.T.);
#3245=EDGE_CURVE('',#2606,#2605,#749,.T.);
#3246=EDGE_CURVE('',#2603,#2606,#750,.T.);
#3247=EDGE_CURVE('',#2602,#2587,#751,.T.);
#3248=EDGE_CURVE('',#2601,#2588,#752,.T.);
#3249=EDGE_CURVE('',#2600,#2585,#753,.T.);
#3250=EDGE_CURVE('',#2607,#2608,#754,.T.);
#3251=EDGE_CURVE('',#2609,#2608,#755,.T.);
#3252=EDGE_CURVE('',#2610,#2609,#756,.T.);
#3253=EDGE_CURVE('',#2607,#2610,#757,.T.);
#3254=EDGE_CURVE('',#2611,#2612,#758,.T.);
#3255=EDGE_CURVE('',#2612,#2613,#759,.T.);
#3256=EDGE_CURVE('',#2614,#2613,#760,.T.);
#3257=EDGE_CURVE('',#2611,#2614,#761,.T.);
#3258=EDGE_CURVE('',#2610,#2576,#762,.T.);
#3259=EDGE_CURVE('',#2609,#2577,#763,.T.);
#3260=EDGE_CURVE('',#2608,#2574,#764,.T.);
#3261=EDGE_CURVE('',#2615,#2569,#765,.T.);
#3262=EDGE_CURVE('',#2615,#2567,#766,.T.);
#3263=EDGE_CURVE('',#2616,#2617,#767,.T.);
#3264=EDGE_CURVE('',#2618,#2616,#768,.T.);
#3265=EDGE_CURVE('',#2619,#2618,#769,.T.);
#3266=EDGE_CURVE('',#2617,#2619,#770,.T.);
#3267=EDGE_CURVE('',#2620,#2555,#771,.T.);
#3268=EDGE_CURVE('',#2620,#2553,#772,.T.);
#3269=EDGE_CURVE('',#2621,#2622,#773,.T.);
#3270=EDGE_CURVE('',#2623,#2621,#774,.T.);
#3271=EDGE_CURVE('',#2624,#2623,#775,.T.);
#3272=EDGE_CURVE('',#2622,#2624,#776,.T.);
#3273=EDGE_CURVE('',#2625,#2626,#777,.T.);
#3274=EDGE_CURVE('',#2625,#2627,#778,.T.);
#3275=EDGE_CURVE('',#2628,#2627,#779,.T.);
#3276=EDGE_CURVE('',#2626,#2628,#780,.T.);
#3277=EDGE_CURVE('',#2540,#2629,#781,.T.);
#3278=EDGE_CURVE('',#2629,#2541,#782,.T.);
#3279=EDGE_CURVE('',#2630,#2628,#783,.T.);
#3280=EDGE_CURVE('',#2630,#2631,#784,.T.);
#3281=EDGE_CURVE('',#2631,#2626,#785,.T.);
#3282=EDGE_CURVE('',#2627,#2632,#786,.T.);
#3283=EDGE_CURVE('',#2632,#2630,#787,.T.);
#3284=EDGE_CURVE('',#2633,#2634,#788,.T.);
#3285=EDGE_CURVE('',#2633,#2635,#789,.T.);
#3286=EDGE_CURVE('',#2636,#2635,#790,.T.);
#3287=EDGE_CURVE('',#2634,#2636,#791,.T.);
#3288=EDGE_CURVE('',#2554,#2637,#792,.T.);
#3289=EDGE_CURVE('',#2637,#2550,#793,.T.);
#3290=EDGE_CURVE('',#2638,#2636,#794,.T.);
#3291=EDGE_CURVE('',#2638,#2639,#795,.T.);
#3292=EDGE_CURVE('',#2639,#2634,#796,.T.);
#3293=EDGE_CURVE('',#2635,#2640,#797,.T.);
#3294=EDGE_CURVE('',#2640,#2638,#798,.T.);
#3295=EDGE_CURVE('',#2568,#2641,#799,.T.);
#3296=EDGE_CURVE('',#2641,#2564,#800,.T.);
#3297=EDGE_CURVE('',#2642,#2643,#801,.T.);
#3298=EDGE_CURVE('',#2644,#2643,#802,.T.);
#3299=EDGE_CURVE('',#2645,#2644,#803,.T.);
#3300=EDGE_CURVE('',#2642,#2645,#804,.T.);
#3301=EDGE_CURVE('',#2580,#2646,#805,.T.);
#3302=EDGE_CURVE('',#2646,#2579,#806,.T.);
#3303=EDGE_CURVE('',#2644,#2647,#807,.T.);
#3304=EDGE_CURVE('',#2647,#2648,#808,.T.);
#3305=EDGE_CURVE('',#2645,#2648,#809,.T.);
#3306=EDGE_CURVE('',#2643,#2649,#810,.T.);
#3307=EDGE_CURVE('',#2649,#2647,#811,.T.);
#3308=EDGE_CURVE('',#2650,#2651,#812,.T.);
#3309=EDGE_CURVE('',#2652,#2651,#813,.T.);
#3310=EDGE_CURVE('',#2653,#2652,#814,.T.);
#3311=EDGE_CURVE('',#2650,#2653,#815,.T.);
#3312=EDGE_CURVE('',#2591,#2654,#816,.T.);
#3313=EDGE_CURVE('',#2654,#2590,#817,.T.);
#3314=EDGE_CURVE('',#2652,#2655,#818,.T.);
#3315=EDGE_CURVE('',#2655,#2656,#819,.T.);
#3316=EDGE_CURVE('',#2653,#2656,#820,.T.);
#3317=EDGE_CURVE('',#2651,#2657,#821,.T.);
#3318=EDGE_CURVE('',#2657,#2655,#822,.T.);
#3319=EDGE_CURVE('',#2658,#2597,#823,.T.);
#3320=EDGE_CURVE('',#2658,#2598,#824,.T.);
#3321=EDGE_CURVE('',#2657,#2659,#825,.T.);
#3322=EDGE_CURVE('',#2659,#2656,#826,.T.);
#3323=EDGE_CURVE('',#2660,#2661,#827,.T.);
#3324=EDGE_CURVE('',#2662,#2661,#828,.T.);
#3325=EDGE_CURVE('',#2663,#2662,#829,.T.);
#3326=EDGE_CURVE('',#2660,#2663,#830,.T.);
#3327=EDGE_CURVE('',#2649,#2664,#831,.T.);
#3328=EDGE_CURVE('',#2664,#2648,#832,.T.);
#3329=EDGE_CURVE('',#2663,#2605,#833,.T.);
#3330=EDGE_CURVE('',#2662,#2606,#834,.T.);
#3331=EDGE_CURVE('',#2661,#2603,#835,.T.);
#3332=EDGE_CURVE('',#2665,#2666,#836,.T.);
#3333=EDGE_CURVE('',#2667,#2666,#837,.T.);
#3334=EDGE_CURVE('',#2668,#2667,#838,.T.);
#3335=EDGE_CURVE('',#2665,#2668,#839,.T.);
#3336=EDGE_CURVE('',#2669,#2670,#840,.T.);
#3337=EDGE_CURVE('',#2670,#2671,#841,.T.);
#3338=EDGE_CURVE('',#2672,#2671,#842,.T.);
#3339=EDGE_CURVE('',#2669,#2672,#843,.T.);
#3340=EDGE_CURVE('',#2668,#2613,#844,.T.);
#3341=EDGE_CURVE('',#2667,#2614,#845,.T.);
#3342=EDGE_CURVE('',#2666,#2611,#846,.T.);
#3343=EDGE_CURVE('',#2673,#2674,#847,.T.);
#3344=EDGE_CURVE('',#2673,#2675,#848,.T.);
#3345=EDGE_CURVE('',#2676,#2675,#849,.T.);
#3346=EDGE_CURVE('',#2674,#2676,#850,.T.);
#3347=EDGE_CURVE('',#2639,#2677,#851,.T.);
#3348=EDGE_CURVE('',#2677,#2640,#852,.T.);
#3349=EDGE_CURVE('',#2618,#2676,#853,.T.);
#3350=EDGE_CURVE('',#2675,#2619,#854,.T.);
#3351=EDGE_CURVE('',#2623,#2678,#855,.T.);
#3352=EDGE_CURVE('',#2678,#2679,#856,.T.);
#3353=EDGE_CURVE('',#2679,#2624,#857,.T.);
#3354=EDGE_CURVE('',#2616,#2674,#858,.T.);
#3355=EDGE_CURVE('',#2621,#2680,#859,.T.);
#3356=EDGE_CURVE('',#2680,#2678,#860,.T.);
#3357=EDGE_CURVE('',#2681,#2680,#861,.T.);
#3358=EDGE_CURVE('',#2681,#2679,#862,.T.);
#3359=EDGE_CURVE('',#2631,#2682,#863,.T.);
#3360=EDGE_CURVE('',#2682,#2632,#864,.T.);
#3361=EDGE_CURVE('',#2683,#2684,#865,.T.);
#3362=EDGE_CURVE('',#2684,#2685,#866,.T.);
#3363=EDGE_CURVE('',#2686,#2685,#867,.T.);
#3364=EDGE_CURVE('',#2683,#2686,#868,.T.);
#3365=EDGE_CURVE('',#2687,#2686,#869,.T.);
#3366=EDGE_CURVE('',#2687,#2688,#870,.T.);
#3367=EDGE_CURVE('',#2688,#2683,#871,.T.);
#3368=EDGE_CURVE('',#2689,#2690,#872,.T.);
#3369=EDGE_CURVE('',#2690,#2691,#873,.T.);
#3370=EDGE_CURVE('',#2692,#2691,#874,.T.);
#3371=EDGE_CURVE('',#2689,#2692,#875,.T.);
#3372=EDGE_CURVE('',#2693,#2694,#876,.T.);
#3373=EDGE_CURVE('',#2695,#2694,#877,.T.);
#3374=EDGE_CURVE('',#2696,#2695,#878,.T.);
#3375=EDGE_CURVE('',#2693,#2696,#879,.T.);
#3376=EDGE_CURVE('',#2697,#2692,#880,.T.);
#3377=EDGE_CURVE('',#2697,#2698,#881,.T.);
#3378=EDGE_CURVE('',#2698,#2689,#882,.T.);
#3379=EDGE_CURVE('',#2699,#2691,#883,.T.);
#3380=EDGE_CURVE('',#2699,#2697,#884,.T.);
#3381=EDGE_CURVE('',#2700,#2701,#885,.T.);
#3382=EDGE_CURVE('',#2701,#2702,#886,.T.);
#3383=EDGE_CURVE('',#2703,#2702,#887,.T.);
#3384=EDGE_CURVE('',#2700,#2703,#888,.T.);
#3385=EDGE_CURVE('',#2704,#2705,#889,.T.);
#3386=EDGE_CURVE('',#2706,#2705,#890,.T.);
#3387=EDGE_CURVE('',#2707,#2706,#891,.T.);
#3388=EDGE_CURVE('',#2704,#2707,#892,.T.);
#3389=EDGE_CURVE('',#2708,#2702,#893,.T.);
#3390=EDGE_CURVE('',#2708,#2709,#894,.T.);
#3391=EDGE_CURVE('',#2709,#2703,#895,.T.);
#3392=EDGE_CURVE('',#2706,#2710,#896,.T.);
#3393=EDGE_CURVE('',#2710,#2711,#897,.T.);
#3394=EDGE_CURVE('',#2707,#2711,#898,.T.);
#3395=EDGE_CURVE('',#2709,#2712,#899,.T.);
#3396=EDGE_CURVE('',#2712,#2700,#900,.T.);
#3397=EDGE_CURVE('',#2705,#2713,#901,.T.);
#3398=EDGE_CURVE('',#2713,#2710,#902,.T.);
#3399=EDGE_CURVE('',#2714,#2715,#903,.T.);
#3400=EDGE_CURVE('',#2714,#2716,#904,.T.);
#3401=EDGE_CURVE('',#2717,#2716,#905,.T.);
#3402=EDGE_CURVE('',#2715,#2717,#906,.T.);
#3403=EDGE_CURVE('',#2718,#2719,#907,.T.);
#3404=EDGE_CURVE('',#2720,#2718,#908,.T.);
#3405=EDGE_CURVE('',#2721,#2720,#909,.T.);
#3406=EDGE_CURVE('',#2719,#2721,#910,.T.);
#3407=EDGE_CURVE('',#2716,#2722,#911,.T.);
#3408=EDGE_CURVE('',#2722,#2723,#912,.T.);
#3409=EDGE_CURVE('',#2723,#2717,#913,.T.);
#3410=EDGE_CURVE('',#2720,#2724,#914,.T.);
#3411=EDGE_CURVE('',#2724,#2725,#915,.T.);
#3412=EDGE_CURVE('',#2725,#2721,#916,.T.);
#3413=EDGE_CURVE('',#2723,#2726,#917,.T.);
#3414=EDGE_CURVE('',#2726,#2715,#918,.T.);
#3415=EDGE_CURVE('',#2718,#2727,#919,.T.);
#3416=EDGE_CURVE('',#2727,#2724,#920,.T.);
#3417=EDGE_CURVE('',#2728,#2729,#921,.T.);
#3418=EDGE_CURVE('',#2728,#2730,#922,.T.);
#3419=EDGE_CURVE('',#2731,#2730,#923,.T.);
#3420=EDGE_CURVE('',#2729,#2731,#924,.T.);
#3421=EDGE_CURVE('',#2732,#2733,#925,.T.);
#3422=EDGE_CURVE('',#2734,#2732,#926,.T.);
#3423=EDGE_CURVE('',#2735,#2734,#927,.T.);
#3424=EDGE_CURVE('',#2733,#2735,#928,.T.);
#3425=EDGE_CURVE('',#2730,#2736,#929,.T.);
#3426=EDGE_CURVE('',#2736,#2737,#930,.T.);
#3427=EDGE_CURVE('',#2737,#2731,#931,.T.);
#3428=EDGE_CURVE('',#2734,#2738,#932,.T.);
#3429=EDGE_CURVE('',#2738,#2739,#933,.T.);
#3430=EDGE_CURVE('',#2739,#2735,#934,.T.);
#3431=EDGE_CURVE('',#2737,#2740,#935,.T.);
#3432=EDGE_CURVE('',#2740,#2729,#936,.T.);
#3433=EDGE_CURVE('',#2732,#2741,#937,.T.);
#3434=EDGE_CURVE('',#2741,#2738,#938,.T.);
#3435=EDGE_CURVE('',#2742,#2743,#939,.T.);
#3436=EDGE_CURVE('',#2744,#2742,#940,.T.);
#3437=EDGE_CURVE('',#2745,#2744,#941,.T.);
#3438=EDGE_CURVE('',#2743,#2745,#942,.T.);
#3439=EDGE_CURVE('',#2744,#2746,#943,.T.);
#3440=EDGE_CURVE('',#2746,#2747,#944,.T.);
#3441=EDGE_CURVE('',#2747,#2745,#945,.T.);
#3442=EDGE_CURVE('',#2748,#2741,#946,.T.);
#3443=EDGE_CURVE('',#2748,#2739,#947,.T.);
#3444=EDGE_CURVE('',#2749,#2750,#948,.T.);
#3445=EDGE_CURVE('',#2751,#2749,#949,.T.);
#3446=EDGE_CURVE('',#2752,#2751,#950,.T.);
#3447=EDGE_CURVE('',#2750,#2752,#951,.T.);
#3448=EDGE_CURVE('',#2753,#2727,#952,.T.);
#3449=EDGE_CURVE('',#2753,#2725,#953,.T.);
#3450=EDGE_CURVE('',#2754,#2755,#954,.T.);
#3451=EDGE_CURVE('',#2756,#2754,#955,.T.);
#3452=EDGE_CURVE('',#2757,#2756,#956,.T.);
#3453=EDGE_CURVE('',#2755,#2757,#957,.T.);
#3454=EDGE_CURVE('',#2713,#2758,#958,.T.);
#3455=EDGE_CURVE('',#2758,#2711,#959,.T.);
#3456=EDGE_CURVE('',#2759,#2760,#960,.T.);
#3457=EDGE_CURVE('',#2761,#2760,#961,.T.);
#3458=EDGE_CURVE('',#2762,#2761,#962,.T.);
#3459=EDGE_CURVE('',#2759,#2762,#963,.T.);
#3460=EDGE_CURVE('',#2763,#2764,#964,.T.);
#3461=EDGE_CURVE('',#2765,#2764,#965,.T.);
#3462=EDGE_CURVE('',#2766,#2765,#966,.T.);
#3463=EDGE_CURVE('',#2763,#2766,#967,.T.);
#3464=EDGE_CURVE('',#2767,#2768,#968,.T.);
#3465=EDGE_CURVE('',#2768,#2769,#969,.T.);
#3466=EDGE_CURVE('',#2770,#2769,#970,.T.);
#3467=EDGE_CURVE('',#2767,#2770,#971,.T.);
#3468=EDGE_CURVE('',#2765,#2771,#972,.T.);
#3469=EDGE_CURVE('',#2771,#2772,#973,.T.);
#3470=EDGE_CURVE('',#2766,#2772,#974,.T.);
#3471=EDGE_CURVE('',#2764,#2773,#975,.T.);
#3472=EDGE_CURVE('',#2773,#2771,#976,.T.);
#3473=EDGE_CURVE('',#2774,#2775,#977,.T.);
#3474=EDGE_CURVE('',#2775,#2776,#978,.T.);
#3475=EDGE_CURVE('',#2777,#2776,#979,.T.);
#3476=EDGE_CURVE('',#2774,#2777,#980,.T.);
#3477=EDGE_CURVE('',#2778,#2688,#981,.T.);
#3478=EDGE_CURVE('',#2779,#2687,#982,.T.);
#3479=EDGE_CURVE('',#2778,#2779,#983,.T.);
#3480=EDGE_CURVE('',#2780,#2777,#984,.T.);
#3481=EDGE_CURVE('',#2780,#2781,#985,.T.);
#3482=EDGE_CURVE('',#2781,#2774,#986,.T.);
#3483=EDGE_CURVE('',#2782,#2776,#987,.T.);
#3484=EDGE_CURVE('',#2782,#2780,#988,.T.);
#3485=EDGE_CURVE('',#2783,#2784,#989,.T.);
#3486=EDGE_CURVE('',#2784,#2785,#990,.T.);
#3487=EDGE_CURVE('',#2786,#2785,#991,.T.);
#3488=EDGE_CURVE('',#2783,#2786,#992,.T.);
#3489=EDGE_CURVE('',#2787,#2698,#993,.T.);
#3490=EDGE_CURVE('',#2787,#2699,#994,.T.);
#3491=EDGE_CURVE('',#2788,#2786,#995,.T.);
#3492=EDGE_CURVE('',#2788,#2789,#996,.T.);
#3493=EDGE_CURVE('',#2789,#2783,#997,.T.);
#3494=EDGE_CURVE('',#2790,#2785,#998,.T.);
#3495=EDGE_CURVE('',#2790,#2788,#999,.T.);
#3496=EDGE_CURVE('',#2791,#2792,#1000,.T.);
#3497=EDGE_CURVE('',#2792,#2793,#1001,.T.);
#3498=EDGE_CURVE('',#2794,#2793,#1002,.T.);
#3499=EDGE_CURVE('',#2791,#2794,#1003,.T.);
#3500=EDGE_CURVE('',#2795,#2712,#1004,.T.);
#3501=EDGE_CURVE('',#2795,#2708,#1005,.T.);
#3502=EDGE_CURVE('',#2796,#2793,#1006,.T.);
#3503=EDGE_CURVE('',#2797,#2796,#1007,.T.);
#3504=EDGE_CURVE('',#2797,#2794,#1008,.T.);
#3505=EDGE_CURVE('',#2761,#2798,#1009,.T.);
#3506=EDGE_CURVE('',#2798,#2799,#1010,.T.);
#3507=EDGE_CURVE('',#2762,#2799,#1011,.T.);
#3508=EDGE_CURVE('',#2800,#2797,#1012,.T.);
#3509=EDGE_CURVE('',#2800,#2791,#1013,.T.);
#3510=EDGE_CURVE('',#2760,#2801,#1014,.T.);
#3511=EDGE_CURVE('',#2801,#2798,#1015,.T.);
#3512=EDGE_CURVE('',#2802,#2803,#1016,.T.);
#3513=EDGE_CURVE('',#2802,#2804,#1017,.T.);
#3514=EDGE_CURVE('',#2805,#2804,#1018,.T.);
#3515=EDGE_CURVE('',#2803,#2805,#1019,.T.);
#3516=EDGE_CURVE('',#2726,#2806,#1020,.T.);
#3517=EDGE_CURVE('',#2806,#2722,#1021,.T.);
#3518=EDGE_CURVE('',#2807,#2805,#1022,.T.);
#3519=EDGE_CURVE('',#2807,#2808,#1023,.T.);
#3520=EDGE_CURVE('',#2808,#2803,#1024,.T.);
#3521=EDGE_CURVE('',#2804,#2809,#1025,.T.);
#3522=EDGE_CURVE('',#2809,#2807,#1026,.T.);
#3523=EDGE_CURVE('',#2810,#2811,#1027,.T.);
#3524=EDGE_CURVE('',#2810,#2812,#1028,.T.);
#3525=EDGE_CURVE('',#2813,#2812,#1029,.T.);
#3526=EDGE_CURVE('',#2811,#2813,#1030,.T.);
#3527=EDGE_CURVE('',#2740,#2814,#1031,.T.);
#3528=EDGE_CURVE('',#2814,#2736,#1032,.T.);
#3529=EDGE_CURVE('',#2815,#2813,#1033,.T.);
#3530=EDGE_CURVE('',#2815,#2816,#1034,.T.);
#3531=EDGE_CURVE('',#2816,#2811,#1035,.T.);
#3532=EDGE_CURVE('',#2812,#2817,#1036,.T.);
#3533=EDGE_CURVE('',#2817,#2815,#1037,.T.);
#3534=EDGE_CURVE('',#2818,#2819,#1038,.T.);
#3535=EDGE_CURVE('',#2818,#2747,#1039,.T.);
#3536=EDGE_CURVE('',#2819,#2746,#1040,.T.);
#3537=EDGE_CURVE('',#2816,#2820,#1041,.T.);
#3538=EDGE_CURVE('',#2820,#2817,#1042,.T.);
#3539=EDGE_CURVE('',#2742,#2819,#1043,.T.);
#3540=EDGE_CURVE('',#2821,#2822,#1044,.T.);
#3541=EDGE_CURVE('',#2821,#2823,#1045,.T.);
#3542=EDGE_CURVE('',#2824,#2823,#1046,.T.);
#3543=EDGE_CURVE('',#2822,#2824,#1047,.T.);
#3544=EDGE_CURVE('',#2808,#2825,#1048,.T.);
#3545=EDGE_CURVE('',#2825,#2809,#1049,.T.);
#3546=EDGE_CURVE('',#2751,#2824,#1050,.T.);
#3547=EDGE_CURVE('',#2823,#2752,#1051,.T.);
#3548=EDGE_CURVE('',#2756,#2826,#1052,.T.);
#3549=EDGE_CURVE('',#2826,#2827,#1053,.T.);
#3550=EDGE_CURVE('',#2827,#2757,#1054,.T.);
#3551=EDGE_CURVE('',#2749,#2822,#1055,.T.);
#3552=EDGE_CURVE('',#2754,#2828,#1056,.T.);
#3553=EDGE_CURVE('',#2828,#2826,#1057,.T.);
#3554=EDGE_CURVE('',#2829,#2828,#1058,.T.);
#3555=EDGE_CURVE('',#2829,#2827,#1059,.T.);
#3556=EDGE_CURVE('',#2830,#2831,#1060,.T.);
#3557=EDGE_CURVE('',#2832,#2830,#1061,.T.);
#3558=EDGE_CURVE('',#2833,#2832,#1062,.T.);
#3559=EDGE_CURVE('',#2831,#2833,#1063,.T.);
#3560=EDGE_CURVE('',#2801,#2834,#1064,.T.);
#3561=EDGE_CURVE('',#2834,#2799,#1065,.T.);
#3562=EDGE_CURVE('',#2835,#2789,#1066,.T.);
#3563=EDGE_CURVE('',#2835,#2790,#1067,.T.);
#3564=EDGE_CURVE('',#2836,#2781,#1068,.T.);
#3565=EDGE_CURVE('',#2836,#2782,#1069,.T.);
#3566=EDGE_CURVE('',#2773,#2837,#1070,.T.);
#3567=EDGE_CURVE('',#2837,#2772,#1071,.T.);
#3568=EDGE_CURVE('',#2779,#2685,#1072,.T.);
#3569=EDGE_CURVE('',#2838,#2839,#1073,.T.);
#3570=EDGE_CURVE('',#2840,#2839,#1074,.T.);
#3571=EDGE_CURVE('',#2840,#2841,#1075,.T.);
#3572=EDGE_CURVE('',#2838,#2841,#1076,.T.);
#3573=EDGE_CURVE('',#2537,#2842,#1077,.T.);
#3574=EDGE_CURVE('',#2843,#2842,#1078,.T.);
#3575=EDGE_CURVE('',#2843,#2538,#1079,.T.);
#3576=EDGE_CURVE('',#2844,#2845,#1080,.T.);
#3577=EDGE_CURVE('',#2846,#2845,#1081,.T.);
#3578=EDGE_CURVE('',#2846,#2847,#1082,.T.);
#3579=EDGE_CURVE('',#2844,#2847,#1083,.T.);
#3580=EDGE_CURVE('',#2848,#2849,#1084,.T.);
#3581=EDGE_CURVE('',#2850,#2849,#1085,.T.);
#3582=EDGE_CURVE('',#2850,#2851,#1086,.T.);
#3583=EDGE_CURVE('',#2848,#2851,#1087,.T.);
#3584=EDGE_CURVE('',#2852,#2853,#1088,.T.);
#3585=EDGE_CURVE('',#2854,#2853,#1089,.T.);
#3586=EDGE_CURVE('',#2854,#2855,#1090,.T.);
#3587=EDGE_CURVE('',#2852,#2855,#1091,.T.);
#3588=EDGE_CURVE('',#2856,#2857,#1092,.T.);
#3589=EDGE_CURVE('',#2858,#2857,#1093,.T.);
#3590=EDGE_CURVE('',#2858,#2859,#1094,.T.);
#3591=EDGE_CURVE('',#2856,#2859,#1095,.T.);
#3592=EDGE_CURVE('',#2860,#2861,#1096,.T.);
#3593=EDGE_CURVE('',#2862,#2861,#1097,.T.);
#3594=EDGE_CURVE('',#2862,#2863,#1098,.T.);
#3595=EDGE_CURVE('',#2860,#2863,#1099,.T.);
#3596=EDGE_CURVE('',#2864,#2865,#1100,.T.);
#3597=EDGE_CURVE('',#2866,#2865,#1101,.T.);
#3598=EDGE_CURVE('',#2866,#2867,#1102,.T.);
#3599=EDGE_CURVE('',#2864,#2867,#1103,.T.);
#3600=EDGE_CURVE('',#2868,#2671,#1104,.T.);
#3601=EDGE_CURVE('',#2869,#2868,#1105,.T.);
#3602=EDGE_CURVE('',#2869,#2672,#1106,.T.);
#3603=EDGE_CURVE('',#2870,#2871,#1107,.T.);
#3604=EDGE_CURVE('',#2872,#2871,#1108,.T.);
#3605=EDGE_CURVE('',#2872,#2873,#1109,.T.);
#3606=EDGE_CURVE('',#2870,#2873,#1110,.T.);
#3607=EDGE_CURVE('',#2874,#2875,#1111,.T.);
#3608=EDGE_CURVE('',#2876,#2875,#1112,.T.);
#3609=EDGE_CURVE('',#2876,#2877,#1113,.T.);
#3610=EDGE_CURVE('',#2874,#2877,#1114,.T.);
#3611=EDGE_CURVE('',#2878,#2879,#1115,.T.);
#3612=EDGE_CURVE('',#2880,#2879,#1116,.T.);
#3613=EDGE_CURVE('',#2880,#2881,#1117,.T.);
#3614=EDGE_CURVE('',#2878,#2881,#1118,.T.);
#3615=EDGE_CURVE('',#2882,#2883,#1119,.T.);
#3616=EDGE_CURVE('',#2884,#2883,#1120,.T.);
#3617=EDGE_CURVE('',#2884,#2885,#1121,.T.);
#3618=EDGE_CURVE('',#2882,#2885,#1122,.T.);
#3619=EDGE_CURVE('',#2886,#2887,#1123,.T.);
#3620=EDGE_CURVE('',#2886,#2888,#1124,.T.);
#3621=EDGE_CURVE('',#2889,#2888,#1125,.T.);
#3622=EDGE_CURVE('',#2887,#2889,#1126,.T.);
#3623=EDGE_CURVE('',#2890,#2891,#1127,.T.);
#3624=EDGE_CURVE('',#2892,#2891,#1128,.T.);
#3625=EDGE_CURVE('',#2892,#2893,#1129,.T.);
#3626=EDGE_CURVE('',#2890,#2893,#1130,.T.);
#3627=EDGE_CURVE('',#2847,#2894,#1131,.T.);
#3628=EDGE_CURVE('',#2894,#2895,#1132,.T.);
#3629=EDGE_CURVE('',#2895,#2844,#1133,.T.);
#3630=EDGE_CURVE('',#2855,#2896,#1134,.T.);
#3631=EDGE_CURVE('',#2896,#2897,#1135,.T.);
#3632=EDGE_CURVE('',#2897,#2852,#1136,.T.);
#3633=EDGE_CURVE('',#2839,#2898,#1137,.T.);
#3634=EDGE_CURVE('',#2898,#2899,#1138,.T.);
#3635=EDGE_CURVE('',#2899,#2840,#1139,.T.);
#3636=EDGE_CURVE('',#2842,#2900,#1140,.T.);
#3637=EDGE_CURVE('',#2900,#2901,#1141,.T.);
#3638=EDGE_CURVE('',#2901,#2843,#1142,.T.);
#3639=EDGE_CURVE('',#2849,#2902,#1143,.T.);
#3640=EDGE_CURVE('',#2902,#2903,#1144,.T.);
#3641=EDGE_CURVE('',#2903,#2850,#1145,.T.);
#3642=EDGE_CURVE('',#2887,#2904,#1146,.T.);
#3643=EDGE_CURVE('',#2904,#2905,#1147,.T.);
#3644=EDGE_CURVE('',#2905,#2886,#1148,.T.);
#3645=EDGE_CURVE('',#2857,#2906,#1149,.T.);
#3646=EDGE_CURVE('',#2906,#2907,#1150,.T.);
#3647=EDGE_CURVE('',#2907,#2858,#1151,.T.);
#3648=EDGE_CURVE('',#2868,#2908,#1152,.T.);
#3649=EDGE_CURVE('',#2908,#2909,#1153,.T.);
#3650=EDGE_CURVE('',#2909,#2869,#1154,.T.);
#3651=EDGE_CURVE('',#2861,#2910,#1155,.T.);
#3652=EDGE_CURVE('',#2910,#2911,#1156,.T.);
#3653=EDGE_CURVE('',#2911,#2862,#1157,.T.);
#3654=EDGE_CURVE('',#2877,#2912,#1158,.T.);
#3655=EDGE_CURVE('',#2912,#2913,#1159,.T.);
#3656=EDGE_CURVE('',#2913,#2874,#1160,.T.);
#3657=EDGE_CURVE('',#2865,#2914,#1161,.T.);
#3658=EDGE_CURVE('',#2914,#2915,#1162,.T.);
#3659=EDGE_CURVE('',#2915,#2866,#1163,.T.);
#3660=EDGE_CURVE('',#2885,#2916,#1164,.T.);
#3661=EDGE_CURVE('',#2916,#2917,#1165,.T.);
#3662=EDGE_CURVE('',#2917,#2882,#1166,.T.);
#3663=EDGE_CURVE('',#2871,#2918,#1167,.T.);
#3664=EDGE_CURVE('',#2918,#2919,#1168,.T.);
#3665=EDGE_CURVE('',#2919,#2872,#1169,.T.);
#3666=EDGE_CURVE('',#2893,#2920,#1170,.T.);
#3667=EDGE_CURVE('',#2920,#2921,#1171,.T.);
#3668=EDGE_CURVE('',#2921,#2890,#1172,.T.);
#3669=EDGE_CURVE('',#2879,#2922,#1173,.T.);
#3670=EDGE_CURVE('',#2922,#2923,#1174,.T.);
#3671=EDGE_CURVE('',#2923,#2880,#1175,.T.);
#3672=EDGE_CURVE('',#2924,#2925,#1176,.T.);
#3673=EDGE_CURVE('',#2924,#2926,#1177,.T.);
#3674=EDGE_CURVE('',#2927,#2926,#1178,.T.);
#3675=EDGE_CURVE('',#2925,#2927,#1179,.T.);
#3676=EDGE_CURVE('',#2928,#2929,#1180,.T.);
#3677=EDGE_CURVE('',#2928,#2930,#1181,.T.);
#3678=EDGE_CURVE('',#2931,#2930,#1182,.T.);
#3679=EDGE_CURVE('',#2929,#2931,#1183,.T.);
#3680=EDGE_CURVE('',#2930,#2927,#1184,.T.);
#3681=EDGE_CURVE('',#2926,#2931,#1185,.T.);
#3682=EDGE_CURVE('',#2929,#2932,#1186,.T.);
#3683=EDGE_CURVE('',#2932,#2933,#1187,.T.);
#3684=EDGE_CURVE('',#2933,#2928,#1188,.T.);
#3685=EDGE_CURVE('',#2934,#2935,#1189,.T.);
#3686=EDGE_CURVE('',#2934,#2936,#1190,.T.);
#3687=EDGE_CURVE('',#2937,#2936,#1191,.T.);
#3688=EDGE_CURVE('',#2935,#2937,#1192,.T.);
#3689=EDGE_CURVE('',#2938,#2939,#1193,.T.);
#3690=EDGE_CURVE('',#2938,#2940,#1194,.T.);
#3691=EDGE_CURVE('',#2941,#2940,#1195,.T.);
#3692=EDGE_CURVE('',#2939,#2941,#1196,.T.);
#3693=EDGE_CURVE('',#2940,#2937,#1197,.T.);
#3694=EDGE_CURVE('',#2936,#2941,#1198,.T.);
#3695=EDGE_CURVE('',#2939,#2942,#1199,.T.);
#3696=EDGE_CURVE('',#2942,#2943,#1200,.T.);
#3697=EDGE_CURVE('',#2943,#2938,#1201,.T.);
#3698=EDGE_CURVE('',#2944,#2945,#1202,.T.);
#3699=EDGE_CURVE('',#2946,#2945,#1203,.T.);
#3700=EDGE_CURVE('',#2946,#2947,#1204,.T.);
#3701=EDGE_CURVE('',#2944,#2947,#1205,.T.);
#3702=EDGE_CURVE('',#2832,#2948,#1206,.T.);
#3703=EDGE_CURVE('',#2949,#2948,#1207,.T.);
#3704=EDGE_CURVE('',#2949,#2833,#1208,.T.);
#3705=EDGE_CURVE('',#2950,#2951,#1209,.T.);
#3706=EDGE_CURVE('',#2952,#2951,#1210,.T.);
#3707=EDGE_CURVE('',#2952,#2953,#1211,.T.);
#3708=EDGE_CURVE('',#2950,#2953,#1212,.T.);
#3709=EDGE_CURVE('',#2954,#2955,#1213,.T.);
#3710=EDGE_CURVE('',#2956,#2955,#1214,.T.);
#3711=EDGE_CURVE('',#2956,#2957,#1215,.T.);
#3712=EDGE_CURVE('',#2954,#2957,#1216,.T.);
#3713=EDGE_CURVE('',#2958,#2959,#1217,.T.);
#3714=EDGE_CURVE('',#2960,#2959,#1218,.T.);
#3715=EDGE_CURVE('',#2960,#2961,#1219,.T.);
#3716=EDGE_CURVE('',#2958,#2961,#1220,.T.);
#3717=EDGE_CURVE('',#2962,#2963,#1221,.T.);
#3718=EDGE_CURVE('',#2964,#2963,#1222,.T.);
#3719=EDGE_CURVE('',#2964,#2965,#1223,.T.);
#3720=EDGE_CURVE('',#2962,#2965,#1224,.T.);
#3721=EDGE_CURVE('',#2966,#2967,#1225,.T.);
#3722=EDGE_CURVE('',#2968,#2967,#1226,.T.);
#3723=EDGE_CURVE('',#2968,#2969,#1227,.T.);
#3724=EDGE_CURVE('',#2966,#2969,#1228,.T.);
#3725=EDGE_CURVE('',#2970,#2971,#1229,.T.);
#3726=EDGE_CURVE('',#2972,#2971,#1230,.T.);
#3727=EDGE_CURVE('',#2972,#2973,#1231,.T.);
#3728=EDGE_CURVE('',#2970,#2973,#1232,.T.);
#3729=EDGE_CURVE('',#2695,#2770,#1233,.T.);
#3730=EDGE_CURVE('',#2696,#2769,#1234,.T.);
#3731=EDGE_CURVE('',#2974,#2975,#1235,.T.);
#3732=EDGE_CURVE('',#2976,#2975,#1236,.T.);
#3733=EDGE_CURVE('',#2976,#2977,#1237,.T.);
#3734=EDGE_CURVE('',#2974,#2977,#1238,.T.);
#3735=EDGE_CURVE('',#2978,#2979,#1239,.T.);
#3736=EDGE_CURVE('',#2980,#2979,#1240,.T.);
#3737=EDGE_CURVE('',#2980,#2981,#1241,.T.);
#3738=EDGE_CURVE('',#2978,#2981,#1242,.T.);
#3739=EDGE_CURVE('',#2982,#2983,#1243,.T.);
#3740=EDGE_CURVE('',#2984,#2983,#1244,.T.);
#3741=EDGE_CURVE('',#2984,#2985,#1245,.T.);
#3742=EDGE_CURVE('',#2982,#2985,#1246,.T.);
#3743=EDGE_CURVE('',#2986,#2987,#1247,.T.);
#3744=EDGE_CURVE('',#2988,#2987,#1248,.T.);
#3745=EDGE_CURVE('',#2988,#2989,#1249,.T.);
#3746=EDGE_CURVE('',#2986,#2989,#1250,.T.);
#3747=EDGE_CURVE('',#2990,#2991,#1251,.T.);
#3748=EDGE_CURVE('',#2990,#2992,#1252,.T.);
#3749=EDGE_CURVE('',#2993,#2992,#1253,.T.);
#3750=EDGE_CURVE('',#2991,#2993,#1254,.T.);
#3751=EDGE_CURVE('',#2994,#2995,#1255,.T.);
#3752=EDGE_CURVE('',#2996,#2995,#1256,.T.);
#3753=EDGE_CURVE('',#2996,#2997,#1257,.T.);
#3754=EDGE_CURVE('',#2994,#2997,#1258,.T.);
#3755=EDGE_CURVE('',#2953,#2998,#1259,.T.);
#3756=EDGE_CURVE('',#2998,#2999,#1260,.T.);
#3757=EDGE_CURVE('',#2999,#2950,#1261,.T.);
#3758=EDGE_CURVE('',#2961,#3000,#1262,.T.);
#3759=EDGE_CURVE('',#3000,#3001,#1263,.T.);
#3760=EDGE_CURVE('',#3001,#2958,#1264,.T.);
#3761=EDGE_CURVE('',#2945,#3002,#1265,.T.);
#3762=EDGE_CURVE('',#3002,#3003,#1266,.T.);
#3763=EDGE_CURVE('',#3003,#2946,#1267,.T.);
#3764=EDGE_CURVE('',#2948,#3004,#1268,.T.);
#3765=EDGE_CURVE('',#3004,#3005,#1269,.T.);
#3766=EDGE_CURVE('',#3005,#2949,#1270,.T.);
#3767=EDGE_CURVE('',#2955,#3006,#1271,.T.);
#3768=EDGE_CURVE('',#3006,#3007,#1272,.T.);
#3769=EDGE_CURVE('',#3007,#2956,#1273,.T.);
#3770=EDGE_CURVE('',#2991,#3008,#1274,.T.);
#3771=EDGE_CURVE('',#3008,#3009,#1275,.T.);
#3772=EDGE_CURVE('',#3009,#2990,#1276,.T.);
#3773=EDGE_CURVE('',#2963,#3010,#1277,.T.);
#3774=EDGE_CURVE('',#3010,#3011,#1278,.T.);
#3775=EDGE_CURVE('',#3011,#2964,#1279,.T.);
#3776=EDGE_CURVE('',#2796,#3012,#1280,.T.);
#3777=EDGE_CURVE('',#3012,#2800,#1281,.T.);
#3778=EDGE_CURVE('',#2967,#3013,#1282,.T.);
#3779=EDGE_CURVE('',#3013,#3014,#1283,.T.);
#3780=EDGE_CURVE('',#3014,#2968,#1284,.T.);
#3781=EDGE_CURVE('',#2981,#3015,#1285,.T.);
#3782=EDGE_CURVE('',#3015,#3016,#1286,.T.);
#3783=EDGE_CURVE('',#3016,#2978,#1287,.T.);
#3784=EDGE_CURVE('',#2971,#3017,#1288,.T.);
#3785=EDGE_CURVE('',#3017,#3018,#1289,.T.);
#3786=EDGE_CURVE('',#3018,#2972,#1290,.T.);
#3787=EDGE_CURVE('',#2989,#3019,#1291,.T.);
#3788=EDGE_CURVE('',#3019,#3020,#1292,.T.);
#3789=EDGE_CURVE('',#3020,#2986,#1293,.T.);
#3790=EDGE_CURVE('',#2975,#3021,#1294,.T.);
#3791=EDGE_CURVE('',#3021,#3022,#1295,.T.);
#3792=EDGE_CURVE('',#3022,#2976,#1296,.T.);
#3793=EDGE_CURVE('',#2997,#3023,#1297,.T.);
#3794=EDGE_CURVE('',#3023,#3024,#1298,.T.);
#3795=EDGE_CURVE('',#3024,#2994,#1299,.T.);
#3796=EDGE_CURVE('',#2983,#3025,#1300,.T.);
#3797=EDGE_CURVE('',#3025,#3026,#1301,.T.);
#3798=EDGE_CURVE('',#3026,#2984,#1302,.T.);
#3799=EDGE_CURVE('',#3027,#3028,#1303,.T.);
#3800=EDGE_CURVE('',#3027,#3029,#1304,.T.);
#3801=EDGE_CURVE('',#3030,#3029,#1305,.T.);
#3802=EDGE_CURVE('',#3028,#3030,#1306,.T.);
#3803=EDGE_CURVE('',#3031,#3032,#1307,.T.);
#3804=EDGE_CURVE('',#3031,#3033,#1308,.T.);
#3805=EDGE_CURVE('',#3034,#3033,#1309,.T.);
#3806=EDGE_CURVE('',#3032,#3034,#1310,.T.);
#3807=EDGE_CURVE('',#3033,#3030,#1311,.T.);
#3808=EDGE_CURVE('',#3029,#3034,#1312,.T.);
#3809=EDGE_CURVE('',#2935,#3031,#1313,.T.);
#3810=EDGE_CURVE('',#3032,#2934,#1314,.T.);
#3811=EDGE_CURVE('',#3035,#3036,#1315,.T.);
#3812=EDGE_CURVE('',#3035,#3037,#1316,.T.);
#3813=EDGE_CURVE('',#3038,#3037,#1317,.T.);
#3814=EDGE_CURVE('',#3036,#3038,#1318,.T.);
#3815=EDGE_CURVE('',#3039,#3040,#1319,.T.);
#3816=EDGE_CURVE('',#3039,#3041,#1320,.T.);
#3817=EDGE_CURVE('',#3042,#3041,#1321,.T.);
#3818=EDGE_CURVE('',#3040,#3042,#1322,.T.);
#3819=EDGE_CURVE('',#3041,#3038,#1323,.T.);
#3820=EDGE_CURVE('',#3037,#3042,#1324,.T.);
#3821=EDGE_CURVE('',#2925,#3039,#1325,.T.);
#3822=EDGE_CURVE('',#3040,#2924,#1326,.T.);
#3823=EDGE_CURVE('',#3043,#3044,#1327,.T.);
#3824=EDGE_CURVE('',#3043,#3045,#1328,.T.);
#3825=EDGE_CURVE('',#3046,#3045,#1329,.T.);
#3826=EDGE_CURVE('',#3044,#3046,#1330,.T.);
#3827=EDGE_CURVE('',#2904,#3047,#1331,.T.);
#3828=EDGE_CURVE('',#3048,#3047,#1332,.T.);
#3829=EDGE_CURVE('',#2905,#3048,#1333,.T.);
#3830=EDGE_CURVE('',#3047,#3046,#1334,.T.);
#3831=EDGE_CURVE('',#3045,#3048,#1335,.T.);
#3832=EDGE_CURVE('',#2932,#3049,#1336,.T.);
#3833=EDGE_CURVE('',#3050,#3049,#1337,.T.);
#3834=EDGE_CURVE('',#2933,#3050,#1338,.T.);
#3835=EDGE_CURVE('',#3051,#3052,#1339,.T.);
#3836=EDGE_CURVE('',#3051,#3053,#1340,.T.);
#3837=EDGE_CURVE('',#3054,#3053,#1341,.T.);
#3838=EDGE_CURVE('',#3052,#3054,#1342,.T.);
#3839=EDGE_CURVE('',#3053,#3050,#1343,.T.);
#3840=EDGE_CURVE('',#3049,#3054,#1344,.T.);
#3841=EDGE_CURVE('',#3052,#3055,#1345,.T.);
#3842=EDGE_CURVE('',#3055,#3056,#1346,.T.);
#3843=EDGE_CURVE('',#3056,#3051,#1347,.T.);
#3844=EDGE_CURVE('',#2942,#3057,#1348,.T.);
#3845=EDGE_CURVE('',#3058,#3057,#1349,.T.);
#3846=EDGE_CURVE('',#2943,#3058,#1350,.T.);
#3847=EDGE_CURVE('',#3059,#3060,#1351,.T.);
#3848=EDGE_CURVE('',#3059,#3061,#1352,.T.);
#3849=EDGE_CURVE('',#3062,#3061,#1353,.T.);
#3850=EDGE_CURVE('',#3060,#3062,#1354,.T.);
#3851=EDGE_CURVE('',#3061,#3058,#1355,.T.);
#3852=EDGE_CURVE('',#3057,#3062,#1356,.T.);
#3853=EDGE_CURVE('',#3060,#3063,#1357,.T.);
#3854=EDGE_CURVE('',#3063,#3064,#1358,.T.);
#3855=EDGE_CURVE('',#3064,#3059,#1359,.T.);
#3856=EDGE_CURVE('',#3008,#3065,#1360,.T.);
#3857=EDGE_CURVE('',#3066,#3065,#1361,.T.);
#3858=EDGE_CURVE('',#3009,#3066,#1362,.T.);
#3859=EDGE_CURVE('',#3067,#3068,#1363,.T.);
#3860=EDGE_CURVE('',#3067,#3069,#1364,.T.);
#3861=EDGE_CURVE('',#3070,#3069,#1365,.T.);
#3862=EDGE_CURVE('',#3068,#3070,#1366,.T.);
#3863=EDGE_CURVE('',#3069,#3066,#1367,.T.);
#3864=EDGE_CURVE('',#3065,#3070,#1368,.T.);
#3865=EDGE_CURVE('',#3068,#3071,#1369,.T.);
#3866=EDGE_CURVE('',#3071,#3072,#1370,.T.);
#3867=EDGE_CURVE('',#3072,#3067,#1371,.T.);
#3868=EDGE_CURVE('',#3071,#3073,#1372,.T.);
#3869=EDGE_CURVE('',#3074,#3073,#1373,.T.);
#3870=EDGE_CURVE('',#3072,#3074,#1374,.T.);
#3871=EDGE_CURVE('',#3075,#3076,#1375,.T.);
#3872=EDGE_CURVE('',#3075,#3077,#1376,.T.);
#3873=EDGE_CURVE('',#3078,#3077,#1377,.T.);
#3874=EDGE_CURVE('',#3076,#3078,#1378,.T.);
#3875=EDGE_CURVE('',#3077,#3074,#1379,.T.);
#3876=EDGE_CURVE('',#3073,#3078,#1380,.T.);
#3877=EDGE_CURVE('',#3028,#3075,#1381,.T.);
#3878=EDGE_CURVE('',#3076,#3027,#1382,.T.);
#3879=EDGE_CURVE('',#3063,#3079,#1383,.T.);
#3880=EDGE_CURVE('',#3080,#3079,#1384,.T.);
#3881=EDGE_CURVE('',#3064,#3080,#1385,.T.);
#3882=EDGE_CURVE('',#3081,#3082,#1386,.T.);
#3883=EDGE_CURVE('',#3081,#3083,#1387,.T.);
#3884=EDGE_CURVE('',#3084,#3083,#1388,.T.);
#3885=EDGE_CURVE('',#3082,#3084,#1389,.T.);
#3886=EDGE_CURVE('',#3083,#3080,#1390,.T.);
#3887=EDGE_CURVE('',#3079,#3084,#1391,.T.);
#3888=EDGE_CURVE('',#3036,#3081,#1392,.T.);
#3889=EDGE_CURVE('',#3082,#3035,#1393,.T.);
#3890=EDGE_CURVE('',#3055,#3085,#1394,.T.);
#3891=EDGE_CURVE('',#3086,#3085,#1395,.T.);
#3892=EDGE_CURVE('',#3056,#3086,#1396,.T.);
#3893=EDGE_CURVE('',#3087,#3088,#1397,.T.);
#3894=EDGE_CURVE('',#3087,#3089,#1398,.T.);
#3895=EDGE_CURVE('',#3090,#3089,#1399,.T.);
#3896=EDGE_CURVE('',#3088,#3090,#1400,.T.);
#3897=EDGE_CURVE('',#3089,#3086,#1401,.T.);
#3898=EDGE_CURVE('',#3085,#3090,#1402,.T.);
#3899=EDGE_CURVE('',#3044,#3087,#1403,.T.);
#3900=EDGE_CURVE('',#3088,#3043,#1404,.T.);
#3901=EDGE_CURVE('',#3001,#3091,#1405,.T.);
#3902=EDGE_CURVE('',#3091,#2959,#1406,.T.);
#3903=EDGE_CURVE('',#2830,#3004,#1407,.T.);
#3904=EDGE_CURVE('',#3011,#3092,#1408,.T.);
#3905=EDGE_CURVE('',#3092,#2965,#1409,.T.);
#3906=EDGE_CURVE('',#3093,#3006,#1410,.T.);
#3907=EDGE_CURVE('',#3093,#2954,#1411,.T.);
#3908=EDGE_CURVE('',#3026,#3094,#1412,.T.);
#3909=EDGE_CURVE('',#3094,#2985,#1413,.T.);
#3910=EDGE_CURVE('',#3095,#3021,#1414,.T.);
#3911=EDGE_CURVE('',#3095,#2974,#1415,.T.);
#3912=EDGE_CURVE('',#2694,#2767,#1416,.T.);
#3913=EDGE_CURVE('',#3096,#3015,#1417,.T.);
#3914=EDGE_CURVE('',#3096,#2980,#1418,.T.);
#3915=EDGE_CURVE('',#3097,#3098,#1419,.T.);
#3916=EDGE_CURVE('',#3098,#2982,#1420,.T.);
#3917=EDGE_CURVE('',#3094,#3095,#1421,.T.);
#3918=EDGE_CURVE('',#3099,#2977,#1422,.T.);
#3919=EDGE_CURVE('',#3099,#3100,#1423,.T.);
#3920=EDGE_CURVE('',#3100,#2970,#1424,.T.);
#3921=EDGE_CURVE('',#3101,#2973,#1425,.T.);
#3922=EDGE_CURVE('',#3101,#3102,#1426,.T.);
#3923=EDGE_CURVE('',#3102,#2966,#1427,.T.);
#3924=EDGE_CURVE('',#3103,#2969,#1428,.T.);
#3925=EDGE_CURVE('',#3103,#3104,#1429,.T.);
#3926=EDGE_CURVE('',#3104,#2962,#1430,.T.);
#3927=EDGE_CURVE('',#3092,#3093,#1431,.T.);
#3928=EDGE_CURVE('',#3105,#2957,#1432,.T.);
#3929=EDGE_CURVE('',#3105,#3106,#1433,.T.);
#3930=EDGE_CURVE('',#3106,#2944,#1434,.T.);
#3931=EDGE_CURVE('',#3107,#2947,#1435,.T.);
#3932=EDGE_CURVE('',#3107,#3108,#1436,.T.);
#3933=EDGE_CURVE('',#3108,#2952,#1437,.T.);
#3934=EDGE_CURVE('',#3109,#2951,#1438,.T.);
#3935=EDGE_CURVE('',#3109,#3110,#1439,.T.);
#3936=EDGE_CURVE('',#3110,#2960,#1440,.T.);
#3937=EDGE_CURVE('',#3091,#3111,#1441,.T.);
#3938=EDGE_CURVE('',#3111,#2993,#1442,.T.);
#3939=EDGE_CURVE('',#2992,#3112,#1443,.T.);
#3940=EDGE_CURVE('',#3112,#3096,#1444,.T.);
#3941=EDGE_CURVE('',#3113,#2979,#1445,.T.);
#3942=EDGE_CURVE('',#3113,#3114,#1446,.T.);
#3943=EDGE_CURVE('',#3114,#2988,#1447,.T.);
#3944=EDGE_CURVE('',#3115,#2987,#1448,.T.);
#3945=EDGE_CURVE('',#3115,#3116,#1449,.T.);
#3946=EDGE_CURVE('',#3116,#2996,#1450,.T.);
#3947=EDGE_CURVE('',#3097,#2995,#1451,.T.);
#3948=EDGE_CURVE('',#3024,#3097,#1452,.T.);
#3949=EDGE_CURVE('',#3098,#3025,#1453,.T.);
#3950=EDGE_CURVE('',#3014,#3103,#1454,.T.);
#3951=EDGE_CURVE('',#3104,#3010,#1455,.T.);
#3952=EDGE_CURVE('',#2999,#3109,#1456,.T.);
#3953=EDGE_CURVE('',#3110,#3000,#1457,.T.);
#3954=EDGE_CURVE('',#3007,#3105,#1458,.T.);
#3955=EDGE_CURVE('',#3106,#3002,#1459,.T.);
#3956=EDGE_CURVE('',#3022,#3099,#1460,.T.);
#3957=EDGE_CURVE('',#3100,#3017,#1461,.T.);
#3958=EDGE_CURVE('',#3016,#3113,#1462,.T.);
#3959=EDGE_CURVE('',#3114,#3019,#1463,.T.);
#3960=EDGE_CURVE('',#3020,#3115,#1464,.T.);
#3961=EDGE_CURVE('',#3116,#3023,#1465,.T.);
#3962=EDGE_CURVE('',#3018,#3101,#1466,.T.);
#3963=EDGE_CURVE('',#3102,#3013,#1467,.T.);
#3964=EDGE_CURVE('',#3003,#3107,#1468,.T.);
#3965=EDGE_CURVE('',#3108,#2998,#1469,.T.);
#3966=EDGE_CURVE('',#2897,#3117,#1470,.T.);
#3967=EDGE_CURVE('',#3117,#2853,#1471,.T.);
#3968=EDGE_CURVE('',#2535,#2900,#1472,.T.);
#3969=EDGE_CURVE('',#2907,#3118,#1473,.T.);
#3970=EDGE_CURVE('',#3118,#2859,#1474,.T.);
#3971=EDGE_CURVE('',#3119,#2902,#1475,.T.);
#3972=EDGE_CURVE('',#3119,#2848,#1476,.T.);
#3973=EDGE_CURVE('',#2923,#3120,#1477,.T.);
#3974=EDGE_CURVE('',#3120,#2881,#1478,.T.);
#3975=EDGE_CURVE('',#3121,#2918,#1479,.T.);
#3976=EDGE_CURVE('',#3121,#2870,#1480,.T.);
#3977=EDGE_CURVE('',#2909,#2669,#1481,.T.);
#3978=EDGE_CURVE('',#3122,#2912,#1482,.T.);
#3979=EDGE_CURVE('',#3122,#2876,#1483,.T.);
#3980=EDGE_CURVE('',#3123,#3124,#1484,.T.);
#3981=EDGE_CURVE('',#3124,#2878,#1485,.T.);
#3982=EDGE_CURVE('',#3120,#3121,#1486,.T.);
#3983=EDGE_CURVE('',#3125,#2873,#1487,.T.);
#3984=EDGE_CURVE('',#3125,#3126,#1488,.T.);
#3985=EDGE_CURVE('',#3126,#2864,#1489,.T.);
#3986=EDGE_CURVE('',#3127,#2867,#1490,.T.);
#3987=EDGE_CURVE('',#3127,#3128,#1491,.T.);
#3988=EDGE_CURVE('',#3128,#2860,#1492,.T.);
#3989=EDGE_CURVE('',#3129,#2863,#1493,.T.);
#3990=EDGE_CURVE('',#3129,#3130,#1494,.T.);
#3991=EDGE_CURVE('',#3130,#2856,#1495,.T.);
#3992=EDGE_CURVE('',#3118,#3119,#1496,.T.);
#3993=EDGE_CURVE('',#3131,#2851,#1497,.T.);
#3994=EDGE_CURVE('',#3131,#3132,#1498,.T.);
#3995=EDGE_CURVE('',#3132,#2838,#1499,.T.);
#3996=EDGE_CURVE('',#3133,#2841,#1500,.T.);
#3997=EDGE_CURVE('',#3133,#3134,#1501,.T.);
#3998=EDGE_CURVE('',#3134,#2846,#1502,.T.);
#3999=EDGE_CURVE('',#3135,#2845,#1503,.T.);
#4000=EDGE_CURVE('',#3135,#3136,#1504,.T.);
#4001=EDGE_CURVE('',#3136,#2854,#1505,.T.);
#4002=EDGE_CURVE('',#3117,#3137,#1506,.T.);
#4003=EDGE_CURVE('',#3137,#2889,#1507,.T.);
#4004=EDGE_CURVE('',#2888,#3138,#1508,.T.);
#4005=EDGE_CURVE('',#3138,#3122,#1509,.T.);
#4006=EDGE_CURVE('',#3139,#2875,#1510,.T.);
#4007=EDGE_CURVE('',#3139,#3140,#1511,.T.);
#4008=EDGE_CURVE('',#3140,#2884,#1512,.T.);
#4009=EDGE_CURVE('',#3141,#2883,#1513,.T.);
#4010=EDGE_CURVE('',#3141,#3142,#1514,.T.);
#4011=EDGE_CURVE('',#3142,#2892,#1515,.T.);
#4012=EDGE_CURVE('',#3123,#2891,#1516,.T.);
#4013=EDGE_CURVE('',#2921,#3123,#1517,.T.);
#4014=EDGE_CURVE('',#3124,#2922,#1518,.T.);
#4015=EDGE_CURVE('',#2911,#3129,#1519,.T.);
#4016=EDGE_CURVE('',#3130,#2906,#1520,.T.);
#4017=EDGE_CURVE('',#2895,#3135,#1521,.T.);
#4018=EDGE_CURVE('',#3136,#2896,#1522,.T.);
#4019=EDGE_CURVE('',#2903,#3131,#1523,.T.);
#4020=EDGE_CURVE('',#3132,#2898,#1524,.T.);
#4021=EDGE_CURVE('',#2919,#3125,#1525,.T.);
#4022=EDGE_CURVE('',#3126,#2914,#1526,.T.);
#4023=EDGE_CURVE('',#2913,#3139,#1527,.T.);
#4024=EDGE_CURVE('',#3140,#2916,#1528,.T.);
#4025=EDGE_CURVE('',#2917,#3141,#1529,.T.);
#4026=EDGE_CURVE('',#3142,#2920,#1530,.T.);
#4027=EDGE_CURVE('',#2915,#3127,#1531,.T.);
#4028=EDGE_CURVE('',#3128,#2910,#1532,.T.);
#4029=EDGE_CURVE('',#2899,#3133,#1533,.T.);
#4030=EDGE_CURVE('',#3134,#2894,#1534,.T.);
#4031=EDGE_CURVE('',#3143,#3144,#1535,.T.);
#4032=EDGE_CURVE('',#3143,#3012,#1536,.T.);
#4033=EDGE_CURVE('',#2792,#2795,#1537,.T.);
#4034=EDGE_CURVE('',#2701,#2704,#1538,.T.);
#4035=EDGE_CURVE('',#2758,#2759,#1539,.T.);
#4036=EDGE_CURVE('',#2834,#2835,#1540,.T.);
#4037=EDGE_CURVE('',#2784,#2787,#1541,.T.);
#4038=EDGE_CURVE('',#2690,#2693,#1542,.T.);
#4039=EDGE_CURVE('',#2768,#2763,#1543,.T.);
#4040=EDGE_CURVE('',#2837,#2836,#1544,.T.);
#4041=EDGE_CURVE('',#2775,#2778,#1545,.T.);
#4042=EDGE_CURVE('',#2684,#3112,#1546,.T.);
#4043=EDGE_CURVE('',#2641,#3137,#1547,.T.);
#4044=EDGE_CURVE('',#2561,#2556,#1548,.T.);
#4045=EDGE_CURVE('',#2617,#2615,#1549,.T.);
#4046=EDGE_CURVE('',#2677,#2673,#1550,.T.);
#4047=EDGE_CURVE('',#2637,#2633,#1551,.T.);
#4048=EDGE_CURVE('',#2547,#2542,#1552,.T.);
#4049=EDGE_CURVE('',#2622,#2620,#1553,.T.);
#4050=EDGE_CURVE('',#2682,#2681,#1554,.T.);
#4051=EDGE_CURVE('',#2629,#2625,#1555,.T.);
#4052=EDGE_CURVE('',#2536,#2531,#1556,.T.);
#4053=EDGE_CURVE('',#3144,#2901,#1557,.T.);
#4054=EDGE_CURVE('',#3144,#3145,#1558,.T.);
#4055=EDGE_CURVE('',#2593,#3138,#1559,.T.);
#4056=EDGE_CURVE('',#2659,#2658,#1560,.T.);
#4057=EDGE_CURVE('',#2654,#2650,#1561,.T.);
#4058=EDGE_CURVE('',#2586,#2581,#1562,.T.);
#4059=EDGE_CURVE('',#2604,#2599,#1563,.T.);
#4060=EDGE_CURVE('',#2664,#2660,#1564,.T.);
#4061=EDGE_CURVE('',#2646,#2642,#1565,.T.);
#4062=EDGE_CURVE('',#2575,#2570,#1566,.T.);
#4063=EDGE_CURVE('',#2612,#2607,#1567,.T.);
#4064=EDGE_CURVE('',#2670,#2665,#1568,.T.);
#4065=EDGE_CURVE('',#3145,#2908,#1569,.T.);
#4066=EDGE_CURVE('',#3145,#3146,#1570,.T.);
#4067=EDGE_CURVE('',#2743,#3111,#1571,.T.);
#4068=EDGE_CURVE('',#2820,#2818,#1572,.T.);
#4069=EDGE_CURVE('',#2814,#2810,#1573,.T.);
#4070=EDGE_CURVE('',#2733,#2728,#1574,.T.);
#4071=EDGE_CURVE('',#2750,#2748,#1575,.T.);
#4072=EDGE_CURVE('',#2825,#2821,#1576,.T.);
#4073=EDGE_CURVE('',#2806,#2802,#1577,.T.);
#4074=EDGE_CURVE('',#2719,#2714,#1578,.T.);
#4075=EDGE_CURVE('',#2755,#2753,#1579,.T.);
#4076=EDGE_CURVE('',#2831,#2829,#1580,.T.);
#4077=EDGE_CURVE('',#3146,#3005,#1581,.T.);
#4078=EDGE_CURVE('',#3146,#3143,#1582,.T.);
#4079=EDGE_CURVE('',#3147,#3148,#1583,.T.);
#4080=EDGE_CURVE('',#3148,#3149,#1584,.T.);
#4081=EDGE_CURVE('',#3150,#3149,#1585,.T.);
#4082=EDGE_CURVE('',#3147,#3150,#1586,.T.);
#4083=EDGE_CURVE('',#3151,#3147,#1587,.T.);
#4084=EDGE_CURVE('',#3152,#3150,#1588,.T.);
#4085=EDGE_CURVE('',#3151,#3152,#1589,.T.);
#4086=EDGE_CURVE('',#3153,#3151,#1590,.T.);
#4087=EDGE_CURVE('',#3154,#3152,#1591,.T.);
#4088=EDGE_CURVE('',#3153,#3154,#1592,.T.);
#4089=EDGE_CURVE('',#3148,#3153,#1593,.T.);
#4090=EDGE_CURVE('',#3149,#3154,#1594,.T.);
#4091=ORIENTED_EDGE('',*,*,#3155,.F.);
#4092=ORIENTED_EDGE('',*,*,#3156,.T.);
#4093=ORIENTED_EDGE('',*,*,#3157,.F.);
#4094=ORIENTED_EDGE('',*,*,#3158,.F.);
#4095=ORIENTED_EDGE('',*,*,#3159,.F.);
#4096=ORIENTED_EDGE('',*,*,#3160,.F.);
#4097=ORIENTED_EDGE('',*,*,#3161,.F.);
#4098=ORIENTED_EDGE('',*,*,#3162,.F.);
#4099=ORIENTED_EDGE('',*,*,#3158,.T.);
#4100=ORIENTED_EDGE('',*,*,#3163,.F.);
#4101=ORIENTED_EDGE('',*,*,#3164,.T.);
#4102=ORIENTED_EDGE('',*,*,#3165,.T.);
#4103=ORIENTED_EDGE('',*,*,#3157,.T.);
#4104=ORIENTED_EDGE('',*,*,#3166,.T.);
#4105=ORIENTED_EDGE('',*,*,#3167,.T.);
#4106=ORIENTED_EDGE('',*,*,#3163,.T.);
#4107=ORIENTED_EDGE('',*,*,#3168,.F.);
#4108=ORIENTED_EDGE('',*,*,#3169,.T.);
#4109=ORIENTED_EDGE('',*,*,#3170,.F.);
#4110=ORIENTED_EDGE('',*,*,#3171,.F.);
#4111=ORIENTED_EDGE('',*,*,#3172,.F.);
#4112=ORIENTED_EDGE('',*,*,#3173,.F.);
#4113=ORIENTED_EDGE('',*,*,#3174,.F.);
#4114=ORIENTED_EDGE('',*,*,#3175,.F.);
#4115=ORIENTED_EDGE('',*,*,#3170,.T.);
#4116=ORIENTED_EDGE('',*,*,#3176,.T.);
#4117=ORIENTED_EDGE('',*,*,#3177,.T.);
#4118=ORIENTED_EDGE('',*,*,#3178,.T.);
#4119=ORIENTED_EDGE('',*,*,#3174,.T.);
#4120=ORIENTED_EDGE('',*,*,#3179,.T.);
#4121=ORIENTED_EDGE('',*,*,#3180,.T.);
#4122=ORIENTED_EDGE('',*,*,#3181,.T.);
#4123=ORIENTED_EDGE('',*,*,#3171,.T.);
#4124=ORIENTED_EDGE('',*,*,#3178,.F.);
#4125=ORIENTED_EDGE('',*,*,#3182,.T.);
#4126=ORIENTED_EDGE('',*,*,#3183,.T.);
#4127=ORIENTED_EDGE('',*,*,#3173,.T.);
#4128=ORIENTED_EDGE('',*,*,#3184,.T.);
#4129=ORIENTED_EDGE('',*,*,#3185,.T.);
#4130=ORIENTED_EDGE('',*,*,#3179,.F.);
#4131=ORIENTED_EDGE('',*,*,#3186,.F.);
#4132=ORIENTED_EDGE('',*,*,#3187,.T.);
#4133=ORIENTED_EDGE('',*,*,#3188,.F.);
#4134=ORIENTED_EDGE('',*,*,#3189,.F.);
#4135=ORIENTED_EDGE('',*,*,#3190,.F.);
#4136=ORIENTED_EDGE('',*,*,#3191,.F.);
#4137=ORIENTED_EDGE('',*,*,#3192,.F.);
#4138=ORIENTED_EDGE('',*,*,#3193,.F.);
#4139=ORIENTED_EDGE('',*,*,#3188,.T.);
#4140=ORIENTED_EDGE('',*,*,#3194,.T.);
#4141=ORIENTED_EDGE('',*,*,#3195,.T.);
#4142=ORIENTED_EDGE('',*,*,#3196,.T.);
#4143=ORIENTED_EDGE('',*,*,#3192,.T.);
#4144=ORIENTED_EDGE('',*,*,#3197,.T.);
#4145=ORIENTED_EDGE('',*,*,#3198,.T.);
#4146=ORIENTED_EDGE('',*,*,#3199,.T.);
#4147=ORIENTED_EDGE('',*,*,#3189,.T.);
#4148=ORIENTED_EDGE('',*,*,#3196,.F.);
#4149=ORIENTED_EDGE('',*,*,#3200,.T.);
#4150=ORIENTED_EDGE('',*,*,#3201,.T.);
#4151=ORIENTED_EDGE('',*,*,#3191,.T.);
#4152=ORIENTED_EDGE('',*,*,#3202,.T.);
#4153=ORIENTED_EDGE('',*,*,#3203,.T.);
#4154=ORIENTED_EDGE('',*,*,#3197,.F.);
#4155=ORIENTED_EDGE('',*,*,#3204,.T.);
#4156=ORIENTED_EDGE('',*,*,#3205,.F.);
#4157=ORIENTED_EDGE('',*,*,#3206,.F.);
#4158=ORIENTED_EDGE('',*,*,#3207,.F.);
#4159=ORIENTED_EDGE('',*,*,#3208,.T.);
#4160=ORIENTED_EDGE('',*,*,#3209,.T.);
#4161=ORIENTED_EDGE('',*,*,#3210,.F.);
#4162=ORIENTED_EDGE('',*,*,#3211,.F.);
#4163=ORIENTED_EDGE('',*,*,#3206,.T.);
#4164=ORIENTED_EDGE('',*,*,#3212,.T.);
#4165=ORIENTED_EDGE('',*,*,#3213,.T.);
#4166=ORIENTED_EDGE('',*,*,#3214,.F.);
#4167=ORIENTED_EDGE('',*,*,#3205,.T.);
#4168=ORIENTED_EDGE('',*,*,#3215,.T.);
#4169=ORIENTED_EDGE('',*,*,#3216,.T.);
#4170=ORIENTED_EDGE('',*,*,#3212,.F.);
#4171=ORIENTED_EDGE('',*,*,#3217,.T.);
#4172=ORIENTED_EDGE('',*,*,#3218,.F.);
#4173=ORIENTED_EDGE('',*,*,#3219,.F.);
#4174=ORIENTED_EDGE('',*,*,#3220,.F.);
#4175=ORIENTED_EDGE('',*,*,#3221,.T.);
#4176=ORIENTED_EDGE('',*,*,#3222,.T.);
#4177=ORIENTED_EDGE('',*,*,#3223,.F.);
#4178=ORIENTED_EDGE('',*,*,#3224,.F.);
#4179=ORIENTED_EDGE('',*,*,#3219,.T.);
#4180=ORIENTED_EDGE('',*,*,#3225,.T.);
#4181=ORIENTED_EDGE('',*,*,#3226,.T.);
#4182=ORIENTED_EDGE('',*,*,#3227,.F.);
#4183=ORIENTED_EDGE('',*,*,#3218,.T.);
#4184=ORIENTED_EDGE('',*,*,#3228,.T.);
#4185=ORIENTED_EDGE('',*,*,#3229,.T.);
#4186=ORIENTED_EDGE('',*,*,#3225,.F.);
#4187=ORIENTED_EDGE('',*,*,#3230,.T.);
#4188=ORIENTED_EDGE('',*,*,#3231,.T.);
#4189=ORIENTED_EDGE('',*,*,#3232,.F.);
#4190=ORIENTED_EDGE('',*,*,#3233,.F.);
#4191=ORIENTED_EDGE('',*,*,#3233,.T.);
#4192=ORIENTED_EDGE('',*,*,#3234,.F.);
#4193=ORIENTED_EDGE('',*,*,#3235,.T.);
#4194=ORIENTED_EDGE('',*,*,#3236,.T.);
#4195=ORIENTED_EDGE('',*,*,#3232,.T.);
#4196=ORIENTED_EDGE('',*,*,#3237,.F.);
#4197=ORIENTED_EDGE('',*,*,#3238,.T.);
#4198=ORIENTED_EDGE('',*,*,#3234,.T.);
#4199=ORIENTED_EDGE('',*,*,#3239,.T.);
#4200=ORIENTED_EDGE('',*,*,#3240,.F.);
#4201=ORIENTED_EDGE('',*,*,#3241,.F.);
#4202=ORIENTED_EDGE('',*,*,#3242,.F.);
#4203=ORIENTED_EDGE('',*,*,#3243,.T.);
#4204=ORIENTED_EDGE('',*,*,#3244,.T.);
#4205=ORIENTED_EDGE('',*,*,#3245,.F.);
#4206=ORIENTED_EDGE('',*,*,#3246,.F.);
#4207=ORIENTED_EDGE('',*,*,#3223,.T.);
#4208=ORIENTED_EDGE('',*,*,#3247,.F.);
#4209=ORIENTED_EDGE('',*,*,#3241,.T.);
#4210=ORIENTED_EDGE('',*,*,#3248,.T.);
#4211=ORIENTED_EDGE('',*,*,#3224,.T.);
#4212=ORIENTED_EDGE('',*,*,#3248,.F.);
#4213=ORIENTED_EDGE('',*,*,#3240,.T.);
#4214=ORIENTED_EDGE('',*,*,#3249,.T.);
#4215=ORIENTED_EDGE('',*,*,#3250,.T.);
#4216=ORIENTED_EDGE('',*,*,#3251,.F.);
#4217=ORIENTED_EDGE('',*,*,#3252,.F.);
#4218=ORIENTED_EDGE('',*,*,#3253,.F.);
#4219=ORIENTED_EDGE('',*,*,#3254,.T.);
#4220=ORIENTED_EDGE('',*,*,#3255,.T.);
#4221=ORIENTED_EDGE('',*,*,#3256,.F.);
#4222=ORIENTED_EDGE('',*,*,#3257,.F.);
#4223=ORIENTED_EDGE('',*,*,#3210,.T.);
#4224=ORIENTED_EDGE('',*,*,#3258,.F.);
#4225=ORIENTED_EDGE('',*,*,#3252,.T.);
#4226=ORIENTED_EDGE('',*,*,#3259,.T.);
#4227=ORIENTED_EDGE('',*,*,#3211,.T.);
#4228=ORIENTED_EDGE('',*,*,#3259,.F.);
#4229=ORIENTED_EDGE('',*,*,#3251,.T.);
#4230=ORIENTED_EDGE('',*,*,#3260,.T.);
#4231=ORIENTED_EDGE('',*,*,#3261,.F.);
#4232=ORIENTED_EDGE('',*,*,#3262,.T.);
#4233=ORIENTED_EDGE('',*,*,#3198,.F.);
#4234=ORIENTED_EDGE('',*,*,#3203,.F.);
#4235=ORIENTED_EDGE('',*,*,#3263,.F.);
#4236=ORIENTED_EDGE('',*,*,#3264,.F.);
#4237=ORIENTED_EDGE('',*,*,#3265,.F.);
#4238=ORIENTED_EDGE('',*,*,#3266,.F.);
#4239=ORIENTED_EDGE('',*,*,#3267,.F.);
#4240=ORIENTED_EDGE('',*,*,#3268,.T.);
#4241=ORIENTED_EDGE('',*,*,#3180,.F.);
#4242=ORIENTED_EDGE('',*,*,#3185,.F.);
#4243=ORIENTED_EDGE('',*,*,#3269,.F.);
#4244=ORIENTED_EDGE('',*,*,#3270,.F.);
#4245=ORIENTED_EDGE('',*,*,#3271,.F.);
#4246=ORIENTED_EDGE('',*,*,#3272,.F.);
#4247=ORIENTED_EDGE('',*,*,#3273,.F.);
#4248=ORIENTED_EDGE('',*,*,#3274,.T.);
#4249=ORIENTED_EDGE('',*,*,#3275,.F.);
#4250=ORIENTED_EDGE('',*,*,#3276,.F.);
#4251=ORIENTED_EDGE('',*,*,#3277,.F.);
#4252=ORIENTED_EDGE('',*,*,#3164,.F.);
#4253=ORIENTED_EDGE('',*,*,#3167,.F.);
#4254=ORIENTED_EDGE('',*,*,#3278,.F.);
#4255=ORIENTED_EDGE('',*,*,#3276,.T.);
#4256=ORIENTED_EDGE('',*,*,#3279,.F.);
#4257=ORIENTED_EDGE('',*,*,#3280,.T.);
#4258=ORIENTED_EDGE('',*,*,#3281,.T.);
#4259=ORIENTED_EDGE('',*,*,#3275,.T.);
#4260=ORIENTED_EDGE('',*,*,#3282,.T.);
#4261=ORIENTED_EDGE('',*,*,#3283,.T.);
#4262=ORIENTED_EDGE('',*,*,#3279,.T.);
#4263=ORIENTED_EDGE('',*,*,#3284,.F.);
#4264=ORIENTED_EDGE('',*,*,#3285,.T.);
#4265=ORIENTED_EDGE('',*,*,#3286,.F.);
#4266=ORIENTED_EDGE('',*,*,#3287,.F.);
#4267=ORIENTED_EDGE('',*,*,#3288,.F.);
#4268=ORIENTED_EDGE('',*,*,#3182,.F.);
#4269=ORIENTED_EDGE('',*,*,#3177,.F.);
#4270=ORIENTED_EDGE('',*,*,#3289,.F.);
#4271=ORIENTED_EDGE('',*,*,#3287,.T.);
#4272=ORIENTED_EDGE('',*,*,#3290,.F.);
#4273=ORIENTED_EDGE('',*,*,#3291,.T.);
#4274=ORIENTED_EDGE('',*,*,#3292,.T.);
#4275=ORIENTED_EDGE('',*,*,#3286,.T.);
#4276=ORIENTED_EDGE('',*,*,#3293,.T.);
#4277=ORIENTED_EDGE('',*,*,#3294,.T.);
#4278=ORIENTED_EDGE('',*,*,#3290,.T.);
#4279=ORIENTED_EDGE('',*,*,#3295,.F.);
#4280=ORIENTED_EDGE('',*,*,#3200,.F.);
#4281=ORIENTED_EDGE('',*,*,#3195,.F.);
#4282=ORIENTED_EDGE('',*,*,#3296,.F.);
#4283=ORIENTED_EDGE('',*,*,#3297,.T.);
#4284=ORIENTED_EDGE('',*,*,#3298,.F.);
#4285=ORIENTED_EDGE('',*,*,#3299,.F.);
#4286=ORIENTED_EDGE('',*,*,#3300,.F.);
#4287=ORIENTED_EDGE('',*,*,#3301,.T.);
#4288=ORIENTED_EDGE('',*,*,#3302,.T.);
#4289=ORIENTED_EDGE('',*,*,#3213,.F.);
#4290=ORIENTED_EDGE('',*,*,#3216,.F.);
#4291=ORIENTED_EDGE('',*,*,#3299,.T.);
#4292=ORIENTED_EDGE('',*,*,#3303,.T.);
#4293=ORIENTED_EDGE('',*,*,#3304,.T.);
#4294=ORIENTED_EDGE('',*,*,#3305,.F.);
#4295=ORIENTED_EDGE('',*,*,#3298,.T.);
#4296=ORIENTED_EDGE('',*,*,#3306,.T.);
#4297=ORIENTED_EDGE('',*,*,#3307,.T.);
#4298=ORIENTED_EDGE('',*,*,#3303,.F.);
#4299=ORIENTED_EDGE('',*,*,#3308,.T.);
#4300=ORIENTED_EDGE('',*,*,#3309,.F.);
#4301=ORIENTED_EDGE('',*,*,#3310,.F.);
#4302=ORIENTED_EDGE('',*,*,#3311,.F.);
#4303=ORIENTED_EDGE('',*,*,#3312,.T.);
#4304=ORIENTED_EDGE('',*,*,#3313,.T.);
#4305=ORIENTED_EDGE('',*,*,#3226,.F.);
#4306=ORIENTED_EDGE('',*,*,#3229,.F.);
#4307=ORIENTED_EDGE('',*,*,#3310,.T.);
#4308=ORIENTED_EDGE('',*,*,#3314,.T.);
#4309=ORIENTED_EDGE('',*,*,#3315,.T.);
#4310=ORIENTED_EDGE('',*,*,#3316,.F.);
#4311=ORIENTED_EDGE('',*,*,#3309,.T.);
#4312=ORIENTED_EDGE('',*,*,#3317,.T.);
#4313=ORIENTED_EDGE('',*,*,#3318,.T.);
#4314=ORIENTED_EDGE('',*,*,#3314,.F.);
#4315=ORIENTED_EDGE('',*,*,#3319,.T.);
#4316=ORIENTED_EDGE('',*,*,#3235,.F.);
#4317=ORIENTED_EDGE('',*,*,#3238,.F.);
#4318=ORIENTED_EDGE('',*,*,#3320,.F.);
#4319=ORIENTED_EDGE('',*,*,#3321,.T.);
#4320=ORIENTED_EDGE('',*,*,#3322,.T.);
#4321=ORIENTED_EDGE('',*,*,#3315,.F.);
#4322=ORIENTED_EDGE('',*,*,#3318,.F.);
#4323=ORIENTED_EDGE('',*,*,#3323,.T.);
#4324=ORIENTED_EDGE('',*,*,#3324,.F.);
#4325=ORIENTED_EDGE('',*,*,#3325,.F.);
#4326=ORIENTED_EDGE('',*,*,#3326,.F.);
#4327=ORIENTED_EDGE('',*,*,#3327,.T.);
#4328=ORIENTED_EDGE('',*,*,#3328,.T.);
#4329=ORIENTED_EDGE('',*,*,#3304,.F.);
#4330=ORIENTED_EDGE('',*,*,#3307,.F.);
#4331=ORIENTED_EDGE('',*,*,#3245,.T.);
#4332=ORIENTED_EDGE('',*,*,#3329,.F.);
#4333=ORIENTED_EDGE('',*,*,#3325,.T.);
#4334=ORIENTED_EDGE('',*,*,#3330,.T.);
#4335=ORIENTED_EDGE('',*,*,#3246,.T.);
#4336=ORIENTED_EDGE('',*,*,#3330,.F.);
#4337=ORIENTED_EDGE('',*,*,#3324,.T.);
#4338=ORIENTED_EDGE('',*,*,#3331,.T.);
#4339=ORIENTED_EDGE('',*,*,#3332,.T.);
#4340=ORIENTED_EDGE('',*,*,#3333,.F.);
#4341=ORIENTED_EDGE('',*,*,#3334,.F.);
#4342=ORIENTED_EDGE('',*,*,#3335,.F.);
#4343=ORIENTED_EDGE('',*,*,#3336,.T.);
#4344=ORIENTED_EDGE('',*,*,#3337,.T.);
#4345=ORIENTED_EDGE('',*,*,#3338,.F.);
#4346=ORIENTED_EDGE('',*,*,#3339,.F.);
#4347=ORIENTED_EDGE('',*,*,#3256,.T.);
#4348=ORIENTED_EDGE('',*,*,#3340,.F.);
#4349=ORIENTED_EDGE('',*,*,#3334,.T.);
#4350=ORIENTED_EDGE('',*,*,#3341,.T.);
#4351=ORIENTED_EDGE('',*,*,#3257,.T.);
#4352=ORIENTED_EDGE('',*,*,#3341,.F.);
#4353=ORIENTED_EDGE('',*,*,#3333,.T.);
#4354=ORIENTED_EDGE('',*,*,#3342,.T.);
#4355=ORIENTED_EDGE('',*,*,#3343,.F.);
#4356=ORIENTED_EDGE('',*,*,#3344,.T.);
#4357=ORIENTED_EDGE('',*,*,#3345,.F.);
#4358=ORIENTED_EDGE('',*,*,#3346,.F.);
#4359=ORIENTED_EDGE('',*,*,#3347,.F.);
#4360=ORIENTED_EDGE('',*,*,#3291,.F.);
#4361=ORIENTED_EDGE('',*,*,#3294,.F.);
#4362=ORIENTED_EDGE('',*,*,#3348,.F.);
#4363=ORIENTED_EDGE('',*,*,#3265,.T.);
#4364=ORIENTED_EDGE('',*,*,#3349,.T.);
#4365=ORIENTED_EDGE('',*,*,#3345,.T.);
#4366=ORIENTED_EDGE('',*,*,#3350,.T.);
#4367=ORIENTED_EDGE('',*,*,#3271,.T.);
#4368=ORIENTED_EDGE('',*,*,#3351,.T.);
#4369=ORIENTED_EDGE('',*,*,#3352,.T.);
#4370=ORIENTED_EDGE('',*,*,#3353,.T.);
#4371=ORIENTED_EDGE('',*,*,#3264,.T.);
#4372=ORIENTED_EDGE('',*,*,#3354,.T.);
#4373=ORIENTED_EDGE('',*,*,#3346,.T.);
#4374=ORIENTED_EDGE('',*,*,#3349,.F.);
#4375=ORIENTED_EDGE('',*,*,#3270,.T.);
#4376=ORIENTED_EDGE('',*,*,#3355,.T.);
#4377=ORIENTED_EDGE('',*,*,#3356,.T.);
#4378=ORIENTED_EDGE('',*,*,#3351,.F.);
#4379=ORIENTED_EDGE('',*,*,#3357,.F.);
#4380=ORIENTED_EDGE('',*,*,#3358,.T.);
#4381=ORIENTED_EDGE('',*,*,#3352,.F.);
#4382=ORIENTED_EDGE('',*,*,#3356,.F.);
#4383=ORIENTED_EDGE('',*,*,#3359,.F.);
#4384=ORIENTED_EDGE('',*,*,#3280,.F.);
#4385=ORIENTED_EDGE('',*,*,#3283,.F.);
#4386=ORIENTED_EDGE('',*,*,#3360,.F.);
#4387=ORIENTED_EDGE('',*,*,#3361,.T.);
#4388=ORIENTED_EDGE('',*,*,#3362,.T.);
#4389=ORIENTED_EDGE('',*,*,#3363,.F.);
#4390=ORIENTED_EDGE('',*,*,#3364,.F.);
#4391=ORIENTED_EDGE('',*,*,#3364,.T.);
#4392=ORIENTED_EDGE('',*,*,#3365,.F.);
#4393=ORIENTED_EDGE('',*,*,#3366,.T.);
#4394=ORIENTED_EDGE('',*,*,#3367,.T.);
#4395=ORIENTED_EDGE('',*,*,#3368,.T.);
#4396=ORIENTED_EDGE('',*,*,#3369,.T.);
#4397=ORIENTED_EDGE('',*,*,#3370,.F.);
#4398=ORIENTED_EDGE('',*,*,#3371,.F.);
#4399=ORIENTED_EDGE('',*,*,#3372,.T.);
#4400=ORIENTED_EDGE('',*,*,#3373,.F.);
#4401=ORIENTED_EDGE('',*,*,#3374,.F.);
#4402=ORIENTED_EDGE('',*,*,#3375,.F.);
#4403=ORIENTED_EDGE('',*,*,#3371,.T.);
#4404=ORIENTED_EDGE('',*,*,#3376,.F.);
#4405=ORIENTED_EDGE('',*,*,#3377,.T.);
#4406=ORIENTED_EDGE('',*,*,#3378,.T.);
#4407=ORIENTED_EDGE('',*,*,#3370,.T.);
#4408=ORIENTED_EDGE('',*,*,#3379,.F.);
#4409=ORIENTED_EDGE('',*,*,#3380,.T.);
#4410=ORIENTED_EDGE('',*,*,#3376,.T.);
#4411=ORIENTED_EDGE('',*,*,#3381,.T.);
#4412=ORIENTED_EDGE('',*,*,#3382,.T.);
#4413=ORIENTED_EDGE('',*,*,#3383,.F.);
#4414=ORIENTED_EDGE('',*,*,#3384,.F.);
#4415=ORIENTED_EDGE('',*,*,#3385,.T.);
#4416=ORIENTED_EDGE('',*,*,#3386,.F.);
#4417=ORIENTED_EDGE('',*,*,#3387,.F.);
#4418=ORIENTED_EDGE('',*,*,#3388,.F.);
#4419=ORIENTED_EDGE('',*,*,#3383,.T.);
#4420=ORIENTED_EDGE('',*,*,#3389,.F.);
#4421=ORIENTED_EDGE('',*,*,#3390,.T.);
#4422=ORIENTED_EDGE('',*,*,#3391,.T.);
#4423=ORIENTED_EDGE('',*,*,#3387,.T.);
#4424=ORIENTED_EDGE('',*,*,#3392,.T.);
#4425=ORIENTED_EDGE('',*,*,#3393,.T.);
#4426=ORIENTED_EDGE('',*,*,#3394,.F.);
#4427=ORIENTED_EDGE('',*,*,#3384,.T.);
#4428=ORIENTED_EDGE('',*,*,#3391,.F.);
#4429=ORIENTED_EDGE('',*,*,#3395,.T.);
#4430=ORIENTED_EDGE('',*,*,#3396,.T.);
#4431=ORIENTED_EDGE('',*,*,#3386,.T.);
#4432=ORIENTED_EDGE('',*,*,#3397,.T.);
#4433=ORIENTED_EDGE('',*,*,#3398,.T.);
#4434=ORIENTED_EDGE('',*,*,#3392,.F.);
#4435=ORIENTED_EDGE('',*,*,#3399,.F.);
#4436=ORIENTED_EDGE('',*,*,#3400,.T.);
#4437=ORIENTED_EDGE('',*,*,#3401,.F.);
#4438=ORIENTED_EDGE('',*,*,#3402,.F.);
#4439=ORIENTED_EDGE('',*,*,#3403,.F.);
#4440=ORIENTED_EDGE('',*,*,#3404,.F.);
#4441=ORIENTED_EDGE('',*,*,#3405,.F.);
#4442=ORIENTED_EDGE('',*,*,#3406,.F.);
#4443=ORIENTED_EDGE('',*,*,#3401,.T.);
#4444=ORIENTED_EDGE('',*,*,#3407,.T.);
#4445=ORIENTED_EDGE('',*,*,#3408,.T.);
#4446=ORIENTED_EDGE('',*,*,#3409,.T.);
#4447=ORIENTED_EDGE('',*,*,#3405,.T.);
#4448=ORIENTED_EDGE('',*,*,#3410,.T.);
#4449=ORIENTED_EDGE('',*,*,#3411,.T.);
#4450=ORIENTED_EDGE('',*,*,#3412,.T.);
#4451=ORIENTED_EDGE('',*,*,#3402,.T.);
#4452=ORIENTED_EDGE('',*,*,#3409,.F.);
#4453=ORIENTED_EDGE('',*,*,#3413,.T.);
#4454=ORIENTED_EDGE('',*,*,#3414,.T.);
#4455=ORIENTED_EDGE('',*,*,#3404,.T.);
#4456=ORIENTED_EDGE('',*,*,#3415,.T.);
#4457=ORIENTED_EDGE('',*,*,#3416,.T.);
#4458=ORIENTED_EDGE('',*,*,#3410,.F.);
#4459=ORIENTED_EDGE('',*,*,#3417,.F.);
#4460=ORIENTED_EDGE('',*,*,#3418,.T.);
#4461=ORIENTED_EDGE('',*,*,#3419,.F.);
#4462=ORIENTED_EDGE('',*,*,#3420,.F.);
#4463=ORIENTED_EDGE('',*,*,#3421,.F.);
#4464=ORIENTED_EDGE('',*,*,#3422,.F.);
#4465=ORIENTED_EDGE('',*,*,#3423,.F.);
#4466=ORIENTED_EDGE('',*,*,#3424,.F.);
#4467=ORIENTED_EDGE('',*,*,#3419,.T.);
#4468=ORIENTED_EDGE('',*,*,#3425,.T.);
#4469=ORIENTED_EDGE('',*,*,#3426,.T.);
#4470=ORIENTED_EDGE('',*,*,#3427,.T.);
#4471=ORIENTED_EDGE('',*,*,#3423,.T.);
#4472=ORIENTED_EDGE('',*,*,#3428,.T.);
#4473=ORIENTED_EDGE('',*,*,#3429,.T.);
#4474=ORIENTED_EDGE('',*,*,#3430,.T.);
#4475=ORIENTED_EDGE('',*,*,#3420,.T.);
#4476=ORIENTED_EDGE('',*,*,#3427,.F.);
#4477=ORIENTED_EDGE('',*,*,#3431,.T.);
#4478=ORIENTED_EDGE('',*,*,#3432,.T.);
#4479=ORIENTED_EDGE('',*,*,#3422,.T.);
#4480=ORIENTED_EDGE('',*,*,#3433,.T.);
#4481=ORIENTED_EDGE('',*,*,#3434,.T.);
#4482=ORIENTED_EDGE('',*,*,#3428,.F.);
#4483=ORIENTED_EDGE('',*,*,#3435,.F.);
#4484=ORIENTED_EDGE('',*,*,#3436,.F.);
#4485=ORIENTED_EDGE('',*,*,#3437,.F.);
#4486=ORIENTED_EDGE('',*,*,#3438,.F.);
#4487=ORIENTED_EDGE('',*,*,#3437,.T.);
#4488=ORIENTED_EDGE('',*,*,#3439,.T.);
#4489=ORIENTED_EDGE('',*,*,#3440,.T.);
#4490=ORIENTED_EDGE('',*,*,#3441,.T.);
#4491=ORIENTED_EDGE('',*,*,#3442,.F.);
#4492=ORIENTED_EDGE('',*,*,#3443,.T.);
#4493=ORIENTED_EDGE('',*,*,#3429,.F.);
#4494=ORIENTED_EDGE('',*,*,#3434,.F.);
#4495=ORIENTED_EDGE('',*,*,#3444,.F.);
#4496=ORIENTED_EDGE('',*,*,#3445,.F.);
#4497=ORIENTED_EDGE('',*,*,#3446,.F.);
#4498=ORIENTED_EDGE('',*,*,#3447,.F.);
#4499=ORIENTED_EDGE('',*,*,#3448,.F.);
#4500=ORIENTED_EDGE('',*,*,#3449,.T.);
#4501=ORIENTED_EDGE('',*,*,#3411,.F.);
#4502=ORIENTED_EDGE('',*,*,#3416,.F.);
#4503=ORIENTED_EDGE('',*,*,#3450,.F.);
#4504=ORIENTED_EDGE('',*,*,#3451,.F.);
#4505=ORIENTED_EDGE('',*,*,#3452,.F.);
#4506=ORIENTED_EDGE('',*,*,#3453,.F.);
#4507=ORIENTED_EDGE('',*,*,#3454,.T.);
#4508=ORIENTED_EDGE('',*,*,#3455,.T.);
#4509=ORIENTED_EDGE('',*,*,#3393,.F.);
#4510=ORIENTED_EDGE('',*,*,#3398,.F.);
#4511=ORIENTED_EDGE('',*,*,#3456,.T.);
#4512=ORIENTED_EDGE('',*,*,#3457,.F.);
#4513=ORIENTED_EDGE('',*,*,#3458,.F.);
#4514=ORIENTED_EDGE('',*,*,#3459,.F.);
#4515=ORIENTED_EDGE('',*,*,#3460,.T.);
#4516=ORIENTED_EDGE('',*,*,#3461,.F.);
#4517=ORIENTED_EDGE('',*,*,#3462,.F.);
#4518=ORIENTED_EDGE('',*,*,#3463,.F.);
#4519=ORIENTED_EDGE('',*,*,#3464,.T.);
#4520=ORIENTED_EDGE('',*,*,#3465,.T.);
#4521=ORIENTED_EDGE('',*,*,#3466,.F.);
#4522=ORIENTED_EDGE('',*,*,#3467,.F.);
#4523=ORIENTED_EDGE('',*,*,#3462,.T.);
#4524=ORIENTED_EDGE('',*,*,#3468,.T.);
#4525=ORIENTED_EDGE('',*,*,#3469,.T.);
#4526=ORIENTED_EDGE('',*,*,#3470,.F.);
#4527=ORIENTED_EDGE('',*,*,#3461,.T.);
#4528=ORIENTED_EDGE('',*,*,#3471,.T.);
#4529=ORIENTED_EDGE('',*,*,#3472,.T.);
#4530=ORIENTED_EDGE('',*,*,#3468,.F.);
#4531=ORIENTED_EDGE('',*,*,#3473,.T.);
#4532=ORIENTED_EDGE('',*,*,#3474,.T.);
#4533=ORIENTED_EDGE('',*,*,#3475,.F.);
#4534=ORIENTED_EDGE('',*,*,#3476,.F.);
#4535=ORIENTED_EDGE('',*,*,#3477,.T.);
#4536=ORIENTED_EDGE('',*,*,#3366,.F.);
#4537=ORIENTED_EDGE('',*,*,#3478,.F.);
#4538=ORIENTED_EDGE('',*,*,#3479,.F.);
#4539=ORIENTED_EDGE('',*,*,#3476,.T.);
#4540=ORIENTED_EDGE('',*,*,#3480,.F.);
#4541=ORIENTED_EDGE('',*,*,#3481,.T.);
#4542=ORIENTED_EDGE('',*,*,#3482,.T.);
#4543=ORIENTED_EDGE('',*,*,#3475,.T.);
#4544=ORIENTED_EDGE('',*,*,#3483,.F.);
#4545=ORIENTED_EDGE('',*,*,#3484,.T.);
#4546=ORIENTED_EDGE('',*,*,#3480,.T.);
#4547=ORIENTED_EDGE('',*,*,#3485,.T.);
#4548=ORIENTED_EDGE('',*,*,#3486,.T.);
#4549=ORIENTED_EDGE('',*,*,#3487,.F.);
#4550=ORIENTED_EDGE('',*,*,#3488,.F.);
#4551=ORIENTED_EDGE('',*,*,#3489,.T.);
#4552=ORIENTED_EDGE('',*,*,#3377,.F.);
#4553=ORIENTED_EDGE('',*,*,#3380,.F.);
#4554=ORIENTED_EDGE('',*,*,#3490,.F.);
#4555=ORIENTED_EDGE('',*,*,#3488,.T.);
#4556=ORIENTED_EDGE('',*,*,#3491,.F.);
#4557=ORIENTED_EDGE('',*,*,#3492,.T.);
#4558=ORIENTED_EDGE('',*,*,#3493,.T.);
#4559=ORIENTED_EDGE('',*,*,#3487,.T.);
#4560=ORIENTED_EDGE('',*,*,#3494,.F.);
#4561=ORIENTED_EDGE('',*,*,#3495,.T.);
#4562=ORIENTED_EDGE('',*,*,#3491,.T.);
#4563=ORIENTED_EDGE('',*,*,#3496,.T.);
#4564=ORIENTED_EDGE('',*,*,#3497,.T.);
#4565=ORIENTED_EDGE('',*,*,#3498,.F.);
#4566=ORIENTED_EDGE('',*,*,#3499,.F.);
#4567=ORIENTED_EDGE('',*,*,#3500,.T.);
#4568=ORIENTED_EDGE('',*,*,#3395,.F.);
#4569=ORIENTED_EDGE('',*,*,#3390,.F.);
#4570=ORIENTED_EDGE('',*,*,#3501,.F.);
#4571=ORIENTED_EDGE('',*,*,#3498,.T.);
#4572=ORIENTED_EDGE('',*,*,#3502,.F.);
#4573=ORIENTED_EDGE('',*,*,#3503,.F.);
#4574=ORIENTED_EDGE('',*,*,#3504,.T.);
#4575=ORIENTED_EDGE('',*,*,#3458,.T.);
#4576=ORIENTED_EDGE('',*,*,#3505,.T.);
#4577=ORIENTED_EDGE('',*,*,#3506,.T.);
#4578=ORIENTED_EDGE('',*,*,#3507,.F.);
#4579=ORIENTED_EDGE('',*,*,#3499,.T.);
#4580=ORIENTED_EDGE('',*,*,#3504,.F.);
#4581=ORIENTED_EDGE('',*,*,#3508,.F.);
#4582=ORIENTED_EDGE('',*,*,#3509,.T.);
#4583=ORIENTED_EDGE('',*,*,#3457,.T.);
#4584=ORIENTED_EDGE('',*,*,#3510,.T.);
#4585=ORIENTED_EDGE('',*,*,#3511,.T.);
#4586=ORIENTED_EDGE('',*,*,#3505,.F.);
#4587=ORIENTED_EDGE('',*,*,#3512,.F.);
#4588=ORIENTED_EDGE('',*,*,#3513,.T.);
#4589=ORIENTED_EDGE('',*,*,#3514,.F.);
#4590=ORIENTED_EDGE('',*,*,#3515,.F.);
#4591=ORIENTED_EDGE('',*,*,#3516,.F.);
#4592=ORIENTED_EDGE('',*,*,#3413,.F.);
#4593=ORIENTED_EDGE('',*,*,#3408,.F.);
#4594=ORIENTED_EDGE('',*,*,#3517,.F.);
#4595=ORIENTED_EDGE('',*,*,#3515,.T.);
#4596=ORIENTED_EDGE('',*,*,#3518,.F.);
#4597=ORIENTED_EDGE('',*,*,#3519,.T.);
#4598=ORIENTED_EDGE('',*,*,#3520,.T.);
#4599=ORIENTED_EDGE('',*,*,#3514,.T.);
#4600=ORIENTED_EDGE('',*,*,#3521,.T.);
#4601=ORIENTED_EDGE('',*,*,#3522,.T.);
#4602=ORIENTED_EDGE('',*,*,#3518,.T.);
#4603=ORIENTED_EDGE('',*,*,#3523,.F.);
#4604=ORIENTED_EDGE('',*,*,#3524,.T.);
#4605=ORIENTED_EDGE('',*,*,#3525,.F.);
#4606=ORIENTED_EDGE('',*,*,#3526,.F.);
#4607=ORIENTED_EDGE('',*,*,#3527,.F.);
#4608=ORIENTED_EDGE('',*,*,#3431,.F.);
#4609=ORIENTED_EDGE('',*,*,#3426,.F.);
#4610=ORIENTED_EDGE('',*,*,#3528,.F.);
#4611=ORIENTED_EDGE('',*,*,#3526,.T.);
#4612=ORIENTED_EDGE('',*,*,#3529,.F.);
#4613=ORIENTED_EDGE('',*,*,#3530,.T.);
#4614=ORIENTED_EDGE('',*,*,#3531,.T.);
#4615=ORIENTED_EDGE('',*,*,#3525,.T.);
#4616=ORIENTED_EDGE('',*,*,#3532,.T.);
#4617=ORIENTED_EDGE('',*,*,#3533,.T.);
#4618=ORIENTED_EDGE('',*,*,#3529,.T.);
#4619=ORIENTED_EDGE('',*,*,#3534,.F.);
#4620=ORIENTED_EDGE('',*,*,#3535,.T.);
#4621=ORIENTED_EDGE('',*,*,#3440,.F.);
#4622=ORIENTED_EDGE('',*,*,#3536,.F.);
#4623=ORIENTED_EDGE('',*,*,#3537,.F.);
#4624=ORIENTED_EDGE('',*,*,#3530,.F.);
#4625=ORIENTED_EDGE('',*,*,#3533,.F.);
#4626=ORIENTED_EDGE('',*,*,#3538,.F.);
#4627=ORIENTED_EDGE('',*,*,#3436,.T.);
#4628=ORIENTED_EDGE('',*,*,#3539,.T.);
#4629=ORIENTED_EDGE('',*,*,#3536,.T.);
#4630=ORIENTED_EDGE('',*,*,#3439,.F.);
#4631=ORIENTED_EDGE('',*,*,#3540,.F.);
#4632=ORIENTED_EDGE('',*,*,#3541,.T.);
#4633=ORIENTED_EDGE('',*,*,#3542,.F.);
#4634=ORIENTED_EDGE('',*,*,#3543,.F.);
#4635=ORIENTED_EDGE('',*,*,#3544,.F.);
#4636=ORIENTED_EDGE('',*,*,#3519,.F.);
#4637=ORIENTED_EDGE('',*,*,#3522,.F.);
#4638=ORIENTED_EDGE('',*,*,#3545,.F.);
#4639=ORIENTED_EDGE('',*,*,#3446,.T.);
#4640=ORIENTED_EDGE('',*,*,#3546,.T.);
#4641=ORIENTED_EDGE('',*,*,#3542,.T.);
#4642=ORIENTED_EDGE('',*,*,#3547,.T.);
#4643=ORIENTED_EDGE('',*,*,#3452,.T.);
#4644=ORIENTED_EDGE('',*,*,#3548,.T.);
#4645=ORIENTED_EDGE('',*,*,#3549,.T.);
#4646=ORIENTED_EDGE('',*,*,#3550,.T.);
#4647=ORIENTED_EDGE('',*,*,#3445,.T.);
#4648=ORIENTED_EDGE('',*,*,#3551,.T.);
#4649=ORIENTED_EDGE('',*,*,#3543,.T.);
#4650=ORIENTED_EDGE('',*,*,#3546,.F.);
#4651=ORIENTED_EDGE('',*,*,#3451,.T.);
#4652=ORIENTED_EDGE('',*,*,#3552,.T.);
#4653=ORIENTED_EDGE('',*,*,#3553,.T.);
#4654=ORIENTED_EDGE('',*,*,#3548,.F.);
#4655=ORIENTED_EDGE('',*,*,#3554,.F.);
#4656=ORIENTED_EDGE('',*,*,#3555,.T.);
#4657=ORIENTED_EDGE('',*,*,#3549,.F.);
#4658=ORIENTED_EDGE('',*,*,#3553,.F.);
#4659=ORIENTED_EDGE('',*,*,#3556,.F.);
#4660=ORIENTED_EDGE('',*,*,#3557,.F.);
#4661=ORIENTED_EDGE('',*,*,#3558,.F.);
#4662=ORIENTED_EDGE('',*,*,#3559,.F.);
#4663=ORIENTED_EDGE('',*,*,#3560,.T.);
#4664=ORIENTED_EDGE('',*,*,#3561,.T.);
#4665=ORIENTED_EDGE('',*,*,#3506,.F.);
#4666=ORIENTED_EDGE('',*,*,#3511,.F.);
#4667=ORIENTED_EDGE('',*,*,#3562,.T.);
#4668=ORIENTED_EDGE('',*,*,#3492,.F.);
#4669=ORIENTED_EDGE('',*,*,#3495,.F.);
#4670=ORIENTED_EDGE('',*,*,#3563,.F.);
#4671=ORIENTED_EDGE('',*,*,#3564,.T.);
#4672=ORIENTED_EDGE('',*,*,#3481,.F.);
#4673=ORIENTED_EDGE('',*,*,#3484,.F.);
#4674=ORIENTED_EDGE('',*,*,#3565,.F.);
#4675=ORIENTED_EDGE('',*,*,#3566,.T.);
#4676=ORIENTED_EDGE('',*,*,#3567,.T.);
#4677=ORIENTED_EDGE('',*,*,#3469,.F.);
#4678=ORIENTED_EDGE('',*,*,#3472,.F.);
#4679=ORIENTED_EDGE('',*,*,#3363,.T.);
#4680=ORIENTED_EDGE('',*,*,#3568,.F.);
#4681=ORIENTED_EDGE('',*,*,#3478,.T.);
#4682=ORIENTED_EDGE('',*,*,#3365,.T.);
#4683=ORIENTED_EDGE('',*,*,#3569,.T.);
#4684=ORIENTED_EDGE('',*,*,#3570,.F.);
#4685=ORIENTED_EDGE('',*,*,#3571,.T.);
#4686=ORIENTED_EDGE('',*,*,#3572,.F.);
#4687=ORIENTED_EDGE('',*,*,#3161,.T.);
#4688=ORIENTED_EDGE('',*,*,#3573,.T.);
#4689=ORIENTED_EDGE('',*,*,#3574,.F.);
#4690=ORIENTED_EDGE('',*,*,#3575,.T.);
#4691=ORIENTED_EDGE('',*,*,#3576,.T.);
#4692=ORIENTED_EDGE('',*,*,#3577,.F.);
#4693=ORIENTED_EDGE('',*,*,#3578,.T.);
#4694=ORIENTED_EDGE('',*,*,#3579,.F.);
#4695=ORIENTED_EDGE('',*,*,#3580,.T.);
#4696=ORIENTED_EDGE('',*,*,#3581,.F.);
#4697=ORIENTED_EDGE('',*,*,#3582,.T.);
#4698=ORIENTED_EDGE('',*,*,#3583,.F.);
#4699=ORIENTED_EDGE('',*,*,#3584,.T.);
#4700=ORIENTED_EDGE('',*,*,#3585,.F.);
#4701=ORIENTED_EDGE('',*,*,#3586,.T.);
#4702=ORIENTED_EDGE('',*,*,#3587,.F.);
#4703=ORIENTED_EDGE('',*,*,#3588,.T.);
#4704=ORIENTED_EDGE('',*,*,#3589,.F.);
#4705=ORIENTED_EDGE('',*,*,#3590,.T.);
#4706=ORIENTED_EDGE('',*,*,#3591,.F.);
#4707=ORIENTED_EDGE('',*,*,#3592,.T.);
#4708=ORIENTED_EDGE('',*,*,#3593,.F.);
#4709=ORIENTED_EDGE('',*,*,#3594,.T.);
#4710=ORIENTED_EDGE('',*,*,#3595,.F.);
#4711=ORIENTED_EDGE('',*,*,#3596,.T.);
#4712=ORIENTED_EDGE('',*,*,#3597,.F.);
#4713=ORIENTED_EDGE('',*,*,#3598,.T.);
#4714=ORIENTED_EDGE('',*,*,#3599,.F.);
#4715=ORIENTED_EDGE('',*,*,#3338,.T.);
#4716=ORIENTED_EDGE('',*,*,#3600,.F.);
#4717=ORIENTED_EDGE('',*,*,#3601,.F.);
#4718=ORIENTED_EDGE('',*,*,#3602,.T.);
#4719=ORIENTED_EDGE('',*,*,#3603,.T.);
#4720=ORIENTED_EDGE('',*,*,#3604,.F.);
#4721=ORIENTED_EDGE('',*,*,#3605,.T.);
#4722=ORIENTED_EDGE('',*,*,#3606,.F.);
#4723=ORIENTED_EDGE('',*,*,#3607,.T.);
#4724=ORIENTED_EDGE('',*,*,#3608,.F.);
#4725=ORIENTED_EDGE('',*,*,#3609,.T.);
#4726=ORIENTED_EDGE('',*,*,#3610,.F.);
#4727=ORIENTED_EDGE('',*,*,#3611,.T.);
#4728=ORIENTED_EDGE('',*,*,#3612,.F.);
#4729=ORIENTED_EDGE('',*,*,#3613,.T.);
#4730=ORIENTED_EDGE('',*,*,#3614,.F.);
#4731=ORIENTED_EDGE('',*,*,#3615,.T.);
#4732=ORIENTED_EDGE('',*,*,#3616,.F.);
#4733=ORIENTED_EDGE('',*,*,#3617,.T.);
#4734=ORIENTED_EDGE('',*,*,#3618,.F.);
#4735=ORIENTED_EDGE('',*,*,#3619,.F.);
#4736=ORIENTED_EDGE('',*,*,#3620,.T.);
#4737=ORIENTED_EDGE('',*,*,#3621,.F.);
#4738=ORIENTED_EDGE('',*,*,#3622,.F.);
#4739=ORIENTED_EDGE('',*,*,#3623,.T.);
#4740=ORIENTED_EDGE('',*,*,#3624,.F.);
#4741=ORIENTED_EDGE('',*,*,#3625,.T.);
#4742=ORIENTED_EDGE('',*,*,#3626,.F.);
#4743=ORIENTED_EDGE('',*,*,#3579,.T.);
#4744=ORIENTED_EDGE('',*,*,#3627,.T.);
#4745=ORIENTED_EDGE('',*,*,#3628,.T.);
#4746=ORIENTED_EDGE('',*,*,#3629,.T.);
#4747=ORIENTED_EDGE('',*,*,#3587,.T.);
#4748=ORIENTED_EDGE('',*,*,#3630,.T.);
#4749=ORIENTED_EDGE('',*,*,#3631,.T.);
#4750=ORIENTED_EDGE('',*,*,#3632,.T.);
#4751=ORIENTED_EDGE('',*,*,#3570,.T.);
#4752=ORIENTED_EDGE('',*,*,#3633,.T.);
#4753=ORIENTED_EDGE('',*,*,#3634,.T.);
#4754=ORIENTED_EDGE('',*,*,#3635,.T.);
#4755=ORIENTED_EDGE('',*,*,#3574,.T.);
#4756=ORIENTED_EDGE('',*,*,#3636,.T.);
#4757=ORIENTED_EDGE('',*,*,#3637,.T.);
#4758=ORIENTED_EDGE('',*,*,#3638,.T.);
#4759=ORIENTED_EDGE('',*,*,#3581,.T.);
#4760=ORIENTED_EDGE('',*,*,#3639,.T.);
#4761=ORIENTED_EDGE('',*,*,#3640,.T.);
#4762=ORIENTED_EDGE('',*,*,#3641,.T.);
#4763=ORIENTED_EDGE('',*,*,#3619,.T.);
#4764=ORIENTED_EDGE('',*,*,#3642,.T.);
#4765=ORIENTED_EDGE('',*,*,#3643,.T.);
#4766=ORIENTED_EDGE('',*,*,#3644,.T.);
#4767=ORIENTED_EDGE('',*,*,#3589,.T.);
#4768=ORIENTED_EDGE('',*,*,#3645,.T.);
#4769=ORIENTED_EDGE('',*,*,#3646,.T.);
#4770=ORIENTED_EDGE('',*,*,#3647,.T.);
#4771=ORIENTED_EDGE('',*,*,#3601,.T.);
#4772=ORIENTED_EDGE('',*,*,#3648,.T.);
#4773=ORIENTED_EDGE('',*,*,#3649,.T.);
#4774=ORIENTED_EDGE('',*,*,#3650,.T.);
#4775=ORIENTED_EDGE('',*,*,#3593,.T.);
#4776=ORIENTED_EDGE('',*,*,#3651,.T.);
#4777=ORIENTED_EDGE('',*,*,#3652,.T.);
#4778=ORIENTED_EDGE('',*,*,#3653,.T.);
#4779=ORIENTED_EDGE('',*,*,#3610,.T.);
#4780=ORIENTED_EDGE('',*,*,#3654,.T.);
#4781=ORIENTED_EDGE('',*,*,#3655,.T.);
#4782=ORIENTED_EDGE('',*,*,#3656,.T.);
#4783=ORIENTED_EDGE('',*,*,#3597,.T.);
#4784=ORIENTED_EDGE('',*,*,#3657,.T.);
#4785=ORIENTED_EDGE('',*,*,#3658,.T.);
#4786=ORIENTED_EDGE('',*,*,#3659,.T.);
#4787=ORIENTED_EDGE('',*,*,#3618,.T.);
#4788=ORIENTED_EDGE('',*,*,#3660,.T.);
#4789=ORIENTED_EDGE('',*,*,#3661,.T.);
#4790=ORIENTED_EDGE('',*,*,#3662,.T.);
#4791=ORIENTED_EDGE('',*,*,#3604,.T.);
#4792=ORIENTED_EDGE('',*,*,#3663,.T.);
#4793=ORIENTED_EDGE('',*,*,#3664,.T.);
#4794=ORIENTED_EDGE('',*,*,#3665,.T.);
#4795=ORIENTED_EDGE('',*,*,#3626,.T.);
#4796=ORIENTED_EDGE('',*,*,#3666,.T.);
#4797=ORIENTED_EDGE('',*,*,#3667,.T.);
#4798=ORIENTED_EDGE('',*,*,#3668,.T.);
#4799=ORIENTED_EDGE('',*,*,#3612,.T.);
#4800=ORIENTED_EDGE('',*,*,#3669,.T.);
#4801=ORIENTED_EDGE('',*,*,#3670,.T.);
#4802=ORIENTED_EDGE('',*,*,#3671,.T.);
#4803=ORIENTED_EDGE('',*,*,#3672,.F.);
#4804=ORIENTED_EDGE('',*,*,#3673,.T.);
#4805=ORIENTED_EDGE('',*,*,#3674,.F.);
#4806=ORIENTED_EDGE('',*,*,#3675,.F.);
#4807=ORIENTED_EDGE('',*,*,#3676,.F.);
#4808=ORIENTED_EDGE('',*,*,#3677,.T.);
#4809=ORIENTED_EDGE('',*,*,#3678,.F.);
#4810=ORIENTED_EDGE('',*,*,#3679,.F.);
#4811=ORIENTED_EDGE('',*,*,#3678,.T.);
#4812=ORIENTED_EDGE('',*,*,#3680,.T.);
#4813=ORIENTED_EDGE('',*,*,#3674,.T.);
#4814=ORIENTED_EDGE('',*,*,#3681,.T.);
#4815=ORIENTED_EDGE('',*,*,#3676,.T.);
#4816=ORIENTED_EDGE('',*,*,#3682,.T.);
#4817=ORIENTED_EDGE('',*,*,#3683,.T.);
#4818=ORIENTED_EDGE('',*,*,#3684,.T.);
#4819=ORIENTED_EDGE('',*,*,#3685,.F.);
#4820=ORIENTED_EDGE('',*,*,#3686,.T.);
#4821=ORIENTED_EDGE('',*,*,#3687,.F.);
#4822=ORIENTED_EDGE('',*,*,#3688,.F.);
#4823=ORIENTED_EDGE('',*,*,#3689,.F.);
#4824=ORIENTED_EDGE('',*,*,#3690,.T.);
#4825=ORIENTED_EDGE('',*,*,#3691,.F.);
#4826=ORIENTED_EDGE('',*,*,#3692,.F.);
#4827=ORIENTED_EDGE('',*,*,#3691,.T.);
#4828=ORIENTED_EDGE('',*,*,#3693,.T.);
#4829=ORIENTED_EDGE('',*,*,#3687,.T.);
#4830=ORIENTED_EDGE('',*,*,#3694,.T.);
#4831=ORIENTED_EDGE('',*,*,#3689,.T.);
#4832=ORIENTED_EDGE('',*,*,#3695,.T.);
#4833=ORIENTED_EDGE('',*,*,#3696,.T.);
#4834=ORIENTED_EDGE('',*,*,#3697,.T.);
#4835=ORIENTED_EDGE('',*,*,#3698,.T.);
#4836=ORIENTED_EDGE('',*,*,#3699,.F.);
#4837=ORIENTED_EDGE('',*,*,#3700,.T.);
#4838=ORIENTED_EDGE('',*,*,#3701,.F.);
#4839=ORIENTED_EDGE('',*,*,#3558,.T.);
#4840=ORIENTED_EDGE('',*,*,#3702,.T.);
#4841=ORIENTED_EDGE('',*,*,#3703,.F.);
#4842=ORIENTED_EDGE('',*,*,#3704,.T.);
#4843=ORIENTED_EDGE('',*,*,#3705,.T.);
#4844=ORIENTED_EDGE('',*,*,#3706,.F.);
#4845=ORIENTED_EDGE('',*,*,#3707,.T.);
#4846=ORIENTED_EDGE('',*,*,#3708,.F.);
#4847=ORIENTED_EDGE('',*,*,#3709,.T.);
#4848=ORIENTED_EDGE('',*,*,#3710,.F.);
#4849=ORIENTED_EDGE('',*,*,#3711,.T.);
#4850=ORIENTED_EDGE('',*,*,#3712,.F.);
#4851=ORIENTED_EDGE('',*,*,#3713,.T.);
#4852=ORIENTED_EDGE('',*,*,#3714,.F.);
#4853=ORIENTED_EDGE('',*,*,#3715,.T.);
#4854=ORIENTED_EDGE('',*,*,#3716,.F.);
#4855=ORIENTED_EDGE('',*,*,#3717,.T.);
#4856=ORIENTED_EDGE('',*,*,#3718,.F.);
#4857=ORIENTED_EDGE('',*,*,#3719,.T.);
#4858=ORIENTED_EDGE('',*,*,#3720,.F.);
#4859=ORIENTED_EDGE('',*,*,#3721,.T.);
#4860=ORIENTED_EDGE('',*,*,#3722,.F.);
#4861=ORIENTED_EDGE('',*,*,#3723,.T.);
#4862=ORIENTED_EDGE('',*,*,#3724,.F.);
#4863=ORIENTED_EDGE('',*,*,#3725,.T.);
#4864=ORIENTED_EDGE('',*,*,#3726,.F.);
#4865=ORIENTED_EDGE('',*,*,#3727,.T.);
#4866=ORIENTED_EDGE('',*,*,#3728,.F.);
#4867=ORIENTED_EDGE('',*,*,#3374,.T.);
#4868=ORIENTED_EDGE('',*,*,#3729,.T.);
#4869=ORIENTED_EDGE('',*,*,#3466,.T.);
#4870=ORIENTED_EDGE('',*,*,#3730,.F.);
#4871=ORIENTED_EDGE('',*,*,#3731,.T.);
#4872=ORIENTED_EDGE('',*,*,#3732,.F.);
#4873=ORIENTED_EDGE('',*,*,#3733,.T.);
#4874=ORIENTED_EDGE('',*,*,#3734,.F.);
#4875=ORIENTED_EDGE('',*,*,#3735,.T.);
#4876=ORIENTED_EDGE('',*,*,#3736,.F.);
#4877=ORIENTED_EDGE('',*,*,#3737,.T.);
#4878=ORIENTED_EDGE('',*,*,#3738,.F.);
#4879=ORIENTED_EDGE('',*,*,#3739,.T.);
#4880=ORIENTED_EDGE('',*,*,#3740,.F.);
#4881=ORIENTED_EDGE('',*,*,#3741,.T.);
#4882=ORIENTED_EDGE('',*,*,#3742,.F.);
#4883=ORIENTED_EDGE('',*,*,#3743,.T.);
#4884=ORIENTED_EDGE('',*,*,#3744,.F.);
#4885=ORIENTED_EDGE('',*,*,#3745,.T.);
#4886=ORIENTED_EDGE('',*,*,#3746,.F.);
#4887=ORIENTED_EDGE('',*,*,#3747,.F.);
#4888=ORIENTED_EDGE('',*,*,#3748,.T.);
#4889=ORIENTED_EDGE('',*,*,#3749,.F.);
#4890=ORIENTED_EDGE('',*,*,#3750,.F.);
#4891=ORIENTED_EDGE('',*,*,#3751,.T.);
#4892=ORIENTED_EDGE('',*,*,#3752,.F.);
#4893=ORIENTED_EDGE('',*,*,#3753,.T.);
#4894=ORIENTED_EDGE('',*,*,#3754,.F.);
#4895=ORIENTED_EDGE('',*,*,#3708,.T.);
#4896=ORIENTED_EDGE('',*,*,#3755,.T.);
#4897=ORIENTED_EDGE('',*,*,#3756,.T.);
#4898=ORIENTED_EDGE('',*,*,#3757,.T.);
#4899=ORIENTED_EDGE('',*,*,#3716,.T.);
#4900=ORIENTED_EDGE('',*,*,#3758,.T.);
#4901=ORIENTED_EDGE('',*,*,#3759,.T.);
#4902=ORIENTED_EDGE('',*,*,#3760,.T.);
#4903=ORIENTED_EDGE('',*,*,#3699,.T.);
#4904=ORIENTED_EDGE('',*,*,#3761,.T.);
#4905=ORIENTED_EDGE('',*,*,#3762,.T.);
#4906=ORIENTED_EDGE('',*,*,#3763,.T.);
#4907=ORIENTED_EDGE('',*,*,#3703,.T.);
#4908=ORIENTED_EDGE('',*,*,#3764,.T.);
#4909=ORIENTED_EDGE('',*,*,#3765,.T.);
#4910=ORIENTED_EDGE('',*,*,#3766,.T.);
#4911=ORIENTED_EDGE('',*,*,#3710,.T.);
#4912=ORIENTED_EDGE('',*,*,#3767,.T.);
#4913=ORIENTED_EDGE('',*,*,#3768,.T.);
#4914=ORIENTED_EDGE('',*,*,#3769,.T.);
#4915=ORIENTED_EDGE('',*,*,#3747,.T.);
#4916=ORIENTED_EDGE('',*,*,#3770,.T.);
#4917=ORIENTED_EDGE('',*,*,#3771,.T.);
#4918=ORIENTED_EDGE('',*,*,#3772,.T.);
#4919=ORIENTED_EDGE('',*,*,#3718,.T.);
#4920=ORIENTED_EDGE('',*,*,#3773,.T.);
#4921=ORIENTED_EDGE('',*,*,#3774,.T.);
#4922=ORIENTED_EDGE('',*,*,#3775,.T.);
#4923=ORIENTED_EDGE('',*,*,#3503,.T.);
#4924=ORIENTED_EDGE('',*,*,#3776,.T.);
#4925=ORIENTED_EDGE('',*,*,#3777,.T.);
#4926=ORIENTED_EDGE('',*,*,#3508,.T.);
#4927=ORIENTED_EDGE('',*,*,#3722,.T.);
#4928=ORIENTED_EDGE('',*,*,#3778,.T.);
#4929=ORIENTED_EDGE('',*,*,#3779,.T.);
#4930=ORIENTED_EDGE('',*,*,#3780,.T.);
#4931=ORIENTED_EDGE('',*,*,#3738,.T.);
#4932=ORIENTED_EDGE('',*,*,#3781,.T.);
#4933=ORIENTED_EDGE('',*,*,#3782,.T.);
#4934=ORIENTED_EDGE('',*,*,#3783,.T.);
#4935=ORIENTED_EDGE('',*,*,#3726,.T.);
#4936=ORIENTED_EDGE('',*,*,#3784,.T.);
#4937=ORIENTED_EDGE('',*,*,#3785,.T.);
#4938=ORIENTED_EDGE('',*,*,#3786,.T.);
#4939=ORIENTED_EDGE('',*,*,#3746,.T.);
#4940=ORIENTED_EDGE('',*,*,#3787,.T.);
#4941=ORIENTED_EDGE('',*,*,#3788,.T.);
#4942=ORIENTED_EDGE('',*,*,#3789,.T.);
#4943=ORIENTED_EDGE('',*,*,#3732,.T.);
#4944=ORIENTED_EDGE('',*,*,#3790,.T.);
#4945=ORIENTED_EDGE('',*,*,#3791,.T.);
#4946=ORIENTED_EDGE('',*,*,#3792,.T.);
#4947=ORIENTED_EDGE('',*,*,#3754,.T.);
#4948=ORIENTED_EDGE('',*,*,#3793,.T.);
#4949=ORIENTED_EDGE('',*,*,#3794,.T.);
#4950=ORIENTED_EDGE('',*,*,#3795,.T.);
#4951=ORIENTED_EDGE('',*,*,#3740,.T.);
#4952=ORIENTED_EDGE('',*,*,#3796,.T.);
#4953=ORIENTED_EDGE('',*,*,#3797,.T.);
#4954=ORIENTED_EDGE('',*,*,#3798,.T.);
#4955=ORIENTED_EDGE('',*,*,#3799,.F.);
#4956=ORIENTED_EDGE('',*,*,#3800,.T.);
#4957=ORIENTED_EDGE('',*,*,#3801,.F.);
#4958=ORIENTED_EDGE('',*,*,#3802,.F.);
#4959=ORIENTED_EDGE('',*,*,#3803,.F.);
#4960=ORIENTED_EDGE('',*,*,#3804,.T.);
#4961=ORIENTED_EDGE('',*,*,#3805,.F.);
#4962=ORIENTED_EDGE('',*,*,#3806,.F.);
#4963=ORIENTED_EDGE('',*,*,#3805,.T.);
#4964=ORIENTED_EDGE('',*,*,#3807,.T.);
#4965=ORIENTED_EDGE('',*,*,#3801,.T.);
#4966=ORIENTED_EDGE('',*,*,#3808,.T.);
#4967=ORIENTED_EDGE('',*,*,#3685,.T.);
#4968=ORIENTED_EDGE('',*,*,#3809,.T.);
#4969=ORIENTED_EDGE('',*,*,#3803,.T.);
#4970=ORIENTED_EDGE('',*,*,#3810,.T.);
#4971=ORIENTED_EDGE('',*,*,#3811,.F.);
#4972=ORIENTED_EDGE('',*,*,#3812,.T.);
#4973=ORIENTED_EDGE('',*,*,#3813,.F.);
#4974=ORIENTED_EDGE('',*,*,#3814,.F.);
#4975=ORIENTED_EDGE('',*,*,#3815,.F.);
#4976=ORIENTED_EDGE('',*,*,#3816,.T.);
#4977=ORIENTED_EDGE('',*,*,#3817,.F.);
#4978=ORIENTED_EDGE('',*,*,#3818,.F.);
#4979=ORIENTED_EDGE('',*,*,#3817,.T.);
#4980=ORIENTED_EDGE('',*,*,#3819,.T.);
#4981=ORIENTED_EDGE('',*,*,#3813,.T.);
#4982=ORIENTED_EDGE('',*,*,#3820,.T.);
#4983=ORIENTED_EDGE('',*,*,#3672,.T.);
#4984=ORIENTED_EDGE('',*,*,#3821,.T.);
#4985=ORIENTED_EDGE('',*,*,#3815,.T.);
#4986=ORIENTED_EDGE('',*,*,#3822,.T.);
#4987=ORIENTED_EDGE('',*,*,#3823,.F.);
#4988=ORIENTED_EDGE('',*,*,#3824,.T.);
#4989=ORIENTED_EDGE('',*,*,#3825,.F.);
#4990=ORIENTED_EDGE('',*,*,#3826,.F.);
#4991=ORIENTED_EDGE('',*,*,#3643,.F.);
#4992=ORIENTED_EDGE('',*,*,#3827,.T.);
#4993=ORIENTED_EDGE('',*,*,#3828,.F.);
#4994=ORIENTED_EDGE('',*,*,#3829,.F.);
#4995=ORIENTED_EDGE('',*,*,#3828,.T.);
#4996=ORIENTED_EDGE('',*,*,#3830,.T.);
#4997=ORIENTED_EDGE('',*,*,#3825,.T.);
#4998=ORIENTED_EDGE('',*,*,#3831,.T.);
#4999=ORIENTED_EDGE('',*,*,#3683,.F.);
#5000=ORIENTED_EDGE('',*,*,#3832,.T.);
#5001=ORIENTED_EDGE('',*,*,#3833,.F.);
#5002=ORIENTED_EDGE('',*,*,#3834,.F.);
#5003=ORIENTED_EDGE('',*,*,#3835,.F.);
#5004=ORIENTED_EDGE('',*,*,#3836,.T.);
#5005=ORIENTED_EDGE('',*,*,#3837,.F.);
#5006=ORIENTED_EDGE('',*,*,#3838,.F.);
#5007=ORIENTED_EDGE('',*,*,#3837,.T.);
#5008=ORIENTED_EDGE('',*,*,#3839,.T.);
#5009=ORIENTED_EDGE('',*,*,#3833,.T.);
#5010=ORIENTED_EDGE('',*,*,#3840,.T.);
#5011=ORIENTED_EDGE('',*,*,#3835,.T.);
#5012=ORIENTED_EDGE('',*,*,#3841,.T.);
#5013=ORIENTED_EDGE('',*,*,#3842,.T.);
#5014=ORIENTED_EDGE('',*,*,#3843,.T.);
#5015=ORIENTED_EDGE('',*,*,#3696,.F.);
#5016=ORIENTED_EDGE('',*,*,#3844,.T.);
#5017=ORIENTED_EDGE('',*,*,#3845,.F.);
#5018=ORIENTED_EDGE('',*,*,#3846,.F.);
#5019=ORIENTED_EDGE('',*,*,#3847,.F.);
#5020=ORIENTED_EDGE('',*,*,#3848,.T.);
#5021=ORIENTED_EDGE('',*,*,#3849,.F.);
#5022=ORIENTED_EDGE('',*,*,#3850,.F.);
#5023=ORIENTED_EDGE('',*,*,#3849,.T.);
#5024=ORIENTED_EDGE('',*,*,#3851,.T.);
#5025=ORIENTED_EDGE('',*,*,#3845,.T.);
#5026=ORIENTED_EDGE('',*,*,#3852,.T.);
#5027=ORIENTED_EDGE('',*,*,#3847,.T.);
#5028=ORIENTED_EDGE('',*,*,#3853,.T.);
#5029=ORIENTED_EDGE('',*,*,#3854,.T.);
#5030=ORIENTED_EDGE('',*,*,#3855,.T.);
#5031=ORIENTED_EDGE('',*,*,#3771,.F.);
#5032=ORIENTED_EDGE('',*,*,#3856,.T.);
#5033=ORIENTED_EDGE('',*,*,#3857,.F.);
#5034=ORIENTED_EDGE('',*,*,#3858,.F.);
#5035=ORIENTED_EDGE('',*,*,#3859,.F.);
#5036=ORIENTED_EDGE('',*,*,#3860,.T.);
#5037=ORIENTED_EDGE('',*,*,#3861,.F.);
#5038=ORIENTED_EDGE('',*,*,#3862,.F.);
#5039=ORIENTED_EDGE('',*,*,#3861,.T.);
#5040=ORIENTED_EDGE('',*,*,#3863,.T.);
#5041=ORIENTED_EDGE('',*,*,#3857,.T.);
#5042=ORIENTED_EDGE('',*,*,#3864,.T.);
#5043=ORIENTED_EDGE('',*,*,#3859,.T.);
#5044=ORIENTED_EDGE('',*,*,#3865,.T.);
#5045=ORIENTED_EDGE('',*,*,#3866,.T.);
#5046=ORIENTED_EDGE('',*,*,#3867,.T.);
#5047=ORIENTED_EDGE('',*,*,#3866,.F.);
#5048=ORIENTED_EDGE('',*,*,#3868,.T.);
#5049=ORIENTED_EDGE('',*,*,#3869,.F.);
#5050=ORIENTED_EDGE('',*,*,#3870,.F.);
#5051=ORIENTED_EDGE('',*,*,#3871,.F.);
#5052=ORIENTED_EDGE('',*,*,#3872,.T.);
#5053=ORIENTED_EDGE('',*,*,#3873,.F.);
#5054=ORIENTED_EDGE('',*,*,#3874,.F.);
#5055=ORIENTED_EDGE('',*,*,#3873,.T.);
#5056=ORIENTED_EDGE('',*,*,#3875,.T.);
#5057=ORIENTED_EDGE('',*,*,#3869,.T.);
#5058=ORIENTED_EDGE('',*,*,#3876,.T.);
#5059=ORIENTED_EDGE('',*,*,#3799,.T.);
#5060=ORIENTED_EDGE('',*,*,#3877,.T.);
#5061=ORIENTED_EDGE('',*,*,#3871,.T.);
#5062=ORIENTED_EDGE('',*,*,#3878,.T.);
#5063=ORIENTED_EDGE('',*,*,#3854,.F.);
#5064=ORIENTED_EDGE('',*,*,#3879,.T.);
#5065=ORIENTED_EDGE('',*,*,#3880,.F.);
#5066=ORIENTED_EDGE('',*,*,#3881,.F.);
#5067=ORIENTED_EDGE('',*,*,#3882,.F.);
#5068=ORIENTED_EDGE('',*,*,#3883,.T.);
#5069=ORIENTED_EDGE('',*,*,#3884,.F.);
#5070=ORIENTED_EDGE('',*,*,#3885,.F.);
#5071=ORIENTED_EDGE('',*,*,#3884,.T.);
#5072=ORIENTED_EDGE('',*,*,#3886,.T.);
#5073=ORIENTED_EDGE('',*,*,#3880,.T.);
#5074=ORIENTED_EDGE('',*,*,#3887,.T.);
#5075=ORIENTED_EDGE('',*,*,#3811,.T.);
#5076=ORIENTED_EDGE('',*,*,#3888,.T.);
#5077=ORIENTED_EDGE('',*,*,#3882,.T.);
#5078=ORIENTED_EDGE('',*,*,#3889,.T.);
#5079=ORIENTED_EDGE('',*,*,#3842,.F.);
#5080=ORIENTED_EDGE('',*,*,#3890,.T.);
#5081=ORIENTED_EDGE('',*,*,#3891,.F.);
#5082=ORIENTED_EDGE('',*,*,#3892,.F.);
#5083=ORIENTED_EDGE('',*,*,#3893,.F.);
#5084=ORIENTED_EDGE('',*,*,#3894,.T.);
#5085=ORIENTED_EDGE('',*,*,#3895,.F.);
#5086=ORIENTED_EDGE('',*,*,#3896,.F.);
#5087=ORIENTED_EDGE('',*,*,#3895,.T.);
#5088=ORIENTED_EDGE('',*,*,#3897,.T.);
#5089=ORIENTED_EDGE('',*,*,#3891,.T.);
#5090=ORIENTED_EDGE('',*,*,#3898,.T.);
#5091=ORIENTED_EDGE('',*,*,#3823,.T.);
#5092=ORIENTED_EDGE('',*,*,#3899,.T.);
#5093=ORIENTED_EDGE('',*,*,#3893,.T.);
#5094=ORIENTED_EDGE('',*,*,#3900,.T.);
#5095=ORIENTED_EDGE('',*,*,#3901,.T.);
#5096=ORIENTED_EDGE('',*,*,#3902,.T.);
#5097=ORIENTED_EDGE('',*,*,#3713,.F.);
#5098=ORIENTED_EDGE('',*,*,#3760,.F.);
#5099=ORIENTED_EDGE('',*,*,#3557,.T.);
#5100=ORIENTED_EDGE('',*,*,#3903,.T.);
#5101=ORIENTED_EDGE('',*,*,#3764,.F.);
#5102=ORIENTED_EDGE('',*,*,#3702,.F.);
#5103=ORIENTED_EDGE('',*,*,#3904,.T.);
#5104=ORIENTED_EDGE('',*,*,#3905,.T.);
#5105=ORIENTED_EDGE('',*,*,#3719,.F.);
#5106=ORIENTED_EDGE('',*,*,#3775,.F.);
#5107=ORIENTED_EDGE('',*,*,#3906,.T.);
#5108=ORIENTED_EDGE('',*,*,#3767,.F.);
#5109=ORIENTED_EDGE('',*,*,#3709,.F.);
#5110=ORIENTED_EDGE('',*,*,#3907,.F.);
#5111=ORIENTED_EDGE('',*,*,#3908,.T.);
#5112=ORIENTED_EDGE('',*,*,#3909,.T.);
#5113=ORIENTED_EDGE('',*,*,#3741,.F.);
#5114=ORIENTED_EDGE('',*,*,#3798,.F.);
#5115=ORIENTED_EDGE('',*,*,#3910,.T.);
#5116=ORIENTED_EDGE('',*,*,#3790,.F.);
#5117=ORIENTED_EDGE('',*,*,#3731,.F.);
#5118=ORIENTED_EDGE('',*,*,#3911,.F.);
#5119=ORIENTED_EDGE('',*,*,#3373,.T.);
#5120=ORIENTED_EDGE('',*,*,#3912,.T.);
#5121=ORIENTED_EDGE('',*,*,#3467,.T.);
#5122=ORIENTED_EDGE('',*,*,#3729,.F.);
#5123=ORIENTED_EDGE('',*,*,#3913,.T.);
#5124=ORIENTED_EDGE('',*,*,#3781,.F.);
#5125=ORIENTED_EDGE('',*,*,#3737,.F.);
#5126=ORIENTED_EDGE('',*,*,#3914,.F.);
#5127=ORIENTED_EDGE('',*,*,#3915,.T.);
#5128=ORIENTED_EDGE('',*,*,#3916,.T.);
#5129=ORIENTED_EDGE('',*,*,#3742,.T.);
#5130=ORIENTED_EDGE('',*,*,#3909,.F.);
#5131=ORIENTED_EDGE('',*,*,#3917,.T.);
#5132=ORIENTED_EDGE('',*,*,#3911,.T.);
#5133=ORIENTED_EDGE('',*,*,#3734,.T.);
#5134=ORIENTED_EDGE('',*,*,#3918,.F.);
#5135=ORIENTED_EDGE('',*,*,#3919,.T.);
#5136=ORIENTED_EDGE('',*,*,#3920,.T.);
#5137=ORIENTED_EDGE('',*,*,#3728,.T.);
#5138=ORIENTED_EDGE('',*,*,#3921,.F.);
#5139=ORIENTED_EDGE('',*,*,#3922,.T.);
#5140=ORIENTED_EDGE('',*,*,#3923,.T.);
#5141=ORIENTED_EDGE('',*,*,#3724,.T.);
#5142=ORIENTED_EDGE('',*,*,#3924,.F.);
#5143=ORIENTED_EDGE('',*,*,#3925,.T.);
#5144=ORIENTED_EDGE('',*,*,#3926,.T.);
#5145=ORIENTED_EDGE('',*,*,#3720,.T.);
#5146=ORIENTED_EDGE('',*,*,#3905,.F.);
#5147=ORIENTED_EDGE('',*,*,#3927,.T.);
#5148=ORIENTED_EDGE('',*,*,#3907,.T.);
#5149=ORIENTED_EDGE('',*,*,#3712,.T.);
#5150=ORIENTED_EDGE('',*,*,#3928,.F.);
#5151=ORIENTED_EDGE('',*,*,#3929,.T.);
#5152=ORIENTED_EDGE('',*,*,#3930,.T.);
#5153=ORIENTED_EDGE('',*,*,#3701,.T.);
#5154=ORIENTED_EDGE('',*,*,#3931,.F.);
#5155=ORIENTED_EDGE('',*,*,#3932,.T.);
#5156=ORIENTED_EDGE('',*,*,#3933,.T.);
#5157=ORIENTED_EDGE('',*,*,#3706,.T.);
#5158=ORIENTED_EDGE('',*,*,#3934,.F.);
#5159=ORIENTED_EDGE('',*,*,#3935,.T.);
#5160=ORIENTED_EDGE('',*,*,#3936,.T.);
#5161=ORIENTED_EDGE('',*,*,#3714,.T.);
#5162=ORIENTED_EDGE('',*,*,#3902,.F.);
#5163=ORIENTED_EDGE('',*,*,#3937,.T.);
#5164=ORIENTED_EDGE('',*,*,#3938,.T.);
#5165=ORIENTED_EDGE('',*,*,#3749,.T.);
#5166=ORIENTED_EDGE('',*,*,#3939,.T.);
#5167=ORIENTED_EDGE('',*,*,#3940,.T.);
#5168=ORIENTED_EDGE('',*,*,#3914,.T.);
#5169=ORIENTED_EDGE('',*,*,#3736,.T.);
#5170=ORIENTED_EDGE('',*,*,#3941,.F.);
#5171=ORIENTED_EDGE('',*,*,#3942,.T.);
#5172=ORIENTED_EDGE('',*,*,#3943,.T.);
#5173=ORIENTED_EDGE('',*,*,#3744,.T.);
#5174=ORIENTED_EDGE('',*,*,#3944,.F.);
#5175=ORIENTED_EDGE('',*,*,#3945,.T.);
#5176=ORIENTED_EDGE('',*,*,#3946,.T.);
#5177=ORIENTED_EDGE('',*,*,#3752,.T.);
#5178=ORIENTED_EDGE('',*,*,#3947,.F.);
#5179=ORIENTED_EDGE('',*,*,#3948,.T.);
#5180=ORIENTED_EDGE('',*,*,#3947,.T.);
#5181=ORIENTED_EDGE('',*,*,#3751,.F.);
#5182=ORIENTED_EDGE('',*,*,#3795,.F.);
#5183=ORIENTED_EDGE('',*,*,#3949,.T.);
#5184=ORIENTED_EDGE('',*,*,#3796,.F.);
#5185=ORIENTED_EDGE('',*,*,#3739,.F.);
#5186=ORIENTED_EDGE('',*,*,#3916,.F.);
#5187=ORIENTED_EDGE('',*,*,#3950,.T.);
#5188=ORIENTED_EDGE('',*,*,#3924,.T.);
#5189=ORIENTED_EDGE('',*,*,#3723,.F.);
#5190=ORIENTED_EDGE('',*,*,#3780,.F.);
#5191=ORIENTED_EDGE('',*,*,#3951,.T.);
#5192=ORIENTED_EDGE('',*,*,#3773,.F.);
#5193=ORIENTED_EDGE('',*,*,#3717,.F.);
#5194=ORIENTED_EDGE('',*,*,#3926,.F.);
#5195=ORIENTED_EDGE('',*,*,#3952,.T.);
#5196=ORIENTED_EDGE('',*,*,#3934,.T.);
#5197=ORIENTED_EDGE('',*,*,#3705,.F.);
#5198=ORIENTED_EDGE('',*,*,#3757,.F.);
#5199=ORIENTED_EDGE('',*,*,#3953,.T.);
#5200=ORIENTED_EDGE('',*,*,#3758,.F.);
#5201=ORIENTED_EDGE('',*,*,#3715,.F.);
#5202=ORIENTED_EDGE('',*,*,#3936,.F.);
#5203=ORIENTED_EDGE('',*,*,#3954,.T.);
#5204=ORIENTED_EDGE('',*,*,#3928,.T.);
#5205=ORIENTED_EDGE('',*,*,#3711,.F.);
#5206=ORIENTED_EDGE('',*,*,#3769,.F.);
#5207=ORIENTED_EDGE('',*,*,#3955,.T.);
#5208=ORIENTED_EDGE('',*,*,#3761,.F.);
#5209=ORIENTED_EDGE('',*,*,#3698,.F.);
#5210=ORIENTED_EDGE('',*,*,#3930,.F.);
#5211=ORIENTED_EDGE('',*,*,#3956,.T.);
#5212=ORIENTED_EDGE('',*,*,#3918,.T.);
#5213=ORIENTED_EDGE('',*,*,#3733,.F.);
#5214=ORIENTED_EDGE('',*,*,#3792,.F.);
#5215=ORIENTED_EDGE('',*,*,#3957,.T.);
#5216=ORIENTED_EDGE('',*,*,#3784,.F.);
#5217=ORIENTED_EDGE('',*,*,#3725,.F.);
#5218=ORIENTED_EDGE('',*,*,#3920,.F.);
#5219=ORIENTED_EDGE('',*,*,#3958,.T.);
#5220=ORIENTED_EDGE('',*,*,#3941,.T.);
#5221=ORIENTED_EDGE('',*,*,#3735,.F.);
#5222=ORIENTED_EDGE('',*,*,#3783,.F.);
#5223=ORIENTED_EDGE('',*,*,#3959,.T.);
#5224=ORIENTED_EDGE('',*,*,#3787,.F.);
#5225=ORIENTED_EDGE('',*,*,#3745,.F.);
#5226=ORIENTED_EDGE('',*,*,#3943,.F.);
#5227=ORIENTED_EDGE('',*,*,#3960,.T.);
#5228=ORIENTED_EDGE('',*,*,#3944,.T.);
#5229=ORIENTED_EDGE('',*,*,#3743,.F.);
#5230=ORIENTED_EDGE('',*,*,#3789,.F.);
#5231=ORIENTED_EDGE('',*,*,#3961,.T.);
#5232=ORIENTED_EDGE('',*,*,#3793,.F.);
#5233=ORIENTED_EDGE('',*,*,#3753,.F.);
#5234=ORIENTED_EDGE('',*,*,#3946,.F.);
#5235=ORIENTED_EDGE('',*,*,#3962,.T.);
#5236=ORIENTED_EDGE('',*,*,#3921,.T.);
#5237=ORIENTED_EDGE('',*,*,#3727,.F.);
#5238=ORIENTED_EDGE('',*,*,#3786,.F.);
#5239=ORIENTED_EDGE('',*,*,#3963,.T.);
#5240=ORIENTED_EDGE('',*,*,#3778,.F.);
#5241=ORIENTED_EDGE('',*,*,#3721,.F.);
#5242=ORIENTED_EDGE('',*,*,#3923,.F.);
#5243=ORIENTED_EDGE('',*,*,#3964,.T.);
#5244=ORIENTED_EDGE('',*,*,#3931,.T.);
#5245=ORIENTED_EDGE('',*,*,#3700,.F.);
#5246=ORIENTED_EDGE('',*,*,#3763,.F.);
#5247=ORIENTED_EDGE('',*,*,#3965,.T.);
#5248=ORIENTED_EDGE('',*,*,#3755,.F.);
#5249=ORIENTED_EDGE('',*,*,#3707,.F.);
#5250=ORIENTED_EDGE('',*,*,#3933,.F.);
#5251=ORIENTED_EDGE('',*,*,#3966,.T.);
#5252=ORIENTED_EDGE('',*,*,#3967,.T.);
#5253=ORIENTED_EDGE('',*,*,#3584,.F.);
#5254=ORIENTED_EDGE('',*,*,#3632,.F.);
#5255=ORIENTED_EDGE('',*,*,#3160,.T.);
#5256=ORIENTED_EDGE('',*,*,#3968,.T.);
#5257=ORIENTED_EDGE('',*,*,#3636,.F.);
#5258=ORIENTED_EDGE('',*,*,#3573,.F.);
#5259=ORIENTED_EDGE('',*,*,#3969,.T.);
#5260=ORIENTED_EDGE('',*,*,#3970,.T.);
#5261=ORIENTED_EDGE('',*,*,#3590,.F.);
#5262=ORIENTED_EDGE('',*,*,#3647,.F.);
#5263=ORIENTED_EDGE('',*,*,#3971,.T.);
#5264=ORIENTED_EDGE('',*,*,#3639,.F.);
#5265=ORIENTED_EDGE('',*,*,#3580,.F.);
#5266=ORIENTED_EDGE('',*,*,#3972,.F.);
#5267=ORIENTED_EDGE('',*,*,#3973,.T.);
#5268=ORIENTED_EDGE('',*,*,#3974,.T.);
#5269=ORIENTED_EDGE('',*,*,#3613,.F.);
#5270=ORIENTED_EDGE('',*,*,#3671,.F.);
#5271=ORIENTED_EDGE('',*,*,#3975,.T.);
#5272=ORIENTED_EDGE('',*,*,#3663,.F.);
#5273=ORIENTED_EDGE('',*,*,#3603,.F.);
#5274=ORIENTED_EDGE('',*,*,#3976,.F.);
#5275=ORIENTED_EDGE('',*,*,#3339,.T.);
#5276=ORIENTED_EDGE('',*,*,#3602,.F.);
#5277=ORIENTED_EDGE('',*,*,#3650,.F.);
#5278=ORIENTED_EDGE('',*,*,#3977,.T.);
#5279=ORIENTED_EDGE('',*,*,#3978,.T.);
#5280=ORIENTED_EDGE('',*,*,#3654,.F.);
#5281=ORIENTED_EDGE('',*,*,#3609,.F.);
#5282=ORIENTED_EDGE('',*,*,#3979,.F.);
#5283=ORIENTED_EDGE('',*,*,#3980,.T.);
#5284=ORIENTED_EDGE('',*,*,#3981,.T.);
#5285=ORIENTED_EDGE('',*,*,#3614,.T.);
#5286=ORIENTED_EDGE('',*,*,#3974,.F.);
#5287=ORIENTED_EDGE('',*,*,#3982,.T.);
#5288=ORIENTED_EDGE('',*,*,#3976,.T.);
#5289=ORIENTED_EDGE('',*,*,#3606,.T.);
#5290=ORIENTED_EDGE('',*,*,#3983,.F.);
#5291=ORIENTED_EDGE('',*,*,#3984,.T.);
#5292=ORIENTED_EDGE('',*,*,#3985,.T.);
#5293=ORIENTED_EDGE('',*,*,#3599,.T.);
#5294=ORIENTED_EDGE('',*,*,#3986,.F.);
#5295=ORIENTED_EDGE('',*,*,#3987,.T.);
#5296=ORIENTED_EDGE('',*,*,#3988,.T.);
#5297=ORIENTED_EDGE('',*,*,#3595,.T.);
#5298=ORIENTED_EDGE('',*,*,#3989,.F.);
#5299=ORIENTED_EDGE('',*,*,#3990,.T.);
#5300=ORIENTED_EDGE('',*,*,#3991,.T.);
#5301=ORIENTED_EDGE('',*,*,#3591,.T.);
#5302=ORIENTED_EDGE('',*,*,#3970,.F.);
#5303=ORIENTED_EDGE('',*,*,#3992,.T.);
#5304=ORIENTED_EDGE('',*,*,#3972,.T.);
#5305=ORIENTED_EDGE('',*,*,#3583,.T.);
#5306=ORIENTED_EDGE('',*,*,#3993,.F.);
#5307=ORIENTED_EDGE('',*,*,#3994,.T.);
#5308=ORIENTED_EDGE('',*,*,#3995,.T.);
#5309=ORIENTED_EDGE('',*,*,#3572,.T.);
#5310=ORIENTED_EDGE('',*,*,#3996,.F.);
#5311=ORIENTED_EDGE('',*,*,#3997,.T.);
#5312=ORIENTED_EDGE('',*,*,#3998,.T.);
#5313=ORIENTED_EDGE('',*,*,#3577,.T.);
#5314=ORIENTED_EDGE('',*,*,#3999,.F.);
#5315=ORIENTED_EDGE('',*,*,#4000,.T.);
#5316=ORIENTED_EDGE('',*,*,#4001,.T.);
#5317=ORIENTED_EDGE('',*,*,#3585,.T.);
#5318=ORIENTED_EDGE('',*,*,#3967,.F.);
#5319=ORIENTED_EDGE('',*,*,#4002,.T.);
#5320=ORIENTED_EDGE('',*,*,#4003,.T.);
#5321=ORIENTED_EDGE('',*,*,#3621,.T.);
#5322=ORIENTED_EDGE('',*,*,#4004,.T.);
#5323=ORIENTED_EDGE('',*,*,#4005,.T.);
#5324=ORIENTED_EDGE('',*,*,#3979,.T.);
#5325=ORIENTED_EDGE('',*,*,#3608,.T.);
#5326=ORIENTED_EDGE('',*,*,#4006,.F.);
#5327=ORIENTED_EDGE('',*,*,#4007,.T.);
#5328=ORIENTED_EDGE('',*,*,#4008,.T.);
#5329=ORIENTED_EDGE('',*,*,#3616,.T.);
#5330=ORIENTED_EDGE('',*,*,#4009,.F.);
#5331=ORIENTED_EDGE('',*,*,#4010,.T.);
#5332=ORIENTED_EDGE('',*,*,#4011,.T.);
#5333=ORIENTED_EDGE('',*,*,#3624,.T.);
#5334=ORIENTED_EDGE('',*,*,#4012,.F.);
#5335=ORIENTED_EDGE('',*,*,#4013,.T.);
#5336=ORIENTED_EDGE('',*,*,#4012,.T.);
#5337=ORIENTED_EDGE('',*,*,#3623,.F.);
#5338=ORIENTED_EDGE('',*,*,#3668,.F.);
#5339=ORIENTED_EDGE('',*,*,#4014,.T.);
#5340=ORIENTED_EDGE('',*,*,#3669,.F.);
#5341=ORIENTED_EDGE('',*,*,#3611,.F.);
#5342=ORIENTED_EDGE('',*,*,#3981,.F.);
#5343=ORIENTED_EDGE('',*,*,#4015,.T.);
#5344=ORIENTED_EDGE('',*,*,#3989,.T.);
#5345=ORIENTED_EDGE('',*,*,#3594,.F.);
#5346=ORIENTED_EDGE('',*,*,#3653,.F.);
#5347=ORIENTED_EDGE('',*,*,#4016,.T.);
#5348=ORIENTED_EDGE('',*,*,#3645,.F.);
#5349=ORIENTED_EDGE('',*,*,#3588,.F.);
#5350=ORIENTED_EDGE('',*,*,#3991,.F.);
#5351=ORIENTED_EDGE('',*,*,#4017,.T.);
#5352=ORIENTED_EDGE('',*,*,#3999,.T.);
#5353=ORIENTED_EDGE('',*,*,#3576,.F.);
#5354=ORIENTED_EDGE('',*,*,#3629,.F.);
#5355=ORIENTED_EDGE('',*,*,#4018,.T.);
#5356=ORIENTED_EDGE('',*,*,#3630,.F.);
#5357=ORIENTED_EDGE('',*,*,#3586,.F.);
#5358=ORIENTED_EDGE('',*,*,#4001,.F.);
#5359=ORIENTED_EDGE('',*,*,#4019,.T.);
#5360=ORIENTED_EDGE('',*,*,#3993,.T.);
#5361=ORIENTED_EDGE('',*,*,#3582,.F.);
#5362=ORIENTED_EDGE('',*,*,#3641,.F.);
#5363=ORIENTED_EDGE('',*,*,#4020,.T.);
#5364=ORIENTED_EDGE('',*,*,#3633,.F.);
#5365=ORIENTED_EDGE('',*,*,#3569,.F.);
#5366=ORIENTED_EDGE('',*,*,#3995,.F.);
#5367=ORIENTED_EDGE('',*,*,#4021,.T.);
#5368=ORIENTED_EDGE('',*,*,#3983,.T.);
#5369=ORIENTED_EDGE('',*,*,#3605,.F.);
#5370=ORIENTED_EDGE('',*,*,#3665,.F.);
#5371=ORIENTED_EDGE('',*,*,#4022,.T.);
#5372=ORIENTED_EDGE('',*,*,#3657,.F.);
#5373=ORIENTED_EDGE('',*,*,#3596,.F.);
#5374=ORIENTED_EDGE('',*,*,#3985,.F.);
#5375=ORIENTED_EDGE('',*,*,#4023,.T.);
#5376=ORIENTED_EDGE('',*,*,#4006,.T.);
#5377=ORIENTED_EDGE('',*,*,#3607,.F.);
#5378=ORIENTED_EDGE('',*,*,#3656,.F.);
#5379=ORIENTED_EDGE('',*,*,#4024,.T.);
#5380=ORIENTED_EDGE('',*,*,#3660,.F.);
#5381=ORIENTED_EDGE('',*,*,#3617,.F.);
#5382=ORIENTED_EDGE('',*,*,#4008,.F.);
#5383=ORIENTED_EDGE('',*,*,#4025,.T.);
#5384=ORIENTED_EDGE('',*,*,#4009,.T.);
#5385=ORIENTED_EDGE('',*,*,#3615,.F.);
#5386=ORIENTED_EDGE('',*,*,#3662,.F.);
#5387=ORIENTED_EDGE('',*,*,#4026,.T.);
#5388=ORIENTED_EDGE('',*,*,#3666,.F.);
#5389=ORIENTED_EDGE('',*,*,#3625,.F.);
#5390=ORIENTED_EDGE('',*,*,#4011,.F.);
#5391=ORIENTED_EDGE('',*,*,#4027,.T.);
#5392=ORIENTED_EDGE('',*,*,#3986,.T.);
#5393=ORIENTED_EDGE('',*,*,#3598,.F.);
#5394=ORIENTED_EDGE('',*,*,#3659,.F.);
#5395=ORIENTED_EDGE('',*,*,#4028,.T.);
#5396=ORIENTED_EDGE('',*,*,#3651,.F.);
#5397=ORIENTED_EDGE('',*,*,#3592,.F.);
#5398=ORIENTED_EDGE('',*,*,#3988,.F.);
#5399=ORIENTED_EDGE('',*,*,#4029,.T.);
#5400=ORIENTED_EDGE('',*,*,#3996,.T.);
#5401=ORIENTED_EDGE('',*,*,#3571,.F.);
#5402=ORIENTED_EDGE('',*,*,#3635,.F.);
#5403=ORIENTED_EDGE('',*,*,#4030,.T.);
#5404=ORIENTED_EDGE('',*,*,#3627,.F.);
#5405=ORIENTED_EDGE('',*,*,#3578,.F.);
#5406=ORIENTED_EDGE('',*,*,#3998,.F.);
#5407=ORIENTED_EDGE('',*,*,#4031,.F.);
#5408=ORIENTED_EDGE('',*,*,#4032,.T.);
#5409=ORIENTED_EDGE('',*,*,#3776,.F.);
#5410=ORIENTED_EDGE('',*,*,#3502,.T.);
#5411=ORIENTED_EDGE('',*,*,#3497,.F.);
#5412=ORIENTED_EDGE('',*,*,#4033,.T.);
#5413=ORIENTED_EDGE('',*,*,#3501,.T.);
#5414=ORIENTED_EDGE('',*,*,#3389,.T.);
#5415=ORIENTED_EDGE('',*,*,#3382,.F.);
#5416=ORIENTED_EDGE('',*,*,#4034,.T.);
#5417=ORIENTED_EDGE('',*,*,#3388,.T.);
#5418=ORIENTED_EDGE('',*,*,#3394,.T.);
#5419=ORIENTED_EDGE('',*,*,#3455,.F.);
#5420=ORIENTED_EDGE('',*,*,#4035,.T.);
#5421=ORIENTED_EDGE('',*,*,#3459,.T.);
#5422=ORIENTED_EDGE('',*,*,#3507,.T.);
#5423=ORIENTED_EDGE('',*,*,#3561,.F.);
#5424=ORIENTED_EDGE('',*,*,#4036,.T.);
#5425=ORIENTED_EDGE('',*,*,#3563,.T.);
#5426=ORIENTED_EDGE('',*,*,#3494,.T.);
#5427=ORIENTED_EDGE('',*,*,#3486,.F.);
#5428=ORIENTED_EDGE('',*,*,#4037,.T.);
#5429=ORIENTED_EDGE('',*,*,#3490,.T.);
#5430=ORIENTED_EDGE('',*,*,#3379,.T.);
#5431=ORIENTED_EDGE('',*,*,#3369,.F.);
#5432=ORIENTED_EDGE('',*,*,#4038,.T.);
#5433=ORIENTED_EDGE('',*,*,#3375,.T.);
#5434=ORIENTED_EDGE('',*,*,#3730,.T.);
#5435=ORIENTED_EDGE('',*,*,#3465,.F.);
#5436=ORIENTED_EDGE('',*,*,#4039,.T.);
#5437=ORIENTED_EDGE('',*,*,#3463,.T.);
#5438=ORIENTED_EDGE('',*,*,#3470,.T.);
#5439=ORIENTED_EDGE('',*,*,#3567,.F.);
#5440=ORIENTED_EDGE('',*,*,#4040,.T.);
#5441=ORIENTED_EDGE('',*,*,#3565,.T.);
#5442=ORIENTED_EDGE('',*,*,#3483,.T.);
#5443=ORIENTED_EDGE('',*,*,#3474,.F.);
#5444=ORIENTED_EDGE('',*,*,#4041,.T.);
#5445=ORIENTED_EDGE('',*,*,#3479,.T.);
#5446=ORIENTED_EDGE('',*,*,#3568,.T.);
#5447=ORIENTED_EDGE('',*,*,#3362,.F.);
#5448=ORIENTED_EDGE('',*,*,#4042,.T.);
#5449=ORIENTED_EDGE('',*,*,#3939,.F.);
#5450=ORIENTED_EDGE('',*,*,#3748,.F.);
#5451=ORIENTED_EDGE('',*,*,#3772,.F.);
#5452=ORIENTED_EDGE('',*,*,#3858,.T.);
#5453=ORIENTED_EDGE('',*,*,#3863,.F.);
#5454=ORIENTED_EDGE('',*,*,#3860,.F.);
#5455=ORIENTED_EDGE('',*,*,#3867,.F.);
#5456=ORIENTED_EDGE('',*,*,#3870,.T.);
#5457=ORIENTED_EDGE('',*,*,#3875,.F.);
#5458=ORIENTED_EDGE('',*,*,#3872,.F.);
#5459=ORIENTED_EDGE('',*,*,#3877,.F.);
#5460=ORIENTED_EDGE('',*,*,#3802,.T.);
#5461=ORIENTED_EDGE('',*,*,#3807,.F.);
#5462=ORIENTED_EDGE('',*,*,#3804,.F.);
#5463=ORIENTED_EDGE('',*,*,#3809,.F.);
#5464=ORIENTED_EDGE('',*,*,#3688,.T.);
#5465=ORIENTED_EDGE('',*,*,#3693,.F.);
#5466=ORIENTED_EDGE('',*,*,#3690,.F.);
#5467=ORIENTED_EDGE('',*,*,#3697,.F.);
#5468=ORIENTED_EDGE('',*,*,#3846,.T.);
#5469=ORIENTED_EDGE('',*,*,#3851,.F.);
#5470=ORIENTED_EDGE('',*,*,#3848,.F.);
#5471=ORIENTED_EDGE('',*,*,#3855,.F.);
#5472=ORIENTED_EDGE('',*,*,#3881,.T.);
#5473=ORIENTED_EDGE('',*,*,#3886,.F.);
#5474=ORIENTED_EDGE('',*,*,#3883,.F.);
#5475=ORIENTED_EDGE('',*,*,#3888,.F.);
#5476=ORIENTED_EDGE('',*,*,#3814,.T.);
#5477=ORIENTED_EDGE('',*,*,#3819,.F.);
#5478=ORIENTED_EDGE('',*,*,#3816,.F.);
#5479=ORIENTED_EDGE('',*,*,#3821,.F.);
#5480=ORIENTED_EDGE('',*,*,#3675,.T.);
#5481=ORIENTED_EDGE('',*,*,#3680,.F.);
#5482=ORIENTED_EDGE('',*,*,#3677,.F.);
#5483=ORIENTED_EDGE('',*,*,#3684,.F.);
#5484=ORIENTED_EDGE('',*,*,#3834,.T.);
#5485=ORIENTED_EDGE('',*,*,#3839,.F.);
#5486=ORIENTED_EDGE('',*,*,#3836,.F.);
#5487=ORIENTED_EDGE('',*,*,#3843,.F.);
#5488=ORIENTED_EDGE('',*,*,#3892,.T.);
#5489=ORIENTED_EDGE('',*,*,#3897,.F.);
#5490=ORIENTED_EDGE('',*,*,#3894,.F.);
#5491=ORIENTED_EDGE('',*,*,#3899,.F.);
#5492=ORIENTED_EDGE('',*,*,#3826,.T.);
#5493=ORIENTED_EDGE('',*,*,#3830,.F.);
#5494=ORIENTED_EDGE('',*,*,#3827,.F.);
#5495=ORIENTED_EDGE('',*,*,#3642,.F.);
#5496=ORIENTED_EDGE('',*,*,#3622,.T.);
#5497=ORIENTED_EDGE('',*,*,#4003,.F.);
#5498=ORIENTED_EDGE('',*,*,#4043,.F.);
#5499=ORIENTED_EDGE('',*,*,#3296,.T.);
#5500=ORIENTED_EDGE('',*,*,#3194,.F.);
#5501=ORIENTED_EDGE('',*,*,#3187,.F.);
#5502=ORIENTED_EDGE('',*,*,#4044,.F.);
#5503=ORIENTED_EDGE('',*,*,#3193,.T.);
#5504=ORIENTED_EDGE('',*,*,#3199,.F.);
#5505=ORIENTED_EDGE('',*,*,#3262,.F.);
#5506=ORIENTED_EDGE('',*,*,#4045,.F.);
#5507=ORIENTED_EDGE('',*,*,#3266,.T.);
#5508=ORIENTED_EDGE('',*,*,#3350,.F.);
#5509=ORIENTED_EDGE('',*,*,#3344,.F.);
#5510=ORIENTED_EDGE('',*,*,#4046,.F.);
#5511=ORIENTED_EDGE('',*,*,#3348,.T.);
#5512=ORIENTED_EDGE('',*,*,#3293,.F.);
#5513=ORIENTED_EDGE('',*,*,#3285,.F.);
#5514=ORIENTED_EDGE('',*,*,#4047,.F.);
#5515=ORIENTED_EDGE('',*,*,#3289,.T.);
#5516=ORIENTED_EDGE('',*,*,#3176,.F.);
#5517=ORIENTED_EDGE('',*,*,#3169,.F.);
#5518=ORIENTED_EDGE('',*,*,#4048,.F.);
#5519=ORIENTED_EDGE('',*,*,#3175,.T.);
#5520=ORIENTED_EDGE('',*,*,#3181,.F.);
#5521=ORIENTED_EDGE('',*,*,#3268,.F.);
#5522=ORIENTED_EDGE('',*,*,#4049,.F.);
#5523=ORIENTED_EDGE('',*,*,#3272,.T.);
#5524=ORIENTED_EDGE('',*,*,#3353,.F.);
#5525=ORIENTED_EDGE('',*,*,#3358,.F.);
#5526=ORIENTED_EDGE('',*,*,#4050,.F.);
#5527=ORIENTED_EDGE('',*,*,#3360,.T.);
#5528=ORIENTED_EDGE('',*,*,#3282,.F.);
#5529=ORIENTED_EDGE('',*,*,#3274,.F.);
#5530=ORIENTED_EDGE('',*,*,#4051,.F.);
#5531=ORIENTED_EDGE('',*,*,#3278,.T.);
#5532=ORIENTED_EDGE('',*,*,#3166,.F.);
#5533=ORIENTED_EDGE('',*,*,#3156,.F.);
#5534=ORIENTED_EDGE('',*,*,#4052,.F.);
#5535=ORIENTED_EDGE('',*,*,#3162,.T.);
#5536=ORIENTED_EDGE('',*,*,#3575,.F.);
#5537=ORIENTED_EDGE('',*,*,#3638,.F.);
#5538=ORIENTED_EDGE('',*,*,#4053,.F.);
#5539=ORIENTED_EDGE('',*,*,#4054,.F.);
#5540=ORIENTED_EDGE('',*,*,#4053,.T.);
#5541=ORIENTED_EDGE('',*,*,#3637,.F.);
#5542=ORIENTED_EDGE('',*,*,#3968,.F.);
#5543=ORIENTED_EDGE('',*,*,#3159,.T.);
#5544=ORIENTED_EDGE('',*,*,#4052,.T.);
#5545=ORIENTED_EDGE('',*,*,#3155,.T.);
#5546=ORIENTED_EDGE('',*,*,#3165,.F.);
#5547=ORIENTED_EDGE('',*,*,#3277,.T.);
#5548=ORIENTED_EDGE('',*,*,#4051,.T.);
#5549=ORIENTED_EDGE('',*,*,#3273,.T.);
#5550=ORIENTED_EDGE('',*,*,#3281,.F.);
#5551=ORIENTED_EDGE('',*,*,#3359,.T.);
#5552=ORIENTED_EDGE('',*,*,#4050,.T.);
#5553=ORIENTED_EDGE('',*,*,#3357,.T.);
#5554=ORIENTED_EDGE('',*,*,#3355,.F.);
#5555=ORIENTED_EDGE('',*,*,#3269,.T.);
#5556=ORIENTED_EDGE('',*,*,#4049,.T.);
#5557=ORIENTED_EDGE('',*,*,#3267,.T.);
#5558=ORIENTED_EDGE('',*,*,#3184,.F.);
#5559=ORIENTED_EDGE('',*,*,#3172,.T.);
#5560=ORIENTED_EDGE('',*,*,#4048,.T.);
#5561=ORIENTED_EDGE('',*,*,#3168,.T.);
#5562=ORIENTED_EDGE('',*,*,#3183,.F.);
#5563=ORIENTED_EDGE('',*,*,#3288,.T.);
#5564=ORIENTED_EDGE('',*,*,#4047,.T.);
#5565=ORIENTED_EDGE('',*,*,#3284,.T.);
#5566=ORIENTED_EDGE('',*,*,#3292,.F.);
#5567=ORIENTED_EDGE('',*,*,#3347,.T.);
#5568=ORIENTED_EDGE('',*,*,#4046,.T.);
#5569=ORIENTED_EDGE('',*,*,#3343,.T.);
#5570=ORIENTED_EDGE('',*,*,#3354,.F.);
#5571=ORIENTED_EDGE('',*,*,#3263,.T.);
#5572=ORIENTED_EDGE('',*,*,#4045,.T.);
#5573=ORIENTED_EDGE('',*,*,#3261,.T.);
#5574=ORIENTED_EDGE('',*,*,#3202,.F.);
#5575=ORIENTED_EDGE('',*,*,#3190,.T.);
#5576=ORIENTED_EDGE('',*,*,#4044,.T.);
#5577=ORIENTED_EDGE('',*,*,#3186,.T.);
#5578=ORIENTED_EDGE('',*,*,#3201,.F.);
#5579=ORIENTED_EDGE('',*,*,#3295,.T.);
#5580=ORIENTED_EDGE('',*,*,#4043,.T.);
#5581=ORIENTED_EDGE('',*,*,#4002,.F.);
#5582=ORIENTED_EDGE('',*,*,#3966,.F.);
#5583=ORIENTED_EDGE('',*,*,#3631,.F.);
#5584=ORIENTED_EDGE('',*,*,#4018,.F.);
#5585=ORIENTED_EDGE('',*,*,#4000,.F.);
#5586=ORIENTED_EDGE('',*,*,#4017,.F.);
#5587=ORIENTED_EDGE('',*,*,#3628,.F.);
#5588=ORIENTED_EDGE('',*,*,#4030,.F.);
#5589=ORIENTED_EDGE('',*,*,#3997,.F.);
#5590=ORIENTED_EDGE('',*,*,#4029,.F.);
#5591=ORIENTED_EDGE('',*,*,#3634,.F.);
#5592=ORIENTED_EDGE('',*,*,#4020,.F.);
#5593=ORIENTED_EDGE('',*,*,#3994,.F.);
#5594=ORIENTED_EDGE('',*,*,#4019,.F.);
#5595=ORIENTED_EDGE('',*,*,#3640,.F.);
#5596=ORIENTED_EDGE('',*,*,#3971,.F.);
#5597=ORIENTED_EDGE('',*,*,#3992,.F.);
#5598=ORIENTED_EDGE('',*,*,#3969,.F.);
#5599=ORIENTED_EDGE('',*,*,#3646,.F.);
#5600=ORIENTED_EDGE('',*,*,#4016,.F.);
#5601=ORIENTED_EDGE('',*,*,#3990,.F.);
#5602=ORIENTED_EDGE('',*,*,#4015,.F.);
#5603=ORIENTED_EDGE('',*,*,#3652,.F.);
#5604=ORIENTED_EDGE('',*,*,#4028,.F.);
#5605=ORIENTED_EDGE('',*,*,#3987,.F.);
#5606=ORIENTED_EDGE('',*,*,#4027,.F.);
#5607=ORIENTED_EDGE('',*,*,#3658,.F.);
#5608=ORIENTED_EDGE('',*,*,#4022,.F.);
#5609=ORIENTED_EDGE('',*,*,#3984,.F.);
#5610=ORIENTED_EDGE('',*,*,#4021,.F.);
#5611=ORIENTED_EDGE('',*,*,#3664,.F.);
#5612=ORIENTED_EDGE('',*,*,#3975,.F.);
#5613=ORIENTED_EDGE('',*,*,#3982,.F.);
#5614=ORIENTED_EDGE('',*,*,#3973,.F.);
#5615=ORIENTED_EDGE('',*,*,#3670,.F.);
#5616=ORIENTED_EDGE('',*,*,#4014,.F.);
#5617=ORIENTED_EDGE('',*,*,#3980,.F.);
#5618=ORIENTED_EDGE('',*,*,#4013,.F.);
#5619=ORIENTED_EDGE('',*,*,#3667,.F.);
#5620=ORIENTED_EDGE('',*,*,#4026,.F.);
#5621=ORIENTED_EDGE('',*,*,#4010,.F.);
#5622=ORIENTED_EDGE('',*,*,#4025,.F.);
#5623=ORIENTED_EDGE('',*,*,#3661,.F.);
#5624=ORIENTED_EDGE('',*,*,#4024,.F.);
#5625=ORIENTED_EDGE('',*,*,#4007,.F.);
#5626=ORIENTED_EDGE('',*,*,#4023,.F.);
#5627=ORIENTED_EDGE('',*,*,#3655,.F.);
#5628=ORIENTED_EDGE('',*,*,#3978,.F.);
#5629=ORIENTED_EDGE('',*,*,#4005,.F.);
#5630=ORIENTED_EDGE('',*,*,#4055,.F.);
#5631=ORIENTED_EDGE('',*,*,#3230,.F.);
#5632=ORIENTED_EDGE('',*,*,#3236,.F.);
#5633=ORIENTED_EDGE('',*,*,#3319,.F.);
#5634=ORIENTED_EDGE('',*,*,#4056,.F.);
#5635=ORIENTED_EDGE('',*,*,#3321,.F.);
#5636=ORIENTED_EDGE('',*,*,#3317,.F.);
#5637=ORIENTED_EDGE('',*,*,#3308,.F.);
#5638=ORIENTED_EDGE('',*,*,#4057,.F.);
#5639=ORIENTED_EDGE('',*,*,#3312,.F.);
#5640=ORIENTED_EDGE('',*,*,#3228,.F.);
#5641=ORIENTED_EDGE('',*,*,#3217,.F.);
#5642=ORIENTED_EDGE('',*,*,#4058,.F.);
#5643=ORIENTED_EDGE('',*,*,#3221,.F.);
#5644=ORIENTED_EDGE('',*,*,#3249,.F.);
#5645=ORIENTED_EDGE('',*,*,#3239,.F.);
#5646=ORIENTED_EDGE('',*,*,#4059,.F.);
#5647=ORIENTED_EDGE('',*,*,#3243,.F.);
#5648=ORIENTED_EDGE('',*,*,#3331,.F.);
#5649=ORIENTED_EDGE('',*,*,#3323,.F.);
#5650=ORIENTED_EDGE('',*,*,#4060,.F.);
#5651=ORIENTED_EDGE('',*,*,#3327,.F.);
#5652=ORIENTED_EDGE('',*,*,#3306,.F.);
#5653=ORIENTED_EDGE('',*,*,#3297,.F.);
#5654=ORIENTED_EDGE('',*,*,#4061,.F.);
#5655=ORIENTED_EDGE('',*,*,#3301,.F.);
#5656=ORIENTED_EDGE('',*,*,#3215,.F.);
#5657=ORIENTED_EDGE('',*,*,#3204,.F.);
#5658=ORIENTED_EDGE('',*,*,#4062,.F.);
#5659=ORIENTED_EDGE('',*,*,#3208,.F.);
#5660=ORIENTED_EDGE('',*,*,#3260,.F.);
#5661=ORIENTED_EDGE('',*,*,#3250,.F.);
#5662=ORIENTED_EDGE('',*,*,#4063,.F.);
#5663=ORIENTED_EDGE('',*,*,#3254,.F.);
#5664=ORIENTED_EDGE('',*,*,#3342,.F.);
#5665=ORIENTED_EDGE('',*,*,#3332,.F.);
#5666=ORIENTED_EDGE('',*,*,#4064,.F.);
#5667=ORIENTED_EDGE('',*,*,#3336,.F.);
#5668=ORIENTED_EDGE('',*,*,#3977,.F.);
#5669=ORIENTED_EDGE('',*,*,#3649,.F.);
#5670=ORIENTED_EDGE('',*,*,#4065,.F.);
#5671=ORIENTED_EDGE('',*,*,#4066,.F.);
#5672=ORIENTED_EDGE('',*,*,#4065,.T.);
#5673=ORIENTED_EDGE('',*,*,#3648,.F.);
#5674=ORIENTED_EDGE('',*,*,#3600,.T.);
#5675=ORIENTED_EDGE('',*,*,#3337,.F.);
#5676=ORIENTED_EDGE('',*,*,#4064,.T.);
#5677=ORIENTED_EDGE('',*,*,#3335,.T.);
#5678=ORIENTED_EDGE('',*,*,#3340,.T.);
#5679=ORIENTED_EDGE('',*,*,#3255,.F.);
#5680=ORIENTED_EDGE('',*,*,#4063,.T.);
#5681=ORIENTED_EDGE('',*,*,#3253,.T.);
#5682=ORIENTED_EDGE('',*,*,#3258,.T.);
#5683=ORIENTED_EDGE('',*,*,#3209,.F.);
#5684=ORIENTED_EDGE('',*,*,#4062,.T.);
#5685=ORIENTED_EDGE('',*,*,#3207,.T.);
#5686=ORIENTED_EDGE('',*,*,#3214,.T.);
#5687=ORIENTED_EDGE('',*,*,#3302,.F.);
#5688=ORIENTED_EDGE('',*,*,#4061,.T.);
#5689=ORIENTED_EDGE('',*,*,#3300,.T.);
#5690=ORIENTED_EDGE('',*,*,#3305,.T.);
#5691=ORIENTED_EDGE('',*,*,#3328,.F.);
#5692=ORIENTED_EDGE('',*,*,#4060,.T.);
#5693=ORIENTED_EDGE('',*,*,#3326,.T.);
#5694=ORIENTED_EDGE('',*,*,#3329,.T.);
#5695=ORIENTED_EDGE('',*,*,#3244,.F.);
#5696=ORIENTED_EDGE('',*,*,#4059,.T.);
#5697=ORIENTED_EDGE('',*,*,#3242,.T.);
#5698=ORIENTED_EDGE('',*,*,#3247,.T.);
#5699=ORIENTED_EDGE('',*,*,#3222,.F.);
#5700=ORIENTED_EDGE('',*,*,#4058,.T.);
#5701=ORIENTED_EDGE('',*,*,#3220,.T.);
#5702=ORIENTED_EDGE('',*,*,#3227,.T.);
#5703=ORIENTED_EDGE('',*,*,#3313,.F.);
#5704=ORIENTED_EDGE('',*,*,#4057,.T.);
#5705=ORIENTED_EDGE('',*,*,#3311,.T.);
#5706=ORIENTED_EDGE('',*,*,#3316,.T.);
#5707=ORIENTED_EDGE('',*,*,#3322,.F.);
#5708=ORIENTED_EDGE('',*,*,#4056,.T.);
#5709=ORIENTED_EDGE('',*,*,#3320,.T.);
#5710=ORIENTED_EDGE('',*,*,#3237,.T.);
#5711=ORIENTED_EDGE('',*,*,#3231,.F.);
#5712=ORIENTED_EDGE('',*,*,#4055,.T.);
#5713=ORIENTED_EDGE('',*,*,#4004,.F.);
#5714=ORIENTED_EDGE('',*,*,#3620,.F.);
#5715=ORIENTED_EDGE('',*,*,#3644,.F.);
#5716=ORIENTED_EDGE('',*,*,#3829,.T.);
#5717=ORIENTED_EDGE('',*,*,#3831,.F.);
#5718=ORIENTED_EDGE('',*,*,#3824,.F.);
#5719=ORIENTED_EDGE('',*,*,#3900,.F.);
#5720=ORIENTED_EDGE('',*,*,#3896,.T.);
#5721=ORIENTED_EDGE('',*,*,#3898,.F.);
#5722=ORIENTED_EDGE('',*,*,#3890,.F.);
#5723=ORIENTED_EDGE('',*,*,#3841,.F.);
#5724=ORIENTED_EDGE('',*,*,#3838,.T.);
#5725=ORIENTED_EDGE('',*,*,#3840,.F.);
#5726=ORIENTED_EDGE('',*,*,#3832,.F.);
#5727=ORIENTED_EDGE('',*,*,#3682,.F.);
#5728=ORIENTED_EDGE('',*,*,#3679,.T.);
#5729=ORIENTED_EDGE('',*,*,#3681,.F.);
#5730=ORIENTED_EDGE('',*,*,#3673,.F.);
#5731=ORIENTED_EDGE('',*,*,#3822,.F.);
#5732=ORIENTED_EDGE('',*,*,#3818,.T.);
#5733=ORIENTED_EDGE('',*,*,#3820,.F.);
#5734=ORIENTED_EDGE('',*,*,#3812,.F.);
#5735=ORIENTED_EDGE('',*,*,#3889,.F.);
#5736=ORIENTED_EDGE('',*,*,#3885,.T.);
#5737=ORIENTED_EDGE('',*,*,#3887,.F.);
#5738=ORIENTED_EDGE('',*,*,#3879,.F.);
#5739=ORIENTED_EDGE('',*,*,#3853,.F.);
#5740=ORIENTED_EDGE('',*,*,#3850,.T.);
#5741=ORIENTED_EDGE('',*,*,#3852,.F.);
#5742=ORIENTED_EDGE('',*,*,#3844,.F.);
#5743=ORIENTED_EDGE('',*,*,#3695,.F.);
#5744=ORIENTED_EDGE('',*,*,#3692,.T.);
#5745=ORIENTED_EDGE('',*,*,#3694,.F.);
#5746=ORIENTED_EDGE('',*,*,#3686,.F.);
#5747=ORIENTED_EDGE('',*,*,#3810,.F.);
#5748=ORIENTED_EDGE('',*,*,#3806,.T.);
#5749=ORIENTED_EDGE('',*,*,#3808,.F.);
#5750=ORIENTED_EDGE('',*,*,#3800,.F.);
#5751=ORIENTED_EDGE('',*,*,#3878,.F.);
#5752=ORIENTED_EDGE('',*,*,#3874,.T.);
#5753=ORIENTED_EDGE('',*,*,#3876,.F.);
#5754=ORIENTED_EDGE('',*,*,#3868,.F.);
#5755=ORIENTED_EDGE('',*,*,#3865,.F.);
#5756=ORIENTED_EDGE('',*,*,#3862,.T.);
#5757=ORIENTED_EDGE('',*,*,#3864,.F.);
#5758=ORIENTED_EDGE('',*,*,#3856,.F.);
#5759=ORIENTED_EDGE('',*,*,#3770,.F.);
#5760=ORIENTED_EDGE('',*,*,#3750,.T.);
#5761=ORIENTED_EDGE('',*,*,#3938,.F.);
#5762=ORIENTED_EDGE('',*,*,#4067,.F.);
#5763=ORIENTED_EDGE('',*,*,#3438,.T.);
#5764=ORIENTED_EDGE('',*,*,#3441,.F.);
#5765=ORIENTED_EDGE('',*,*,#3535,.F.);
#5766=ORIENTED_EDGE('',*,*,#4068,.F.);
#5767=ORIENTED_EDGE('',*,*,#3538,.T.);
#5768=ORIENTED_EDGE('',*,*,#3532,.F.);
#5769=ORIENTED_EDGE('',*,*,#3524,.F.);
#5770=ORIENTED_EDGE('',*,*,#4069,.F.);
#5771=ORIENTED_EDGE('',*,*,#3528,.T.);
#5772=ORIENTED_EDGE('',*,*,#3425,.F.);
#5773=ORIENTED_EDGE('',*,*,#3418,.F.);
#5774=ORIENTED_EDGE('',*,*,#4070,.F.);
#5775=ORIENTED_EDGE('',*,*,#3424,.T.);
#5776=ORIENTED_EDGE('',*,*,#3430,.F.);
#5777=ORIENTED_EDGE('',*,*,#3443,.F.);
#5778=ORIENTED_EDGE('',*,*,#4071,.F.);
#5779=ORIENTED_EDGE('',*,*,#3447,.T.);
#5780=ORIENTED_EDGE('',*,*,#3547,.F.);
#5781=ORIENTED_EDGE('',*,*,#3541,.F.);
#5782=ORIENTED_EDGE('',*,*,#4072,.F.);
#5783=ORIENTED_EDGE('',*,*,#3545,.T.);
#5784=ORIENTED_EDGE('',*,*,#3521,.F.);
#5785=ORIENTED_EDGE('',*,*,#3513,.F.);
#5786=ORIENTED_EDGE('',*,*,#4073,.F.);
#5787=ORIENTED_EDGE('',*,*,#3517,.T.);
#5788=ORIENTED_EDGE('',*,*,#3407,.F.);
#5789=ORIENTED_EDGE('',*,*,#3400,.F.);
#5790=ORIENTED_EDGE('',*,*,#4074,.F.);
#5791=ORIENTED_EDGE('',*,*,#3406,.T.);
#5792=ORIENTED_EDGE('',*,*,#3412,.F.);
#5793=ORIENTED_EDGE('',*,*,#3449,.F.);
#5794=ORIENTED_EDGE('',*,*,#4075,.F.);
#5795=ORIENTED_EDGE('',*,*,#3453,.T.);
#5796=ORIENTED_EDGE('',*,*,#3550,.F.);
#5797=ORIENTED_EDGE('',*,*,#3555,.F.);
#5798=ORIENTED_EDGE('',*,*,#4076,.F.);
#5799=ORIENTED_EDGE('',*,*,#3559,.T.);
#5800=ORIENTED_EDGE('',*,*,#3704,.F.);
#5801=ORIENTED_EDGE('',*,*,#3766,.F.);
#5802=ORIENTED_EDGE('',*,*,#4077,.F.);
#5803=ORIENTED_EDGE('',*,*,#4078,.F.);
#5804=ORIENTED_EDGE('',*,*,#4077,.T.);
#5805=ORIENTED_EDGE('',*,*,#3765,.F.);
#5806=ORIENTED_EDGE('',*,*,#3903,.F.);
#5807=ORIENTED_EDGE('',*,*,#3556,.T.);
#5808=ORIENTED_EDGE('',*,*,#4076,.T.);
#5809=ORIENTED_EDGE('',*,*,#3554,.T.);
#5810=ORIENTED_EDGE('',*,*,#3552,.F.);
#5811=ORIENTED_EDGE('',*,*,#3450,.T.);
#5812=ORIENTED_EDGE('',*,*,#4075,.T.);
#5813=ORIENTED_EDGE('',*,*,#3448,.T.);
#5814=ORIENTED_EDGE('',*,*,#3415,.F.);
#5815=ORIENTED_EDGE('',*,*,#3403,.T.);
#5816=ORIENTED_EDGE('',*,*,#4074,.T.);
#5817=ORIENTED_EDGE('',*,*,#3399,.T.);
#5818=ORIENTED_EDGE('',*,*,#3414,.F.);
#5819=ORIENTED_EDGE('',*,*,#3516,.T.);
#5820=ORIENTED_EDGE('',*,*,#4073,.T.);
#5821=ORIENTED_EDGE('',*,*,#3512,.T.);
#5822=ORIENTED_EDGE('',*,*,#3520,.F.);
#5823=ORIENTED_EDGE('',*,*,#3544,.T.);
#5824=ORIENTED_EDGE('',*,*,#4072,.T.);
#5825=ORIENTED_EDGE('',*,*,#3540,.T.);
#5826=ORIENTED_EDGE('',*,*,#3551,.F.);
#5827=ORIENTED_EDGE('',*,*,#3444,.T.);
#5828=ORIENTED_EDGE('',*,*,#4071,.T.);
#5829=ORIENTED_EDGE('',*,*,#3442,.T.);
#5830=ORIENTED_EDGE('',*,*,#3433,.F.);
#5831=ORIENTED_EDGE('',*,*,#3421,.T.);
#5832=ORIENTED_EDGE('',*,*,#4070,.T.);
#5833=ORIENTED_EDGE('',*,*,#3417,.T.);
#5834=ORIENTED_EDGE('',*,*,#3432,.F.);
#5835=ORIENTED_EDGE('',*,*,#3527,.T.);
#5836=ORIENTED_EDGE('',*,*,#4069,.T.);
#5837=ORIENTED_EDGE('',*,*,#3523,.T.);
#5838=ORIENTED_EDGE('',*,*,#3531,.F.);
#5839=ORIENTED_EDGE('',*,*,#3537,.T.);
#5840=ORIENTED_EDGE('',*,*,#4068,.T.);
#5841=ORIENTED_EDGE('',*,*,#3534,.T.);
#5842=ORIENTED_EDGE('',*,*,#3539,.F.);
#5843=ORIENTED_EDGE('',*,*,#3435,.T.);
#5844=ORIENTED_EDGE('',*,*,#4067,.T.);
#5845=ORIENTED_EDGE('',*,*,#3937,.F.);
#5846=ORIENTED_EDGE('',*,*,#3901,.F.);
#5847=ORIENTED_EDGE('',*,*,#3759,.F.);
#5848=ORIENTED_EDGE('',*,*,#3953,.F.);
#5849=ORIENTED_EDGE('',*,*,#3935,.F.);
#5850=ORIENTED_EDGE('',*,*,#3952,.F.);
#5851=ORIENTED_EDGE('',*,*,#3756,.F.);
#5852=ORIENTED_EDGE('',*,*,#3965,.F.);
#5853=ORIENTED_EDGE('',*,*,#3932,.F.);
#5854=ORIENTED_EDGE('',*,*,#3964,.F.);
#5855=ORIENTED_EDGE('',*,*,#3762,.F.);
#5856=ORIENTED_EDGE('',*,*,#3955,.F.);
#5857=ORIENTED_EDGE('',*,*,#3929,.F.);
#5858=ORIENTED_EDGE('',*,*,#3954,.F.);
#5859=ORIENTED_EDGE('',*,*,#3768,.F.);
#5860=ORIENTED_EDGE('',*,*,#3906,.F.);
#5861=ORIENTED_EDGE('',*,*,#3927,.F.);
#5862=ORIENTED_EDGE('',*,*,#3904,.F.);
#5863=ORIENTED_EDGE('',*,*,#3774,.F.);
#5864=ORIENTED_EDGE('',*,*,#3951,.F.);
#5865=ORIENTED_EDGE('',*,*,#3925,.F.);
#5866=ORIENTED_EDGE('',*,*,#3950,.F.);
#5867=ORIENTED_EDGE('',*,*,#3779,.F.);
#5868=ORIENTED_EDGE('',*,*,#3963,.F.);
#5869=ORIENTED_EDGE('',*,*,#3922,.F.);
#5870=ORIENTED_EDGE('',*,*,#3962,.F.);
#5871=ORIENTED_EDGE('',*,*,#3785,.F.);
#5872=ORIENTED_EDGE('',*,*,#3957,.F.);
#5873=ORIENTED_EDGE('',*,*,#3919,.F.);
#5874=ORIENTED_EDGE('',*,*,#3956,.F.);
#5875=ORIENTED_EDGE('',*,*,#3791,.F.);
#5876=ORIENTED_EDGE('',*,*,#3910,.F.);
#5877=ORIENTED_EDGE('',*,*,#3917,.F.);
#5878=ORIENTED_EDGE('',*,*,#3908,.F.);
#5879=ORIENTED_EDGE('',*,*,#3797,.F.);
#5880=ORIENTED_EDGE('',*,*,#3949,.F.);
#5881=ORIENTED_EDGE('',*,*,#3915,.F.);
#5882=ORIENTED_EDGE('',*,*,#3948,.F.);
#5883=ORIENTED_EDGE('',*,*,#3794,.F.);
#5884=ORIENTED_EDGE('',*,*,#3961,.F.);
#5885=ORIENTED_EDGE('',*,*,#3945,.F.);
#5886=ORIENTED_EDGE('',*,*,#3960,.F.);
#5887=ORIENTED_EDGE('',*,*,#3788,.F.);
#5888=ORIENTED_EDGE('',*,*,#3959,.F.);
#5889=ORIENTED_EDGE('',*,*,#3942,.F.);
#5890=ORIENTED_EDGE('',*,*,#3958,.F.);
#5891=ORIENTED_EDGE('',*,*,#3782,.F.);
#5892=ORIENTED_EDGE('',*,*,#3913,.F.);
#5893=ORIENTED_EDGE('',*,*,#3940,.F.);
#5894=ORIENTED_EDGE('',*,*,#4042,.F.);
#5895=ORIENTED_EDGE('',*,*,#3361,.F.);
#5896=ORIENTED_EDGE('',*,*,#3367,.F.);
#5897=ORIENTED_EDGE('',*,*,#3477,.F.);
#5898=ORIENTED_EDGE('',*,*,#4041,.F.);
#5899=ORIENTED_EDGE('',*,*,#3473,.F.);
#5900=ORIENTED_EDGE('',*,*,#3482,.F.);
#5901=ORIENTED_EDGE('',*,*,#3564,.F.);
#5902=ORIENTED_EDGE('',*,*,#4040,.F.);
#5903=ORIENTED_EDGE('',*,*,#3566,.F.);
#5904=ORIENTED_EDGE('',*,*,#3471,.F.);
#5905=ORIENTED_EDGE('',*,*,#3460,.F.);
#5906=ORIENTED_EDGE('',*,*,#4039,.F.);
#5907=ORIENTED_EDGE('',*,*,#3464,.F.);
#5908=ORIENTED_EDGE('',*,*,#3912,.F.);
#5909=ORIENTED_EDGE('',*,*,#3372,.F.);
#5910=ORIENTED_EDGE('',*,*,#4038,.F.);
#5911=ORIENTED_EDGE('',*,*,#3368,.F.);
#5912=ORIENTED_EDGE('',*,*,#3378,.F.);
#5913=ORIENTED_EDGE('',*,*,#3489,.F.);
#5914=ORIENTED_EDGE('',*,*,#4037,.F.);
#5915=ORIENTED_EDGE('',*,*,#3485,.F.);
#5916=ORIENTED_EDGE('',*,*,#3493,.F.);
#5917=ORIENTED_EDGE('',*,*,#3562,.F.);
#5918=ORIENTED_EDGE('',*,*,#4036,.F.);
#5919=ORIENTED_EDGE('',*,*,#3560,.F.);
#5920=ORIENTED_EDGE('',*,*,#3510,.F.);
#5921=ORIENTED_EDGE('',*,*,#3456,.F.);
#5922=ORIENTED_EDGE('',*,*,#4035,.F.);
#5923=ORIENTED_EDGE('',*,*,#3454,.F.);
#5924=ORIENTED_EDGE('',*,*,#3397,.F.);
#5925=ORIENTED_EDGE('',*,*,#3385,.F.);
#5926=ORIENTED_EDGE('',*,*,#4034,.F.);
#5927=ORIENTED_EDGE('',*,*,#3381,.F.);
#5928=ORIENTED_EDGE('',*,*,#3396,.F.);
#5929=ORIENTED_EDGE('',*,*,#3500,.F.);
#5930=ORIENTED_EDGE('',*,*,#4033,.F.);
#5931=ORIENTED_EDGE('',*,*,#3496,.F.);
#5932=ORIENTED_EDGE('',*,*,#3509,.F.);
#5933=ORIENTED_EDGE('',*,*,#3777,.F.);
#5934=ORIENTED_EDGE('',*,*,#4032,.F.);
#5935=ORIENTED_EDGE('',*,*,#4078,.T.);
#5936=ORIENTED_EDGE('',*,*,#4031,.T.);
#5937=ORIENTED_EDGE('',*,*,#4054,.T.);
#5938=ORIENTED_EDGE('',*,*,#4066,.T.);
#5939=ORIENTED_EDGE('',*,*,#4079,.T.);
#5940=ORIENTED_EDGE('',*,*,#4080,.T.);
#5941=ORIENTED_EDGE('',*,*,#4081,.F.);
#5942=ORIENTED_EDGE('',*,*,#4082,.F.);
#5943=ORIENTED_EDGE('',*,*,#4083,.T.);
#5944=ORIENTED_EDGE('',*,*,#4082,.T.);
#5945=ORIENTED_EDGE('',*,*,#4084,.F.);
#5946=ORIENTED_EDGE('',*,*,#4085,.F.);
#5947=ORIENTED_EDGE('',*,*,#4086,.T.);
#5948=ORIENTED_EDGE('',*,*,#4085,.T.);
#5949=ORIENTED_EDGE('',*,*,#4087,.F.);
#5950=ORIENTED_EDGE('',*,*,#4088,.F.);
#5951=ORIENTED_EDGE('',*,*,#4089,.T.);
#5952=ORIENTED_EDGE('',*,*,#4088,.T.);
#5953=ORIENTED_EDGE('',*,*,#4090,.F.);
#5954=ORIENTED_EDGE('',*,*,#4080,.F.);
#5955=ORIENTED_EDGE('',*,*,#4090,.T.);
#5956=ORIENTED_EDGE('',*,*,#4087,.T.);
#5957=ORIENTED_EDGE('',*,*,#4084,.T.);
#5958=ORIENTED_EDGE('',*,*,#4081,.T.);
#5959=ORIENTED_EDGE('',*,*,#4089,.F.);
#5960=ORIENTED_EDGE('',*,*,#4079,.F.);
#5961=ORIENTED_EDGE('',*,*,#4083,.F.);
#5962=ORIENTED_EDGE('',*,*,#4086,.F.);
#5963=PLANE('',#6622);
#5964=PLANE('',#6623);
#5965=PLANE('',#6624);
#5966=PLANE('',#6625);
#5967=PLANE('',#6626);
#5968=PLANE('',#6627);
#5969=PLANE('',#6628);
#5970=PLANE('',#6629);
#5971=PLANE('',#6630);
#5972=PLANE('',#6631);
#5973=PLANE('',#6632);
#5974=PLANE('',#6633);
#5975=PLANE('',#6634);
#5976=PLANE('',#6635);
#5977=PLANE('',#6636);
#5978=PLANE('',#6637);
#5979=PLANE('',#6638);
#5980=PLANE('',#6639);
#5981=PLANE('',#6640);
#5982=PLANE('',#6641);
#5983=PLANE('',#6642);
#5984=PLANE('',#6643);
#5985=PLANE('',#6644);
#5986=PLANE('',#6645);
#5987=PLANE('',#6646);
#5988=PLANE('',#6647);
#5989=PLANE('',#6648);
#5990=PLANE('',#6649);
#5991=PLANE('',#6650);
#5992=PLANE('',#6651);
#5993=PLANE('',#6652);
#5994=PLANE('',#6653);
#5995=PLANE('',#6654);
#5996=PLANE('',#6655);
#5997=PLANE('',#6656);
#5998=PLANE('',#6657);
#5999=PLANE('',#6658);
#6000=PLANE('',#6659);
#6001=PLANE('',#6660);
#6002=PLANE('',#6661);
#6003=PLANE('',#6662);
#6004=PLANE('',#6663);
#6005=PLANE('',#6664);
#6006=PLANE('',#6665);
#6007=PLANE('',#6666);
#6008=PLANE('',#6667);
#6009=PLANE('',#6668);
#6010=PLANE('',#6669);
#6011=PLANE('',#6670);
#6012=PLANE('',#6671);
#6013=PLANE('',#6672);
#6014=PLANE('',#6673);
#6015=PLANE('',#6674);
#6016=PLANE('',#6675);
#6017=PLANE('',#6676);
#6018=PLANE('',#6677);
#6019=PLANE('',#6678);
#6020=PLANE('',#6679);
#6021=PLANE('',#6680);
#6022=PLANE('',#6681);
#6023=PLANE('',#6682);
#6024=PLANE('',#6683);
#6025=PLANE('',#6684);
#6026=PLANE('',#6685);
#6027=PLANE('',#6686);
#6028=PLANE('',#6687);
#6029=PLANE('',#6688);
#6030=PLANE('',#6689);
#6031=PLANE('',#6690);
#6032=PLANE('',#6691);
#6033=PLANE('',#6692);
#6034=PLANE('',#6693);
#6035=PLANE('',#6694);
#6036=PLANE('',#6695);
#6037=PLANE('',#6696);
#6038=PLANE('',#6697);
#6039=PLANE('',#6698);
#6040=PLANE('',#6699);
#6041=PLANE('',#6700);
#6042=PLANE('',#6701);
#6043=PLANE('',#6702);
#6044=PLANE('',#6703);
#6045=PLANE('',#6704);
#6046=PLANE('',#6705);
#6047=PLANE('',#6706);
#6048=PLANE('',#6707);
#6049=PLANE('',#6708);
#6050=PLANE('',#6709);
#6051=PLANE('',#6710);
#6052=PLANE('',#6711);
#6053=PLANE('',#6712);
#6054=PLANE('',#6713);
#6055=PLANE('',#6714);
#6056=PLANE('',#6715);
#6057=PLANE('',#6716);
#6058=PLANE('',#6717);
#6059=PLANE('',#6718);
#6060=PLANE('',#6719);
#6061=PLANE('',#6720);
#6062=PLANE('',#6721);
#6063=PLANE('',#6722);
#6064=PLANE('',#6723);
#6065=PLANE('',#6724);
#6066=PLANE('',#6725);
#6067=PLANE('',#6726);
#6068=PLANE('',#6727);
#6069=PLANE('',#6728);
#6070=PLANE('',#6729);
#6071=PLANE('',#6730);
#6072=PLANE('',#6731);
#6073=PLANE('',#6732);
#6074=PLANE('',#6733);
#6075=PLANE('',#6734);
#6076=PLANE('',#6735);
#6077=PLANE('',#6736);
#6078=PLANE('',#6737);
#6079=PLANE('',#6738);
#6080=PLANE('',#6739);
#6081=PLANE('',#6740);
#6082=PLANE('',#6741);
#6083=PLANE('',#6742);
#6084=PLANE('',#6743);
#6085=PLANE('',#6744);
#6086=PLANE('',#6745);
#6087=PLANE('',#6746);
#6088=PLANE('',#6747);
#6089=PLANE('',#6748);
#6090=PLANE('',#6749);
#6091=PLANE('',#6750);
#6092=PLANE('',#6751);
#6093=PLANE('',#6752);
#6094=PLANE('',#6753);
#6095=PLANE('',#6754);
#6096=PLANE('',#6755);
#6097=PLANE('',#6756);
#6098=PLANE('',#6757);
#6099=PLANE('',#6758);
#6100=PLANE('',#6759);
#6101=PLANE('',#6760);
#6102=PLANE('',#6761);
#6103=PLANE('',#6762);
#6104=PLANE('',#6763);
#6105=PLANE('',#6764);
#6106=PLANE('',#6765);
#6107=PLANE('',#6766);
#6108=PLANE('',#6767);
#6109=PLANE('',#6768);
#6110=PLANE('',#6769);
#6111=PLANE('',#6770);
#6112=PLANE('',#6771);
#6113=PLANE('',#6772);
#6114=PLANE('',#6773);
#6115=PLANE('',#6774);
#6116=PLANE('',#6775);
#6117=PLANE('',#6776);
#6118=PLANE('',#6777);
#6119=PLANE('',#6778);
#6120=PLANE('',#6779);
#6121=PLANE('',#6780);
#6122=PLANE('',#6781);
#6123=PLANE('',#6782);
#6124=PLANE('',#6783);
#6125=PLANE('',#6784);
#6126=PLANE('',#6785);
#6127=PLANE('',#6786);
#6128=PLANE('',#6787);
#6129=PLANE('',#6788);
#6130=PLANE('',#6789);
#6131=PLANE('',#6790);
#6132=PLANE('',#6791);
#6133=PLANE('',#6792);
#6134=PLANE('',#6793);
#6135=PLANE('',#6794);
#6136=PLANE('',#6795);
#6137=PLANE('',#6796);
#6138=PLANE('',#6797);
#6139=PLANE('',#6798);
#6140=PLANE('',#6799);
#6141=PLANE('',#6800);
#6142=PLANE('',#6801);
#6143=PLANE('',#6802);
#6144=PLANE('',#6803);
#6145=PLANE('',#6804);
#6146=PLANE('',#6805);
#6147=PLANE('',#6806);
#6148=PLANE('',#6807);
#6149=PLANE('',#6808);
#6150=PLANE('',#6809);
#6151=PLANE('',#6810);
#6152=PLANE('',#6811);
#6153=PLANE('',#6812);
#6154=PLANE('',#6813);
#6155=PLANE('',#6814);
#6156=PLANE('',#6815);
#6157=PLANE('',#6816);
#6158=PLANE('',#6817);
#6159=PLANE('',#6818);
#6160=PLANE('',#6819);
#6161=PLANE('',#6820);
#6162=PLANE('',#6821);
#6163=PLANE('',#6822);
#6164=PLANE('',#6823);
#6165=PLANE('',#6824);
#6166=PLANE('',#6825);
#6167=PLANE('',#6826);
#6168=PLANE('',#6827);
#6169=PLANE('',#6828);
#6170=PLANE('',#6829);
#6171=PLANE('',#6830);
#6172=PLANE('',#6831);
#6173=PLANE('',#6832);
#6174=PLANE('',#6833);
#6175=PLANE('',#6834);
#6176=PLANE('',#6835);
#6177=PLANE('',#6836);
#6178=PLANE('',#6837);
#6179=PLANE('',#6838);
#6180=PLANE('',#6839);
#6181=PLANE('',#6840);
#6182=PLANE('',#6841);
#6183=PLANE('',#6842);
#6184=PLANE('',#6843);
#6185=PLANE('',#6844);
#6186=PLANE('',#6845);
#6187=PLANE('',#6846);
#6188=PLANE('',#6847);
#6189=PLANE('',#6848);
#6190=PLANE('',#6849);
#6191=PLANE('',#6850);
#6192=PLANE('',#6851);
#6193=PLANE('',#6852);
#6194=PLANE('',#6853);
#6195=PLANE('',#6854);
#6196=PLANE('',#6855);
#6197=PLANE('',#6856);
#6198=PLANE('',#6857);
#6199=PLANE('',#6858);
#6200=PLANE('',#6859);
#6201=PLANE('',#6860);
#6202=PLANE('',#6861);
#6203=PLANE('',#6862);
#6204=PLANE('',#6863);
#6205=PLANE('',#6864);
#6206=PLANE('',#6865);
#6207=PLANE('',#6866);
#6208=PLANE('',#6867);
#6209=PLANE('',#6868);
#6210=PLANE('',#6869);
#6211=PLANE('',#6870);
#6212=PLANE('',#6871);
#6213=PLANE('',#6872);
#6214=PLANE('',#6873);
#6215=PLANE('',#6874);
#6216=PLANE('',#6875);
#6217=PLANE('',#6876);
#6218=PLANE('',#6877);
#6219=PLANE('',#6878);
#6220=PLANE('',#6879);
#6221=PLANE('',#6880);
#6222=PLANE('',#6881);
#6223=PLANE('',#6882);
#6224=PLANE('',#6883);
#6225=PLANE('',#6884);
#6226=PLANE('',#6885);
#6227=PLANE('',#6886);
#6228=PLANE('',#6887);
#6229=PLANE('',#6888);
#6230=PLANE('',#6889);
#6231=PLANE('',#6890);
#6232=PLANE('',#6891);
#6233=PLANE('',#6892);
#6234=PLANE('',#6893);
#6235=PLANE('',#6894);
#6236=PLANE('',#6895);
#6237=PLANE('',#6896);
#6238=PLANE('',#6897);
#6239=PLANE('',#6898);
#6240=PLANE('',#6899);
#6241=PLANE('',#6900);
#6242=PLANE('',#6901);
#6243=PLANE('',#6902);
#6244=PLANE('',#6903);
#6245=PLANE('',#6904);
#6246=PLANE('',#6905);
#6247=PLANE('',#6906);
#6248=PLANE('',#6907);
#6249=PLANE('',#6908);
#6250=PLANE('',#6909);
#6251=PLANE('',#6910);
#6252=PLANE('',#6911);
#6253=PLANE('',#6912);
#6254=PLANE('',#6913);
#6255=PLANE('',#6914);
#6256=PLANE('',#6915);
#6257=PLANE('',#6916);
#6258=PLANE('',#6917);
#6259=PLANE('',#6918);
#6260=PLANE('',#6919);
#6261=PLANE('',#6920);
#6262=PLANE('',#6921);
#6263=PLANE('',#6922);
#6264=PLANE('',#6923);
#6265=PLANE('',#6924);
#6266=PLANE('',#6925);
#6267=PLANE('',#6926);
#6268=PLANE('',#6927);
#6269=PLANE('',#6928);
#6270=PLANE('',#6929);
#6271=PLANE('',#6930);
#6272=PLANE('',#6931);
#6273=PLANE('',#6933);
#6274=PLANE('',#6934);
#6275=PLANE('',#6935);
#6276=PLANE('',#6936);
#6277=PLANE('',#6937);
#6278=PLANE('',#6938);
#6279=ADVANCED_FACE('',(#27),#5963,.T.);
#6280=ADVANCED_FACE('',(#28),#5964,.T.);
#6281=ADVANCED_FACE('',(#29),#5965,.T.);
#6282=ADVANCED_FACE('',(#30),#5966,.T.);
#6283=ADVANCED_FACE('',(#31),#5967,.T.);
#6284=ADVANCED_FACE('',(#32),#5968,.T.);
#6285=ADVANCED_FACE('',(#33),#5969,.T.);
#6286=ADVANCED_FACE('',(#34),#5970,.T.);
#6287=ADVANCED_FACE('',(#35),#5971,.T.);
#6288=ADVANCED_FACE('',(#36),#5972,.T.);
#6289=ADVANCED_FACE('',(#37),#5973,.T.);
#6290=ADVANCED_FACE('',(#38),#5974,.T.);
#6291=ADVANCED_FACE('',(#39),#5975,.T.);
#6292=ADVANCED_FACE('',(#40),#5976,.T.);
#6293=ADVANCED_FACE('',(#41),#5977,.T.);
#6294=ADVANCED_FACE('',(#42),#5978,.T.);
#6295=ADVANCED_FACE('',(#43),#5979,.T.);
#6296=ADVANCED_FACE('',(#44),#5980,.T.);
#6297=ADVANCED_FACE('',(#45),#5981,.T.);
#6298=ADVANCED_FACE('',(#46),#5982,.T.);
#6299=ADVANCED_FACE('',(#47),#5983,.T.);
#6300=ADVANCED_FACE('',(#48),#5984,.T.);
#6301=ADVANCED_FACE('',(#49),#5985,.T.);
#6302=ADVANCED_FACE('',(#50),#5986,.T.);
#6303=ADVANCED_FACE('',(#51),#5987,.T.);
#6304=ADVANCED_FACE('',(#52),#5988,.T.);
#6305=ADVANCED_FACE('',(#53),#5989,.T.);
#6306=ADVANCED_FACE('',(#54),#5990,.T.);
#6307=ADVANCED_FACE('',(#55),#5991,.T.);
#6308=ADVANCED_FACE('',(#56),#5992,.T.);
#6309=ADVANCED_FACE('',(#57),#5993,.T.);
#6310=ADVANCED_FACE('',(#58),#5994,.T.);
#6311=ADVANCED_FACE('',(#59),#5995,.T.);
#6312=ADVANCED_FACE('',(#60),#5996,.T.);
#6313=ADVANCED_FACE('',(#61),#5997,.T.);
#6314=ADVANCED_FACE('',(#62),#5998,.T.);
#6315=ADVANCED_FACE('',(#63),#5999,.T.);
#6316=ADVANCED_FACE('',(#64),#6000,.T.);
#6317=ADVANCED_FACE('',(#65),#6001,.T.);
#6318=ADVANCED_FACE('',(#66),#6002,.T.);
#6319=ADVANCED_FACE('',(#67),#6003,.T.);
#6320=ADVANCED_FACE('',(#68),#6004,.T.);
#6321=ADVANCED_FACE('',(#69),#6005,.T.);
#6322=ADVANCED_FACE('',(#70),#6006,.T.);
#6323=ADVANCED_FACE('',(#71),#6007,.T.);
#6324=ADVANCED_FACE('',(#72),#6008,.T.);
#6325=ADVANCED_FACE('',(#73),#6009,.T.);
#6326=ADVANCED_FACE('',(#74),#6010,.T.);
#6327=ADVANCED_FACE('',(#75),#6011,.T.);
#6328=ADVANCED_FACE('',(#76),#6012,.T.);
#6329=ADVANCED_FACE('',(#77),#6013,.T.);
#6330=ADVANCED_FACE('',(#78),#6014,.T.);
#6331=ADVANCED_FACE('',(#79),#6015,.T.);
#6332=ADVANCED_FACE('',(#80),#6016,.T.);
#6333=ADVANCED_FACE('',(#81),#6017,.T.);
#6334=ADVANCED_FACE('',(#82),#6018,.T.);
#6335=ADVANCED_FACE('',(#83),#6019,.T.);
#6336=ADVANCED_FACE('',(#84),#6020,.T.);
#6337=ADVANCED_FACE('',(#85),#6021,.T.);
#6338=ADVANCED_FACE('',(#86),#6022,.T.);
#6339=ADVANCED_FACE('',(#87),#6023,.T.);
#6340=ADVANCED_FACE('',(#88),#6024,.T.);
#6341=ADVANCED_FACE('',(#89),#6025,.T.);
#6342=ADVANCED_FACE('',(#90),#6026,.T.);
#6343=ADVANCED_FACE('',(#91),#6027,.T.);
#6344=ADVANCED_FACE('',(#92),#6028,.T.);
#6345=ADVANCED_FACE('',(#93),#6029,.T.);
#6346=ADVANCED_FACE('',(#94),#6030,.T.);
#6347=ADVANCED_FACE('',(#95),#6031,.T.);
#6348=ADVANCED_FACE('',(#96),#6032,.T.);
#6349=ADVANCED_FACE('',(#97),#6033,.T.);
#6350=ADVANCED_FACE('',(#98),#6034,.T.);
#6351=ADVANCED_FACE('',(#99),#6035,.T.);
#6352=ADVANCED_FACE('',(#100),#6036,.T.);
#6353=ADVANCED_FACE('',(#101),#6037,.T.);
#6354=ADVANCED_FACE('',(#102),#6038,.T.);
#6355=ADVANCED_FACE('',(#103),#6039,.T.);
#6356=ADVANCED_FACE('',(#104),#6040,.T.);
#6357=ADVANCED_FACE('',(#105),#6041,.T.);
#6358=ADVANCED_FACE('',(#106),#6042,.T.);
#6359=ADVANCED_FACE('',(#107),#6043,.T.);
#6360=ADVANCED_FACE('',(#108),#6044,.T.);
#6361=ADVANCED_FACE('',(#109),#6045,.T.);
#6362=ADVANCED_FACE('',(#110),#6046,.T.);
#6363=ADVANCED_FACE('',(#111),#6047,.T.);
#6364=ADVANCED_FACE('',(#112),#6048,.T.);
#6365=ADVANCED_FACE('',(#113),#6049,.T.);
#6366=ADVANCED_FACE('',(#114),#6050,.T.);
#6367=ADVANCED_FACE('',(#115),#6051,.T.);
#6368=ADVANCED_FACE('',(#116),#6052,.T.);
#6369=ADVANCED_FACE('',(#117),#6053,.T.);
#6370=ADVANCED_FACE('',(#118),#6054,.T.);
#6371=ADVANCED_FACE('',(#119),#6055,.T.);
#6372=ADVANCED_FACE('',(#120),#6056,.T.);
#6373=ADVANCED_FACE('',(#121),#6057,.T.);
#6374=ADVANCED_FACE('',(#122),#6058,.T.);
#6375=ADVANCED_FACE('',(#123),#6059,.T.);
#6376=ADVANCED_FACE('',(#124),#6060,.T.);
#6377=ADVANCED_FACE('',(#125),#6061,.T.);
#6378=ADVANCED_FACE('',(#126),#6062,.T.);
#6379=ADVANCED_FACE('',(#127),#6063,.T.);
#6380=ADVANCED_FACE('',(#128),#6064,.T.);
#6381=ADVANCED_FACE('',(#129),#6065,.T.);
#6382=ADVANCED_FACE('',(#130),#6066,.T.);
#6383=ADVANCED_FACE('',(#131),#6067,.T.);
#6384=ADVANCED_FACE('',(#132),#6068,.T.);
#6385=ADVANCED_FACE('',(#133),#6069,.T.);
#6386=ADVANCED_FACE('',(#134),#6070,.T.);
#6387=ADVANCED_FACE('',(#135),#6071,.T.);
#6388=ADVANCED_FACE('',(#136),#6072,.T.);
#6389=ADVANCED_FACE('',(#137),#6073,.T.);
#6390=ADVANCED_FACE('',(#138),#6074,.T.);
#6391=ADVANCED_FACE('',(#139),#6075,.T.);
#6392=ADVANCED_FACE('',(#140),#6076,.T.);
#6393=ADVANCED_FACE('',(#141),#6077,.T.);
#6394=ADVANCED_FACE('',(#142),#6078,.T.);
#6395=ADVANCED_FACE('',(#143),#6079,.T.);
#6396=ADVANCED_FACE('',(#144),#6080,.T.);
#6397=ADVANCED_FACE('',(#145),#6081,.T.);
#6398=ADVANCED_FACE('',(#146),#6082,.T.);
#6399=ADVANCED_FACE('',(#147),#6083,.T.);
#6400=ADVANCED_FACE('',(#148),#6084,.T.);
#6401=ADVANCED_FACE('',(#149),#6085,.T.);
#6402=ADVANCED_FACE('',(#150),#6086,.T.);
#6403=ADVANCED_FACE('',(#151),#6087,.T.);
#6404=ADVANCED_FACE('',(#152),#6088,.T.);
#6405=ADVANCED_FACE('',(#153),#6089,.T.);
#6406=ADVANCED_FACE('',(#154),#6090,.T.);
#6407=ADVANCED_FACE('',(#155),#6091,.T.);
#6408=ADVANCED_FACE('',(#156),#6092,.T.);
#6409=ADVANCED_FACE('',(#157),#6093,.T.);
#6410=ADVANCED_FACE('',(#158),#6094,.T.);
#6411=ADVANCED_FACE('',(#159),#6095,.T.);
#6412=ADVANCED_FACE('',(#160),#6096,.T.);
#6413=ADVANCED_FACE('',(#161),#6097,.T.);
#6414=ADVANCED_FACE('',(#162),#6098,.T.);
#6415=ADVANCED_FACE('',(#163),#6099,.T.);
#6416=ADVANCED_FACE('',(#164),#6100,.T.);
#6417=ADVANCED_FACE('',(#165),#6101,.T.);
#6418=ADVANCED_FACE('',(#166),#6102,.T.);
#6419=ADVANCED_FACE('',(#167),#6103,.T.);
#6420=ADVANCED_FACE('',(#168),#6104,.T.);
#6421=ADVANCED_FACE('',(#169),#6105,.T.);
#6422=ADVANCED_FACE('',(#170),#6106,.T.);
#6423=ADVANCED_FACE('',(#171),#6107,.T.);
#6424=ADVANCED_FACE('',(#172),#6108,.T.);
#6425=ADVANCED_FACE('',(#173),#6109,.T.);
#6426=ADVANCED_FACE('',(#174),#6110,.T.);
#6427=ADVANCED_FACE('',(#175),#6111,.T.);
#6428=ADVANCED_FACE('',(#176),#6112,.T.);
#6429=ADVANCED_FACE('',(#177),#6113,.T.);
#6430=ADVANCED_FACE('',(#178),#6114,.T.);
#6431=ADVANCED_FACE('',(#179),#6115,.T.);
#6432=ADVANCED_FACE('',(#180),#6116,.T.);
#6433=ADVANCED_FACE('',(#181),#6117,.T.);
#6434=ADVANCED_FACE('',(#182),#6118,.T.);
#6435=ADVANCED_FACE('',(#183),#6119,.T.);
#6436=ADVANCED_FACE('',(#184),#6120,.T.);
#6437=ADVANCED_FACE('',(#185),#6121,.T.);
#6438=ADVANCED_FACE('',(#186),#6122,.T.);
#6439=ADVANCED_FACE('',(#187),#6123,.T.);
#6440=ADVANCED_FACE('',(#188),#6124,.T.);
#6441=ADVANCED_FACE('',(#189),#6125,.T.);
#6442=ADVANCED_FACE('',(#190),#6126,.T.);
#6443=ADVANCED_FACE('',(#191),#6127,.T.);
#6444=ADVANCED_FACE('',(#192),#6128,.T.);
#6445=ADVANCED_FACE('',(#193),#6129,.T.);
#6446=ADVANCED_FACE('',(#194),#6130,.T.);
#6447=ADVANCED_FACE('',(#195),#6131,.T.);
#6448=ADVANCED_FACE('',(#196),#6132,.T.);
#6449=ADVANCED_FACE('',(#197),#6133,.T.);
#6450=ADVANCED_FACE('',(#198),#6134,.T.);
#6451=ADVANCED_FACE('',(#199),#6135,.T.);
#6452=ADVANCED_FACE('',(#200),#6136,.T.);
#6453=ADVANCED_FACE('',(#201),#6137,.T.);
#6454=ADVANCED_FACE('',(#202),#6138,.T.);
#6455=ADVANCED_FACE('',(#203),#6139,.T.);
#6456=ADVANCED_FACE('',(#204),#6140,.T.);
#6457=ADVANCED_FACE('',(#205),#6141,.T.);
#6458=ADVANCED_FACE('',(#206),#6142,.T.);
#6459=ADVANCED_FACE('',(#207),#6143,.T.);
#6460=ADVANCED_FACE('',(#208),#6144,.T.);
#6461=ADVANCED_FACE('',(#209),#6145,.T.);
#6462=ADVANCED_FACE('',(#210),#6146,.T.);
#6463=ADVANCED_FACE('',(#211),#6147,.T.);
#6464=ADVANCED_FACE('',(#212),#6148,.T.);
#6465=ADVANCED_FACE('',(#213),#6149,.T.);
#6466=ADVANCED_FACE('',(#214),#6150,.T.);
#6467=ADVANCED_FACE('',(#215),#6151,.T.);
#6468=ADVANCED_FACE('',(#216),#6152,.T.);
#6469=ADVANCED_FACE('',(#217),#6153,.T.);
#6470=ADVANCED_FACE('',(#218),#6154,.T.);
#6471=ADVANCED_FACE('',(#219),#6155,.T.);
#6472=ADVANCED_FACE('',(#220),#6156,.T.);
#6473=ADVANCED_FACE('',(#221),#6157,.T.);
#6474=ADVANCED_FACE('',(#222),#6158,.T.);
#6475=ADVANCED_FACE('',(#223),#6159,.T.);
#6476=ADVANCED_FACE('',(#224),#6160,.T.);
#6477=ADVANCED_FACE('',(#225),#6161,.T.);
#6478=ADVANCED_FACE('',(#226),#6162,.T.);
#6479=ADVANCED_FACE('',(#227),#6163,.T.);
#6480=ADVANCED_FACE('',(#228),#6164,.T.);
#6481=ADVANCED_FACE('',(#229),#6165,.T.);
#6482=ADVANCED_FACE('',(#230),#6166,.T.);
#6483=ADVANCED_FACE('',(#231),#6167,.T.);
#6484=ADVANCED_FACE('',(#232),#6168,.T.);
#6485=ADVANCED_FACE('',(#233),#6169,.T.);
#6486=ADVANCED_FACE('',(#234),#6170,.T.);
#6487=ADVANCED_FACE('',(#235),#6171,.T.);
#6488=ADVANCED_FACE('',(#236),#6172,.T.);
#6489=ADVANCED_FACE('',(#237),#6173,.T.);
#6490=ADVANCED_FACE('',(#238),#6174,.T.);
#6491=ADVANCED_FACE('',(#239),#6175,.T.);
#6492=ADVANCED_FACE('',(#240),#6176,.T.);
#6493=ADVANCED_FACE('',(#241),#6177,.T.);
#6494=ADVANCED_FACE('',(#242),#6178,.T.);
#6495=ADVANCED_FACE('',(#243),#6179,.T.);
#6496=ADVANCED_FACE('',(#244),#6180,.T.);
#6497=ADVANCED_FACE('',(#245),#6181,.T.);
#6498=ADVANCED_FACE('',(#246),#6182,.T.);
#6499=ADVANCED_FACE('',(#247),#6183,.T.);
#6500=ADVANCED_FACE('',(#248),#6184,.T.);
#6501=ADVANCED_FACE('',(#249),#6185,.T.);
#6502=ADVANCED_FACE('',(#250),#6186,.T.);
#6503=ADVANCED_FACE('',(#251),#6187,.T.);
#6504=ADVANCED_FACE('',(#252),#6188,.T.);
#6505=ADVANCED_FACE('',(#253),#6189,.T.);
#6506=ADVANCED_FACE('',(#254),#6190,.T.);
#6507=ADVANCED_FACE('',(#255),#6191,.T.);
#6508=ADVANCED_FACE('',(#256),#6192,.T.);
#6509=ADVANCED_FACE('',(#257),#6193,.T.);
#6510=ADVANCED_FACE('',(#258),#6194,.T.);
#6511=ADVANCED_FACE('',(#259),#6195,.T.);
#6512=ADVANCED_FACE('',(#260),#6196,.T.);
#6513=ADVANCED_FACE('',(#261),#6197,.T.);
#6514=ADVANCED_FACE('',(#262),#6198,.T.);
#6515=ADVANCED_FACE('',(#263),#6199,.T.);
#6516=ADVANCED_FACE('',(#264),#6200,.T.);
#6517=ADVANCED_FACE('',(#265),#6201,.T.);
#6518=ADVANCED_FACE('',(#266),#6202,.T.);
#6519=ADVANCED_FACE('',(#267),#6203,.T.);
#6520=ADVANCED_FACE('',(#268),#6204,.T.);
#6521=ADVANCED_FACE('',(#269),#6205,.T.);
#6522=ADVANCED_FACE('',(#270),#6206,.T.);
#6523=ADVANCED_FACE('',(#271),#6207,.T.);
#6524=ADVANCED_FACE('',(#272),#6208,.T.);
#6525=ADVANCED_FACE('',(#273),#6209,.T.);
#6526=ADVANCED_FACE('',(#274),#6210,.T.);
#6527=ADVANCED_FACE('',(#275),#6211,.T.);
#6528=ADVANCED_FACE('',(#276),#6212,.T.);
#6529=ADVANCED_FACE('',(#277),#6213,.T.);
#6530=ADVANCED_FACE('',(#278),#6214,.T.);
#6531=ADVANCED_FACE('',(#279),#6215,.T.);
#6532=ADVANCED_FACE('',(#280),#6216,.T.);
#6533=ADVANCED_FACE('',(#281),#6217,.T.);
#6534=ADVANCED_FACE('',(#282),#6218,.T.);
#6535=ADVANCED_FACE('',(#283),#6219,.T.);
#6536=ADVANCED_FACE('',(#284),#6220,.T.);
#6537=ADVANCED_FACE('',(#285),#6221,.T.);
#6538=ADVANCED_FACE('',(#286),#6222,.T.);
#6539=ADVANCED_FACE('',(#287),#6223,.T.);
#6540=ADVANCED_FACE('',(#288),#6224,.T.);
#6541=ADVANCED_FACE('',(#289),#6225,.T.);
#6542=ADVANCED_FACE('',(#290),#6226,.T.);
#6543=ADVANCED_FACE('',(#291),#6227,.T.);
#6544=ADVANCED_FACE('',(#292),#6228,.T.);
#6545=ADVANCED_FACE('',(#293),#6229,.T.);
#6546=ADVANCED_FACE('',(#294),#6230,.T.);
#6547=ADVANCED_FACE('',(#295),#6231,.T.);
#6548=ADVANCED_FACE('',(#296),#6232,.T.);
#6549=ADVANCED_FACE('',(#297),#6233,.T.);
#6550=ADVANCED_FACE('',(#298),#6234,.T.);
#6551=ADVANCED_FACE('',(#299),#6235,.T.);
#6552=ADVANCED_FACE('',(#300),#6236,.T.);
#6553=ADVANCED_FACE('',(#301),#6237,.T.);
#6554=ADVANCED_FACE('',(#302),#6238,.T.);
#6555=ADVANCED_FACE('',(#303),#6239,.T.);
#6556=ADVANCED_FACE('',(#304),#6240,.T.);
#6557=ADVANCED_FACE('',(#305),#6241,.T.);
#6558=ADVANCED_FACE('',(#306),#6242,.T.);
#6559=ADVANCED_FACE('',(#307),#6243,.T.);
#6560=ADVANCED_FACE('',(#308),#6244,.T.);
#6561=ADVANCED_FACE('',(#309),#6245,.T.);
#6562=ADVANCED_FACE('',(#310),#6246,.T.);
#6563=ADVANCED_FACE('',(#311),#6247,.T.);
#6564=ADVANCED_FACE('',(#312),#6248,.T.);
#6565=ADVANCED_FACE('',(#313),#6249,.T.);
#6566=ADVANCED_FACE('',(#314),#6250,.T.);
#6567=ADVANCED_FACE('',(#315),#6251,.T.);
#6568=ADVANCED_FACE('',(#316),#6252,.T.);
#6569=ADVANCED_FACE('',(#317),#6253,.T.);
#6570=ADVANCED_FACE('',(#318),#6254,.T.);
#6571=ADVANCED_FACE('',(#319),#6255,.T.);
#6572=ADVANCED_FACE('',(#320),#6256,.T.);
#6573=ADVANCED_FACE('',(#321),#6257,.T.);
#6574=ADVANCED_FACE('',(#322),#6258,.T.);
#6575=ADVANCED_FACE('',(#323),#6259,.T.);
#6576=ADVANCED_FACE('',(#324),#6260,.T.);
#6577=ADVANCED_FACE('',(#325),#6261,.T.);
#6578=ADVANCED_FACE('',(#326),#6262,.T.);
#6579=ADVANCED_FACE('',(#327),#6263,.T.);
#6580=ADVANCED_FACE('',(#328),#6264,.T.);
#6581=ADVANCED_FACE('',(#329),#6265,.T.);
#6582=ADVANCED_FACE('',(#330),#6266,.T.);
#6583=ADVANCED_FACE('',(#331),#6267,.T.);
#6584=ADVANCED_FACE('',(#332),#6268,.T.);
#6585=ADVANCED_FACE('',(#333),#6269,.T.);
#6586=ADVANCED_FACE('',(#334),#6270,.T.);
#6587=ADVANCED_FACE('',(#335),#6271,.T.);
#6588=ADVANCED_FACE('',(#336),#6272,.T.);
#6589=ADVANCED_FACE('',(#337),#6273,.T.);
#6590=ADVANCED_FACE('',(#338),#6274,.T.);
#6591=ADVANCED_FACE('',(#339),#6275,.T.);
#6592=ADVANCED_FACE('',(#340),#6276,.T.);
#6593=ADVANCED_FACE('',(#341),#6277,.T.);
#6594=ADVANCED_FACE('',(#342),#6278,.F.);
#6595=CLOSED_SHELL('',(#6279,#6280,#6281,#6282,#6283,#6284,#6285,#6286,
#6287,#6288,#6289,#6290,#6291,#6292,#6293,#6294,#6295,#6296,#6297,#6298,
#6299,#6300,#6301,#6302,#6303,#6304,#6305,#6306,#6307,#6308,#6309,#6310,
#6311,#6312,#6313,#6314,#6315,#6316,#6317,#6318,#6319,#6320,#6321,#6322,
#6323,#6324,#6325,#6326,#6327,#6328,#6329,#6330,#6331,#6332,#6333,#6334,
#6335,#6336,#6337,#6338,#6339,#6340,#6341,#6342,#6343,#6344,#6345,#6346,
#6347,#6348,#6349,#6350,#6351,#6352,#6353,#6354,#6355,#6356,#6357,#6358,
#6359,#6360,#6361,#6362,#6363,#6364,#6365,#6366,#6367,#6368,#6369,#6370,
#6371,#6372,#6373,#6374,#6375,#6376,#6377,#6378,#6379,#6380,#6381,#6382,
#6383,#6384,#6385,#6386,#6387,#6388,#6389,#6390,#6391,#6392,#6393,#6394,
#6395,#6396,#6397,#6398,#6399,#6400,#6401,#6402,#6403,#6404,#6405,#6406,
#6407,#6408,#6409,#6410,#6411,#6412,#6413,#6414,#6415,#6416,#6417,#6418,
#6419,#6420,#6421,#6422,#6423,#6424,#6425,#6426,#6427,#6428,#6429,#6430,
#6431,#6432,#6433,#6434,#6435,#6436,#6437,#6438,#6439,#6440,#6441,#6442,
#6443,#6444,#6445,#6446,#6447,#6448,#6449,#6450,#6451,#6452,#6453,#6454,
#6455,#6456,#6457,#6458,#6459,#6460,#6461,#6462,#6463,#6464,#6465,#6466,
#6467,#6468,#6469,#6470,#6471,#6472,#6473,#6474,#6475,#6476,#6477,#6478,
#6479,#6480,#6481,#6482,#6483,#6484,#6485,#6486,#6487,#6488,#6489,#6490,
#6491,#6492,#6493,#6494,#6495,#6496,#6497,#6498,#6499,#6500,#6501,#6502,
#6503,#6504,#6505,#6506,#6507,#6508,#6509,#6510,#6511,#6512,#6513,#6514,
#6515,#6516,#6517,#6518,#6519,#6520,#6521,#6522,#6523,#6524,#6525,#6526,
#6527,#6528,#6529,#6530,#6531,#6532,#6533,#6534,#6535,#6536,#6537,#6538,
#6539,#6540,#6541,#6542,#6543,#6544,#6545,#6546,#6547,#6548,#6549,#6550,
#6551,#6552,#6553,#6554,#6555,#6556,#6557,#6558,#6559,#6560,#6561,#6562,
#6563,#6564,#6565,#6566,#6567,#6568,#6569,#6570,#6571,#6572,#6573,#6574,
#6575,#6576,#6577,#6578,#6579,#6580,#6581,#6582,#6583,#6584,#6585,#6586,
#6587,#6588));
#6596=CLOSED_SHELL('',(#6589,#6590,#6591,#6592,#6593,#6594));
#6597=DERIVED_UNIT_ELEMENT(#6601,1.);
#6598=DERIVED_UNIT_ELEMENT(#10409,-3.);
#6599=DERIVED_UNIT_ELEMENT(#6601,1.);
#6600=DERIVED_UNIT_ELEMENT(#10409,-3.);
#6601=(
MASS_UNIT()
NAMED_UNIT(*)
SI_UNIT(.KILO.,.GRAM.)
);
#6602=DERIVED_UNIT((#6597,#6598));
#6603=DERIVED_UNIT((#6599,#6600));
#6604=MEASURE_REPRESENTATION_ITEM('density measure',
POSITIVE_RATIO_MEASURE(7850.),#6602);
#6605=MEASURE_REPRESENTATION_ITEM('density measure',
POSITIVE_RATIO_MEASURE(7850.),#6603);
#6606=PROPERTY_DEFINITION_REPRESENTATION(#6616,#6610);
#6607=PROPERTY_DEFINITION_REPRESENTATION(#6617,#6611);
#6608=PROPERTY_DEFINITION_REPRESENTATION(#6618,#6612);
#6609=PROPERTY_DEFINITION_REPRESENTATION(#6619,#6613);
#6610=REPRESENTATION('material name',(#6614),#10405);
#6611=REPRESENTATION('density',(#6604),#10405);
#6612=REPRESENTATION('material name',(#6615),#10406);
#6613=REPRESENTATION('density',(#6605),#10406);
#6614=DESCRIPTIVE_REPRESENTATION_ITEM('Steel','Steel');
#6615=DESCRIPTIVE_REPRESENTATION_ITEM('Steel','Steel');
#6616=PROPERTY_DEFINITION('material property','material name',#10425);
#6617=PROPERTY_DEFINITION('material property','density of part',#10425);
#6618=PROPERTY_DEFINITION('material property','material name',#10426);
#6619=PROPERTY_DEFINITION('material property','density of part',#10426);
#6620=AXIS2_PLACEMENT_3D('',#8519,#6941,#6942);
#6621=AXIS2_PLACEMENT_3D('',#8520,#6943,#6944);
#6622=AXIS2_PLACEMENT_3D('',#8521,#6945,#6946);
#6623=AXIS2_PLACEMENT_3D('',#8530,#6951,#6952);
#6624=AXIS2_PLACEMENT_3D('',#8539,#6957,#6958);
#6625=AXIS2_PLACEMENT_3D('',#8545,#6962,#6963);
#6626=AXIS2_PLACEMENT_3D('',#8549,#6966,#6967);
#6627=AXIS2_PLACEMENT_3D('',#8558,#6972,#6973);
#6628=AXIS2_PLACEMENT_3D('',#8567,#6978,#6979);
#6629=AXIS2_PLACEMENT_3D('',#8573,#6983,#6984);
#6630=AXIS2_PLACEMENT_3D('',#8579,#6988,#6989);
#6631=AXIS2_PLACEMENT_3D('',#8583,#6992,#6993);
#6632=AXIS2_PLACEMENT_3D('',#8587,#6996,#6997);
#6633=AXIS2_PLACEMENT_3D('',#8596,#7002,#7003);
#6634=AXIS2_PLACEMENT_3D('',#8605,#7008,#7009);
#6635=AXIS2_PLACEMENT_3D('',#8611,#7013,#7014);
#6636=AXIS2_PLACEMENT_3D('',#8617,#7018,#7019);
#6637=AXIS2_PLACEMENT_3D('',#8621,#7022,#7023);
#6638=AXIS2_PLACEMENT_3D('',#8625,#7026,#7027);
#6639=AXIS2_PLACEMENT_3D('',#8634,#7032,#7033);
#6640=AXIS2_PLACEMENT_3D('',#8643,#7038,#7039);
#6641=AXIS2_PLACEMENT_3D('',#8649,#7043,#7044);
#6642=AXIS2_PLACEMENT_3D('',#8653,#7047,#7048);
#6643=AXIS2_PLACEMENT_3D('',#8662,#7053,#7054);
#6644=AXIS2_PLACEMENT_3D('',#8671,#7059,#7060);
#6645=AXIS2_PLACEMENT_3D('',#8677,#7064,#7065);
#6646=AXIS2_PLACEMENT_3D('',#8681,#7068,#7069);
#6647=AXIS2_PLACEMENT_3D('',#8690,#7074,#7075);
#6648=AXIS2_PLACEMENT_3D('',#8696,#7079,#7080);
#6649=AXIS2_PLACEMENT_3D('',#8700,#7083,#7084);
#6650=AXIS2_PLACEMENT_3D('',#8709,#7089,#7090);
#6651=AXIS2_PLACEMENT_3D('',#8718,#7095,#7096);
#6652=AXIS2_PLACEMENT_3D('',#8721,#7099,#7100);
#6653=AXIS2_PLACEMENT_3D('',#8723,#7102,#7103);
#6654=AXIS2_PLACEMENT_3D('',#8732,#7108,#7109);
#6655=AXIS2_PLACEMENT_3D('',#8741,#7114,#7115);
#6656=AXIS2_PLACEMENT_3D('',#8744,#7118,#7119);
#6657=AXIS2_PLACEMENT_3D('',#8746,#7121,#7122);
#6658=AXIS2_PLACEMENT_3D('',#8750,#7125,#7126);
#6659=AXIS2_PLACEMENT_3D('',#8759,#7131,#7132);
#6660=AXIS2_PLACEMENT_3D('',#8763,#7135,#7136);
#6661=AXIS2_PLACEMENT_3D('',#8772,#7141,#7142);
#6662=AXIS2_PLACEMENT_3D('',#8781,#7147,#7148);
#6663=AXIS2_PLACEMENT_3D('',#8785,#7151,#7152);
#6664=AXIS2_PLACEMENT_3D('',#8791,#7156,#7157);
#6665=AXIS2_PLACEMENT_3D('',#8795,#7160,#7161);
#6666=AXIS2_PLACEMENT_3D('',#8804,#7166,#7167);
#6667=AXIS2_PLACEMENT_3D('',#8808,#7170,#7171);
#6668=AXIS2_PLACEMENT_3D('',#8814,#7175,#7176);
#6669=AXIS2_PLACEMENT_3D('',#8818,#7179,#7180);
#6670=AXIS2_PLACEMENT_3D('',#8822,#7183,#7184);
#6671=AXIS2_PLACEMENT_3D('',#8831,#7189,#7190);
#6672=AXIS2_PLACEMENT_3D('',#8835,#7193,#7194);
#6673=AXIS2_PLACEMENT_3D('',#8841,#7198,#7199);
#6674=AXIS2_PLACEMENT_3D('',#8845,#7202,#7203);
#6675=AXIS2_PLACEMENT_3D('',#8854,#7208,#7209);
#6676=AXIS2_PLACEMENT_3D('',#8858,#7212,#7213);
#6677=AXIS2_PLACEMENT_3D('',#8864,#7217,#7218);
#6678=AXIS2_PLACEMENT_3D('',#8868,#7221,#7222);
#6679=AXIS2_PLACEMENT_3D('',#8872,#7225,#7226);
#6680=AXIS2_PLACEMENT_3D('',#8876,#7229,#7230);
#6681=AXIS2_PLACEMENT_3D('',#8885,#7235,#7236);
#6682=AXIS2_PLACEMENT_3D('',#8889,#7239,#7240);
#6683=AXIS2_PLACEMENT_3D('',#8892,#7243,#7244);
#6684=AXIS2_PLACEMENT_3D('',#8894,#7246,#7247);
#6685=AXIS2_PLACEMENT_3D('',#8903,#7252,#7253);
#6686=AXIS2_PLACEMENT_3D('',#8912,#7258,#7259);
#6687=AXIS2_PLACEMENT_3D('',#8915,#7262,#7263);
#6688=AXIS2_PLACEMENT_3D('',#8917,#7265,#7266);
#6689=AXIS2_PLACEMENT_3D('',#8926,#7271,#7272);
#6690=AXIS2_PLACEMENT_3D('',#8930,#7275,#7276);
#6691=AXIS2_PLACEMENT_3D('',#8933,#7279,#7280);
#6692=AXIS2_PLACEMENT_3D('',#8939,#7284,#7285);
#6693=AXIS2_PLACEMENT_3D('',#8941,#7287,#7288);
#6694=AXIS2_PLACEMENT_3D('',#8945,#7291,#7292);
#6695=AXIS2_PLACEMENT_3D('',#8949,#7295,#7296);
#6696=AXIS2_PLACEMENT_3D('',#8953,#7299,#7300);
#6697=AXIS2_PLACEMENT_3D('',#8962,#7305,#7306);
#6698=AXIS2_PLACEMENT_3D('',#8968,#7310,#7311);
#6699=AXIS2_PLACEMENT_3D('',#8977,#7316,#7317);
#6700=AXIS2_PLACEMENT_3D('',#8986,#7322,#7323);
#6701=AXIS2_PLACEMENT_3D('',#8992,#7327,#7328);
#6702=AXIS2_PLACEMENT_3D('',#8996,#7331,#7332);
#6703=AXIS2_PLACEMENT_3D('',#9005,#7337,#7338);
#6704=AXIS2_PLACEMENT_3D('',#9014,#7343,#7344);
#6705=AXIS2_PLACEMENT_3D('',#9020,#7348,#7349);
#6706=AXIS2_PLACEMENT_3D('',#9026,#7353,#7354);
#6707=AXIS2_PLACEMENT_3D('',#9030,#7357,#7358);
#6708=AXIS2_PLACEMENT_3D('',#9034,#7361,#7362);
#6709=AXIS2_PLACEMENT_3D('',#9043,#7367,#7368);
#6710=AXIS2_PLACEMENT_3D('',#9052,#7373,#7374);
#6711=AXIS2_PLACEMENT_3D('',#9058,#7378,#7379);
#6712=AXIS2_PLACEMENT_3D('',#9064,#7383,#7384);
#6713=AXIS2_PLACEMENT_3D('',#9068,#7387,#7388);
#6714=AXIS2_PLACEMENT_3D('',#9072,#7391,#7392);
#6715=AXIS2_PLACEMENT_3D('',#9081,#7397,#7398);
#6716=AXIS2_PLACEMENT_3D('',#9090,#7403,#7404);
#6717=AXIS2_PLACEMENT_3D('',#9096,#7408,#7409);
#6718=AXIS2_PLACEMENT_3D('',#9102,#7413,#7414);
#6719=AXIS2_PLACEMENT_3D('',#9106,#7417,#7418);
#6720=AXIS2_PLACEMENT_3D('',#9110,#7421,#7422);
#6721=AXIS2_PLACEMENT_3D('',#9119,#7427,#7428);
#6722=AXIS2_PLACEMENT_3D('',#9125,#7432,#7433);
#6723=AXIS2_PLACEMENT_3D('',#9129,#7436,#7437);
#6724=AXIS2_PLACEMENT_3D('',#9138,#7442,#7443);
#6725=AXIS2_PLACEMENT_3D('',#9142,#7446,#7447);
#6726=AXIS2_PLACEMENT_3D('',#9151,#7452,#7453);
#6727=AXIS2_PLACEMENT_3D('',#9155,#7456,#7457);
#6728=AXIS2_PLACEMENT_3D('',#9164,#7462,#7463);
#6729=AXIS2_PLACEMENT_3D('',#9173,#7468,#7469);
#6730=AXIS2_PLACEMENT_3D('',#9182,#7474,#7475);
#6731=AXIS2_PLACEMENT_3D('',#9188,#7479,#7480);
#6732=AXIS2_PLACEMENT_3D('',#9192,#7483,#7484);
#6733=AXIS2_PLACEMENT_3D('',#9201,#7489,#7490);
#6734=AXIS2_PLACEMENT_3D('',#9207,#7494,#7495);
#6735=AXIS2_PLACEMENT_3D('',#9213,#7499,#7500);
#6736=AXIS2_PLACEMENT_3D('',#9217,#7503,#7504);
#6737=AXIS2_PLACEMENT_3D('',#9226,#7509,#7510);
#6738=AXIS2_PLACEMENT_3D('',#9230,#7513,#7514);
#6739=AXIS2_PLACEMENT_3D('',#9236,#7518,#7519);
#6740=AXIS2_PLACEMENT_3D('',#9240,#7522,#7523);
#6741=AXIS2_PLACEMENT_3D('',#9249,#7528,#7529);
#6742=AXIS2_PLACEMENT_3D('',#9253,#7532,#7533);
#6743=AXIS2_PLACEMENT_3D('',#9259,#7537,#7538);
#6744=AXIS2_PLACEMENT_3D('',#9265,#7542,#7543);
#6745=AXIS2_PLACEMENT_3D('',#9269,#7546,#7547);
#6746=AXIS2_PLACEMENT_3D('',#9273,#7550,#7551);
#6747=AXIS2_PLACEMENT_3D('',#9282,#7556,#7557);
#6748=AXIS2_PLACEMENT_3D('',#9286,#7560,#7561);
#6749=AXIS2_PLACEMENT_3D('',#9292,#7565,#7566);
#6750=AXIS2_PLACEMENT_3D('',#9296,#7569,#7570);
#6751=AXIS2_PLACEMENT_3D('',#9305,#7575,#7576);
#6752=AXIS2_PLACEMENT_3D('',#9309,#7579,#7580);
#6753=AXIS2_PLACEMENT_3D('',#9315,#7584,#7585);
#6754=AXIS2_PLACEMENT_3D('',#9319,#7588,#7589);
#6755=AXIS2_PLACEMENT_3D('',#9325,#7593,#7594);
#6756=AXIS2_PLACEMENT_3D('',#9329,#7597,#7598);
#6757=AXIS2_PLACEMENT_3D('',#9331,#7600,#7601);
#6758=AXIS2_PLACEMENT_3D('',#9340,#7606,#7607);
#6759=AXIS2_PLACEMENT_3D('',#9344,#7610,#7611);
#6760=AXIS2_PLACEMENT_3D('',#9347,#7614,#7615);
#6761=AXIS2_PLACEMENT_3D('',#9353,#7619,#7620);
#6762=AXIS2_PLACEMENT_3D('',#9355,#7622,#7623);
#6763=AXIS2_PLACEMENT_3D('',#9359,#7626,#7627);
#6764=AXIS2_PLACEMENT_3D('',#9363,#7630,#7631);
#6765=AXIS2_PLACEMENT_3D('',#9372,#7636,#7637);
#6766=AXIS2_PLACEMENT_3D('',#9376,#7640,#7641);
#6767=AXIS2_PLACEMENT_3D('',#9380,#7644,#7645);
#6768=AXIS2_PLACEMENT_3D('',#9384,#7648,#7649);
#6769=AXIS2_PLACEMENT_3D('',#9388,#7652,#7653);
#6770=AXIS2_PLACEMENT_3D('',#9390,#7655,#7656);
#6771=AXIS2_PLACEMENT_3D('',#9399,#7661,#7662);
#6772=AXIS2_PLACEMENT_3D('',#9405,#7666,#7667);
#6773=AXIS2_PLACEMENT_3D('',#9414,#7672,#7673);
#6774=AXIS2_PLACEMENT_3D('',#9423,#7678,#7679);
#6775=AXIS2_PLACEMENT_3D('',#9432,#7684,#7685);
#6776=AXIS2_PLACEMENT_3D('',#9441,#7690,#7691);
#6777=AXIS2_PLACEMENT_3D('',#9450,#7696,#7697);
#6778=AXIS2_PLACEMENT_3D('',#9459,#7702,#7703);
#6779=AXIS2_PLACEMENT_3D('',#9465,#7707,#7708);
#6780=AXIS2_PLACEMENT_3D('',#9474,#7713,#7714);
#6781=AXIS2_PLACEMENT_3D('',#9483,#7719,#7720);
#6782=AXIS2_PLACEMENT_3D('',#9492,#7725,#7726);
#6783=AXIS2_PLACEMENT_3D('',#9501,#7731,#7732);
#6784=AXIS2_PLACEMENT_3D('',#9510,#7737,#7738);
#6785=AXIS2_PLACEMENT_3D('',#9519,#7743,#7744);
#6786=AXIS2_PLACEMENT_3D('',#9525,#7748,#7749);
#6787=AXIS2_PLACEMENT_3D('',#9531,#7753,#7754);
#6788=AXIS2_PLACEMENT_3D('',#9537,#7758,#7759);
#6789=AXIS2_PLACEMENT_3D('',#9543,#7763,#7764);
#6790=AXIS2_PLACEMENT_3D('',#9549,#7768,#7769);
#6791=AXIS2_PLACEMENT_3D('',#9555,#7773,#7774);
#6792=AXIS2_PLACEMENT_3D('',#9561,#7778,#7779);
#6793=AXIS2_PLACEMENT_3D('',#9567,#7783,#7784);
#6794=AXIS2_PLACEMENT_3D('',#9573,#7788,#7789);
#6795=AXIS2_PLACEMENT_3D('',#9579,#7793,#7794);
#6796=AXIS2_PLACEMENT_3D('',#9585,#7798,#7799);
#6797=AXIS2_PLACEMENT_3D('',#9591,#7803,#7804);
#6798=AXIS2_PLACEMENT_3D('',#9597,#7808,#7809);
#6799=AXIS2_PLACEMENT_3D('',#9603,#7813,#7814);
#6800=AXIS2_PLACEMENT_3D('',#9609,#7818,#7819);
#6801=AXIS2_PLACEMENT_3D('',#9618,#7824,#7825);
#6802=AXIS2_PLACEMENT_3D('',#9627,#7830,#7831);
#6803=AXIS2_PLACEMENT_3D('',#9630,#7834,#7835);
#6804=AXIS2_PLACEMENT_3D('',#9636,#7839,#7840);
#6805=AXIS2_PLACEMENT_3D('',#9645,#7845,#7846);
#6806=AXIS2_PLACEMENT_3D('',#9654,#7851,#7852);
#6807=AXIS2_PLACEMENT_3D('',#9657,#7855,#7856);
#6808=AXIS2_PLACEMENT_3D('',#9663,#7860,#7861);
#6809=AXIS2_PLACEMENT_3D('',#9672,#7866,#7867);
#6810=AXIS2_PLACEMENT_3D('',#9678,#7871,#7872);
#6811=AXIS2_PLACEMENT_3D('',#9687,#7877,#7878);
#6812=AXIS2_PLACEMENT_3D('',#9696,#7883,#7884);
#6813=AXIS2_PLACEMENT_3D('',#9705,#7889,#7890);
#6814=AXIS2_PLACEMENT_3D('',#9714,#7895,#7896);
#6815=AXIS2_PLACEMENT_3D('',#9723,#7901,#7902);
#6816=AXIS2_PLACEMENT_3D('',#9732,#7907,#7908);
#6817=AXIS2_PLACEMENT_3D('',#9735,#7911,#7912);
#6818=AXIS2_PLACEMENT_3D('',#9744,#7917,#7918);
#6819=AXIS2_PLACEMENT_3D('',#9753,#7923,#7924);
#6820=AXIS2_PLACEMENT_3D('',#9762,#7929,#7930);
#6821=AXIS2_PLACEMENT_3D('',#9771,#7935,#7936);
#6822=AXIS2_PLACEMENT_3D('',#9780,#7941,#7942);
#6823=AXIS2_PLACEMENT_3D('',#9789,#7947,#7948);
#6824=AXIS2_PLACEMENT_3D('',#9795,#7952,#7953);
#6825=AXIS2_PLACEMENT_3D('',#9801,#7957,#7958);
#6826=AXIS2_PLACEMENT_3D('',#9807,#7962,#7963);
#6827=AXIS2_PLACEMENT_3D('',#9813,#7967,#7968);
#6828=AXIS2_PLACEMENT_3D('',#9819,#7972,#7973);
#6829=AXIS2_PLACEMENT_3D('',#9825,#7977,#7978);
#6830=AXIS2_PLACEMENT_3D('',#9831,#7982,#7983);
#6831=AXIS2_PLACEMENT_3D('',#9835,#7986,#7987);
#6832=AXIS2_PLACEMENT_3D('',#9841,#7991,#7992);
#6833=AXIS2_PLACEMENT_3D('',#9847,#7996,#7997);
#6834=AXIS2_PLACEMENT_3D('',#9853,#8001,#8002);
#6835=AXIS2_PLACEMENT_3D('',#9859,#8006,#8007);
#6836=AXIS2_PLACEMENT_3D('',#9865,#8011,#8012);
#6837=AXIS2_PLACEMENT_3D('',#9871,#8016,#8017);
#6838=AXIS2_PLACEMENT_3D('',#9877,#8021,#8022);
#6839=AXIS2_PLACEMENT_3D('',#9886,#8027,#8028);
#6840=AXIS2_PLACEMENT_3D('',#9895,#8033,#8034);
#6841=AXIS2_PLACEMENT_3D('',#9898,#8037,#8038);
#6842=AXIS2_PLACEMENT_3D('',#9901,#8041,#8042);
#6843=AXIS2_PLACEMENT_3D('',#9910,#8047,#8048);
#6844=AXIS2_PLACEMENT_3D('',#9919,#8053,#8054);
#6845=AXIS2_PLACEMENT_3D('',#9922,#8057,#8058);
#6846=AXIS2_PLACEMENT_3D('',#9925,#8061,#8062);
#6847=AXIS2_PLACEMENT_3D('',#9934,#8067,#8068);
#6848=AXIS2_PLACEMENT_3D('',#9940,#8072,#8073);
#6849=AXIS2_PLACEMENT_3D('',#9943,#8076,#8077);
#6850=AXIS2_PLACEMENT_3D('',#9949,#8081,#8082);
#6851=AXIS2_PLACEMENT_3D('',#9958,#8087,#8088);
#6852=AXIS2_PLACEMENT_3D('',#9961,#8091,#8092);
#6853=AXIS2_PLACEMENT_3D('',#9967,#8096,#8097);
#6854=AXIS2_PLACEMENT_3D('',#9973,#8101,#8102);
#6855=AXIS2_PLACEMENT_3D('',#9982,#8107,#8108);
#6856=AXIS2_PLACEMENT_3D('',#9985,#8111,#8112);
#6857=AXIS2_PLACEMENT_3D('',#9991,#8116,#8117);
#6858=AXIS2_PLACEMENT_3D('',#9997,#8121,#8122);
#6859=AXIS2_PLACEMENT_3D('',#10006,#8127,#8128);
#6860=AXIS2_PLACEMENT_3D('',#10009,#8131,#8132);
#6861=AXIS2_PLACEMENT_3D('',#10015,#8136,#8137);
#6862=AXIS2_PLACEMENT_3D('',#10021,#8141,#8142);
#6863=AXIS2_PLACEMENT_3D('',#10030,#8147,#8148);
#6864=AXIS2_PLACEMENT_3D('',#10033,#8151,#8152);
#6865=AXIS2_PLACEMENT_3D('',#10036,#8155,#8156);
#6866=AXIS2_PLACEMENT_3D('',#10042,#8160,#8161);
#6867=AXIS2_PLACEMENT_3D('',#10051,#8166,#8167);
#6868=AXIS2_PLACEMENT_3D('',#10054,#8170,#8171);
#6869=AXIS2_PLACEMENT_3D('',#10057,#8174,#8175);
#6870=AXIS2_PLACEMENT_3D('',#10063,#8179,#8180);
#6871=AXIS2_PLACEMENT_3D('',#10072,#8185,#8186);
#6872=AXIS2_PLACEMENT_3D('',#10075,#8189,#8190);
#6873=AXIS2_PLACEMENT_3D('',#10078,#8193,#8194);
#6874=AXIS2_PLACEMENT_3D('',#10082,#8197,#8198);
#6875=AXIS2_PLACEMENT_3D('',#10084,#8200,#8201);
#6876=AXIS2_PLACEMENT_3D('',#10088,#8204,#8205);
#6877=AXIS2_PLACEMENT_3D('',#10092,#8208,#8209);
#6878=AXIS2_PLACEMENT_3D('',#10096,#8212,#8213);
#6879=AXIS2_PLACEMENT_3D('',#10100,#8216,#8217);
#6880=AXIS2_PLACEMENT_3D('',#10102,#8219,#8220);
#6881=AXIS2_PLACEMENT_3D('',#10106,#8223,#8224);
#6882=AXIS2_PLACEMENT_3D('',#10160,#8258,#8259);
#6883=AXIS2_PLACEMENT_3D('',#10162,#8261,#8262);
#6884=AXIS2_PLACEMENT_3D('',#10164,#8264,#8265);
#6885=AXIS2_PLACEMENT_3D('',#10166,#8267,#8268);
#6886=AXIS2_PLACEMENT_3D('',#10168,#8270,#8271);
#6887=AXIS2_PLACEMENT_3D('',#10170,#8273,#8274);
#6888=AXIS2_PLACEMENT_3D('',#10172,#8276,#8277);
#6889=AXIS2_PLACEMENT_3D('',#10174,#8279,#8280);
#6890=AXIS2_PLACEMENT_3D('',#10176,#8282,#8283);
#6891=AXIS2_PLACEMENT_3D('',#10178,#8285,#8286);
#6892=AXIS2_PLACEMENT_3D('',#10180,#8288,#8289);
#6893=AXIS2_PLACEMENT_3D('',#10182,#8291,#8292);
#6894=AXIS2_PLACEMENT_3D('',#10184,#8294,#8295);
#6895=AXIS2_PLACEMENT_3D('',#10186,#8297,#8298);
#6896=AXIS2_PLACEMENT_3D('',#10188,#8300,#8301);
#6897=AXIS2_PLACEMENT_3D('',#10190,#8303,#8304);
#6898=AXIS2_PLACEMENT_3D('',#10192,#8306,#8307);
#6899=AXIS2_PLACEMENT_3D('',#10194,#8309,#8310);
#6900=AXIS2_PLACEMENT_3D('',#10196,#8312,#8313);
#6901=AXIS2_PLACEMENT_3D('',#10200,#8316,#8317);
#6902=AXIS2_PLACEMENT_3D('',#10202,#8319,#8320);
#6903=AXIS2_PLACEMENT_3D('',#10206,#8323,#8324);
#6904=AXIS2_PLACEMENT_3D('',#10210,#8327,#8328);
#6905=AXIS2_PLACEMENT_3D('',#10214,#8331,#8332);
#6906=AXIS2_PLACEMENT_3D('',#10218,#8335,#8336);
#6907=AXIS2_PLACEMENT_3D('',#10220,#8338,#8339);
#6908=AXIS2_PLACEMENT_3D('',#10224,#8342,#8343);
#6909=AXIS2_PLACEMENT_3D('',#10278,#8377,#8378);
#6910=AXIS2_PLACEMENT_3D('',#10280,#8380,#8381);
#6911=AXIS2_PLACEMENT_3D('',#10282,#8383,#8384);
#6912=AXIS2_PLACEMENT_3D('',#10284,#8386,#8387);
#6913=AXIS2_PLACEMENT_3D('',#10286,#8389,#8390);
#6914=AXIS2_PLACEMENT_3D('',#10288,#8392,#8393);
#6915=AXIS2_PLACEMENT_3D('',#10290,#8395,#8396);
#6916=AXIS2_PLACEMENT_3D('',#10292,#8398,#8399);
#6917=AXIS2_PLACEMENT_3D('',#10294,#8401,#8402);
#6918=AXIS2_PLACEMENT_3D('',#10296,#8404,#8405);
#6919=AXIS2_PLACEMENT_3D('',#10298,#8407,#8408);
#6920=AXIS2_PLACEMENT_3D('',#10300,#8410,#8411);
#6921=AXIS2_PLACEMENT_3D('',#10302,#8413,#8414);
#6922=AXIS2_PLACEMENT_3D('',#10304,#8416,#8417);
#6923=AXIS2_PLACEMENT_3D('',#10306,#8419,#8420);
#6924=AXIS2_PLACEMENT_3D('',#10308,#8422,#8423);
#6925=AXIS2_PLACEMENT_3D('',#10310,#8425,#8426);
#6926=AXIS2_PLACEMENT_3D('',#10312,#8428,#8429);
#6927=AXIS2_PLACEMENT_3D('',#10314,#8431,#8432);
#6928=AXIS2_PLACEMENT_3D('',#10340,#8456,#8457);
#6929=AXIS2_PLACEMENT_3D('',#10354,#8470,#8471);
#6930=AXIS2_PLACEMENT_3D('',#10368,#8484,#8485);
#6931=AXIS2_PLACEMENT_3D('',#10370,#8487,#8488);
#6932=AXIS2_PLACEMENT_3D('',#10371,#8489,#8490);
#6933=AXIS2_PLACEMENT_3D('',#10372,#8491,#8492);
#6934=AXIS2_PLACEMENT_3D('',#10381,#8497,#8498);
#6935=AXIS2_PLACEMENT_3D('',#10387,#8502,#8503);
#6936=AXIS2_PLACEMENT_3D('',#10393,#8507,#8508);
#6937=AXIS2_PLACEMENT_3D('',#10396,#8511,#8512);
#6938=AXIS2_PLACEMENT_3D('',#10397,#8513,#8514);
#6939=AXIS2_PLACEMENT_3D('',#10398,#8515,#8516);
#6940=AXIS2_PLACEMENT_3D('',#10399,#8517,#8518);
#6941=DIRECTION('axis',(0.,0.,1.));
#6942=DIRECTION('refdir',(1.,0.,0.));
#6943=DIRECTION('axis',(0.,0.,1.));
#6944=DIRECTION('refdir',(1.,0.,0.));
#6945=DIRECTION('center_axis',(0.,-1.,0.));
#6946=DIRECTION('ref_axis',(0.,0.,-1.));
#6947=DIRECTION('',(0.,0.,1.));
#6948=DIRECTION('',(1.,0.,0.));
#6949=DIRECTION('',(0.,0.,-1.));
#6950=DIRECTION('',(1.,0.,0.));
#6951=DIRECTION('center_axis',(0.,1.,0.));
#6952=DIRECTION('ref_axis',(0.,0.,1.));
#6953=DIRECTION('',(0.,0.,-1.));
#6954=DIRECTION('',(-1.,0.,0.));
#6955=DIRECTION('',(0.,0.,1.));
#6956=DIRECTION('',(1.,0.,0.));
#6957=DIRECTION('center_axis',(0.,0.,-1.));
#6958=DIRECTION('ref_axis',(0.,1.,0.));
#6959=DIRECTION('',(0.,1.,0.));
#6960=DIRECTION('',(-1.,0.,0.));
#6961=DIRECTION('',(0.,1.,0.));
#6962=DIRECTION('center_axis',(-1.,0.,0.));
#6963=DIRECTION('ref_axis',(0.,0.,-1.));
#6964=DIRECTION('',(0.,-1.,0.));
#6965=DIRECTION('',(0.,0.,1.));
#6966=DIRECTION('center_axis',(0.,-1.,0.));
#6967=DIRECTION('ref_axis',(0.,0.,-1.));
#6968=DIRECTION('',(0.,0.,1.));
#6969=DIRECTION('',(1.,0.,0.));
#6970=DIRECTION('',(0.,0.,-1.));
#6971=DIRECTION('',(1.,0.,0.));
#6972=DIRECTION('center_axis',(0.,1.,0.));
#6973=DIRECTION('ref_axis',(0.,0.,1.));
#6974=DIRECTION('',(0.,0.,-1.));
#6975=DIRECTION('',(-1.,0.,0.));
#6976=DIRECTION('',(0.,0.,1.));
#6977=DIRECTION('',(1.,0.,0.));
#6978=DIRECTION('center_axis',(-1.,0.,0.));
#6979=DIRECTION('ref_axis',(0.,0.,-1.));
#6980=DIRECTION('',(0.,-1.,0.));
#6981=DIRECTION('',(0.,0.,1.));
#6982=DIRECTION('',(0.,1.,0.));
#6983=DIRECTION('center_axis',(-1.,0.,0.));
#6984=DIRECTION('ref_axis',(0.,0.,-1.));
#6985=DIRECTION('',(0.,1.,0.));
#6986=DIRECTION('',(0.,0.,-1.));
#6987=DIRECTION('',(0.,-1.,0.));
#6988=DIRECTION('center_axis',(0.,0.,-1.));
#6989=DIRECTION('ref_axis',(0.,1.,0.));
#6990=DIRECTION('',(-1.,0.,0.));
#6991=DIRECTION('',(0.,1.,0.));
#6992=DIRECTION('center_axis',(0.,0.,-1.));
#6993=DIRECTION('ref_axis',(0.,1.,0.));
#6994=DIRECTION('',(0.,1.,0.));
#6995=DIRECTION('',(1.,0.,0.));
#6996=DIRECTION('center_axis',(0.,-1.,0.));
#6997=DIRECTION('ref_axis',(0.,0.,-1.));
#6998=DIRECTION('',(0.,0.,1.));
#6999=DIRECTION('',(1.,0.,0.));
#7000=DIRECTION('',(0.,0.,-1.));
#7001=DIRECTION('',(1.,0.,0.));
#7002=DIRECTION('center_axis',(0.,1.,0.));
#7003=DIRECTION('ref_axis',(0.,0.,1.));
#7004=DIRECTION('',(0.,0.,-1.));
#7005=DIRECTION('',(-1.,0.,0.));
#7006=DIRECTION('',(0.,0.,1.));
#7007=DIRECTION('',(1.,0.,0.));
#7008=DIRECTION('center_axis',(-1.,0.,0.));
#7009=DIRECTION('ref_axis',(0.,0.,-1.));
#7010=DIRECTION('',(0.,-1.,0.));
#7011=DIRECTION('',(0.,0.,1.));
#7012=DIRECTION('',(0.,1.,0.));
#7013=DIRECTION('center_axis',(-1.,0.,0.));
#7014=DIRECTION('ref_axis',(0.,0.,-1.));
#7015=DIRECTION('',(0.,1.,0.));
#7016=DIRECTION('',(0.,0.,-1.));
#7017=DIRECTION('',(0.,-1.,0.));
#7018=DIRECTION('center_axis',(0.,0.,-1.));
#7019=DIRECTION('ref_axis',(0.,1.,0.));
#7020=DIRECTION('',(-1.,0.,0.));
#7021=DIRECTION('',(0.,1.,0.));
#7022=DIRECTION('center_axis',(0.,0.,-1.));
#7023=DIRECTION('ref_axis',(0.,1.,0.));
#7024=DIRECTION('',(0.,1.,0.));
#7025=DIRECTION('',(1.,0.,0.));
#7026=DIRECTION('center_axis',(0.,-1.,0.));
#7027=DIRECTION('ref_axis',(0.,0.,-1.));
#7028=DIRECTION('',(0.,0.,-1.));
#7029=DIRECTION('',(-1.,0.,0.));
#7030=DIRECTION('',(0.,0.,-1.));
#7031=DIRECTION('',(1.,0.,0.));
#7032=DIRECTION('center_axis',(0.,1.,0.));
#7033=DIRECTION('ref_axis',(0.,0.,1.));
#7034=DIRECTION('',(0.,0.,1.));
#7035=DIRECTION('',(1.,0.,0.));
#7036=DIRECTION('',(0.,0.,1.));
#7037=DIRECTION('',(1.,0.,0.));
#7038=DIRECTION('center_axis',(-1.,0.,0.));
#7039=DIRECTION('ref_axis',(0.,0.,-1.));
#7040=DIRECTION('',(0.,-1.,0.));
#7041=DIRECTION('',(0.,0.,1.));
#7042=DIRECTION('',(0.,-1.,0.));
#7043=DIRECTION('center_axis',(0.,0.,1.));
#7044=DIRECTION('ref_axis',(0.,-1.,0.));
#7045=DIRECTION('',(0.,-1.,0.));
#7046=DIRECTION('',(1.,0.,0.));
#7047=DIRECTION('center_axis',(0.,-1.,0.));
#7048=DIRECTION('ref_axis',(0.,0.,-1.));
#7049=DIRECTION('',(0.,0.,-1.));
#7050=DIRECTION('',(-1.,0.,0.));
#7051=DIRECTION('',(0.,0.,-1.));
#7052=DIRECTION('',(1.,0.,0.));
#7053=DIRECTION('center_axis',(0.,1.,0.));
#7054=DIRECTION('ref_axis',(0.,0.,1.));
#7055=DIRECTION('',(0.,0.,1.));
#7056=DIRECTION('',(1.,0.,0.));
#7057=DIRECTION('',(0.,0.,1.));
#7058=DIRECTION('',(1.,0.,0.));
#7059=DIRECTION('center_axis',(-1.,0.,0.));
#7060=DIRECTION('ref_axis',(0.,0.,-1.));
#7061=DIRECTION('',(0.,-1.,0.));
#7062=DIRECTION('',(0.,0.,1.));
#7063=DIRECTION('',(0.,-1.,0.));
#7064=DIRECTION('center_axis',(0.,0.,1.));
#7065=DIRECTION('ref_axis',(0.,-1.,0.));
#7066=DIRECTION('',(0.,-1.,0.));
#7067=DIRECTION('',(1.,0.,0.));
#7068=DIRECTION('center_axis',(0.,1.,0.));
#7069=DIRECTION('ref_axis',(0.,0.,1.));
#7070=DIRECTION('',(0.,0.,1.));
#7071=DIRECTION('',(1.,0.,0.));
#7072=DIRECTION('',(0.,0.,1.));
#7073=DIRECTION('',(1.,0.,0.));
#7074=DIRECTION('center_axis',(0.,0.,1.));
#7075=DIRECTION('ref_axis',(0.,-1.,0.));
#7076=DIRECTION('',(0.,-1.,0.));
#7077=DIRECTION('',(-1.,0.,0.));
#7078=DIRECTION('',(0.,-1.,0.));
#7079=DIRECTION('center_axis',(-1.,0.,0.));
#7080=DIRECTION('ref_axis',(0.,0.,-1.));
#7081=DIRECTION('',(0.,-1.,0.));
#7082=DIRECTION('',(0.,0.,-1.));
#7083=DIRECTION('center_axis',(0.,-1.,0.));
#7084=DIRECTION('ref_axis',(0.,0.,-1.));
#7085=DIRECTION('',(0.,0.,-1.));
#7086=DIRECTION('',(-1.,0.,0.));
#7087=DIRECTION('',(0.,0.,-1.));
#7088=DIRECTION('',(1.,0.,0.));
#7089=DIRECTION('center_axis',(0.,1.,0.));
#7090=DIRECTION('ref_axis',(0.,0.,1.));
#7091=DIRECTION('',(0.,0.,1.));
#7092=DIRECTION('',(1.,0.,0.));
#7093=DIRECTION('',(0.,0.,1.));
#7094=DIRECTION('',(1.,0.,0.));
#7095=DIRECTION('center_axis',(-1.,0.,0.));
#7096=DIRECTION('ref_axis',(0.,0.,-1.));
#7097=DIRECTION('',(0.,-1.,0.));
#7098=DIRECTION('',(0.,-1.,0.));
#7099=DIRECTION('center_axis',(0.,0.,1.));
#7100=DIRECTION('ref_axis',(0.,-1.,0.));
#7101=DIRECTION('',(0.,-1.,0.));
#7102=DIRECTION('center_axis',(0.,-1.,0.));
#7103=DIRECTION('ref_axis',(0.,0.,-1.));
#7104=DIRECTION('',(0.,0.,-1.));
#7105=DIRECTION('',(-1.,0.,0.));
#7106=DIRECTION('',(0.,0.,-1.));
#7107=DIRECTION('',(1.,0.,0.));
#7108=DIRECTION('center_axis',(0.,1.,0.));
#7109=DIRECTION('ref_axis',(0.,0.,1.));
#7110=DIRECTION('',(0.,0.,1.));
#7111=DIRECTION('',(1.,0.,0.));
#7112=DIRECTION('',(0.,0.,1.));
#7113=DIRECTION('',(1.,0.,0.));
#7114=DIRECTION('center_axis',(-1.,0.,0.));
#7115=DIRECTION('ref_axis',(0.,0.,-1.));
#7116=DIRECTION('',(0.,-1.,0.));
#7117=DIRECTION('',(0.,-1.,0.));
#7118=DIRECTION('center_axis',(0.,0.,1.));
#7119=DIRECTION('ref_axis',(0.,-1.,0.));
#7120=DIRECTION('',(0.,-1.,0.));
#7121=DIRECTION('center_axis',(0.,-1.,0.));
#7122=DIRECTION('ref_axis',(0.,0.,-1.));
#7123=DIRECTION('',(0.,0.,1.));
#7124=DIRECTION('',(1.,0.,0.));
#7125=DIRECTION('center_axis',(0.,1.,0.));
#7126=DIRECTION('ref_axis',(0.,0.,1.));
#7127=DIRECTION('',(0.,0.,-1.));
#7128=DIRECTION('',(-1.,0.,0.));
#7129=DIRECTION('',(0.,0.,1.));
#7130=DIRECTION('',(1.,0.,0.));
#7131=DIRECTION('center_axis',(0.,-1.,0.));
#7132=DIRECTION('ref_axis',(0.,0.,-1.));
#7133=DIRECTION('',(0.,0.,1.));
#7134=DIRECTION('',(1.,0.,0.));
#7135=DIRECTION('center_axis',(0.,1.,0.));
#7136=DIRECTION('ref_axis',(0.,0.,1.));
#7137=DIRECTION('',(0.,0.,-1.));
#7138=DIRECTION('',(-1.,0.,0.));
#7139=DIRECTION('',(0.,0.,1.));
#7140=DIRECTION('',(1.,0.,0.));
#7141=DIRECTION('center_axis',(0.,-1.,0.));
#7142=DIRECTION('ref_axis',(0.,0.,-1.));
#7143=DIRECTION('',(0.,0.,1.));
#7144=DIRECTION('',(1.,0.,0.));
#7145=DIRECTION('',(0.,0.,-1.));
#7146=DIRECTION('',(1.,0.,0.));
#7147=DIRECTION('center_axis',(0.,1.,0.));
#7148=DIRECTION('ref_axis',(0.,0.,1.));
#7149=DIRECTION('',(0.,0.,-1.));
#7150=DIRECTION('',(1.,0.,0.));
#7151=DIRECTION('center_axis',(0.,0.,-1.));
#7152=DIRECTION('ref_axis',(0.,1.,0.));
#7153=DIRECTION('',(0.,1.,0.));
#7154=DIRECTION('',(-1.,0.,0.));
#7155=DIRECTION('',(0.,1.,0.));
#7156=DIRECTION('center_axis',(-1.,0.,0.));
#7157=DIRECTION('ref_axis',(0.,0.,-1.));
#7158=DIRECTION('',(0.,-1.,0.));
#7159=DIRECTION('',(0.,0.,1.));
#7160=DIRECTION('center_axis',(0.,-1.,0.));
#7161=DIRECTION('ref_axis',(0.,0.,-1.));
#7162=DIRECTION('',(0.,0.,1.));
#7163=DIRECTION('',(1.,0.,0.));
#7164=DIRECTION('',(0.,0.,-1.));
#7165=DIRECTION('',(1.,0.,0.));
#7166=DIRECTION('center_axis',(0.,1.,0.));
#7167=DIRECTION('ref_axis',(0.,0.,1.));
#7168=DIRECTION('',(0.,0.,-1.));
#7169=DIRECTION('',(1.,0.,0.));
#7170=DIRECTION('center_axis',(0.,0.,-1.));
#7171=DIRECTION('ref_axis',(0.,1.,0.));
#7172=DIRECTION('',(0.,1.,0.));
#7173=DIRECTION('',(-1.,0.,0.));
#7174=DIRECTION('',(0.,1.,0.));
#7175=DIRECTION('center_axis',(-1.,0.,0.));
#7176=DIRECTION('ref_axis',(0.,0.,-1.));
#7177=DIRECTION('',(0.,-1.,0.));
#7178=DIRECTION('',(0.,0.,1.));
#7179=DIRECTION('center_axis',(0.,1.,0.));
#7180=DIRECTION('ref_axis',(0.,0.,1.));
#7181=DIRECTION('',(0.,0.,-1.));
#7182=DIRECTION('',(1.,0.,0.));
#7183=DIRECTION('center_axis',(0.,-1.,0.));
#7184=DIRECTION('ref_axis',(0.,0.,-1.));
#7185=DIRECTION('',(0.,0.,-1.));
#7186=DIRECTION('',(-1.,0.,0.));
#7187=DIRECTION('',(0.,0.,-1.));
#7188=DIRECTION('',(1.,0.,0.));
#7189=DIRECTION('center_axis',(0.,1.,0.));
#7190=DIRECTION('ref_axis',(0.,0.,1.));
#7191=DIRECTION('',(0.,0.,1.));
#7192=DIRECTION('',(1.,0.,0.));
#7193=DIRECTION('center_axis',(-1.,0.,0.));
#7194=DIRECTION('ref_axis',(0.,0.,-1.));
#7195=DIRECTION('',(0.,-1.,0.));
#7196=DIRECTION('',(0.,0.,1.));
#7197=DIRECTION('',(0.,-1.,0.));
#7198=DIRECTION('center_axis',(0.,0.,1.));
#7199=DIRECTION('ref_axis',(0.,-1.,0.));
#7200=DIRECTION('',(0.,-1.,0.));
#7201=DIRECTION('',(1.,0.,0.));
#7202=DIRECTION('center_axis',(0.,-1.,0.));
#7203=DIRECTION('ref_axis',(0.,0.,-1.));
#7204=DIRECTION('',(0.,0.,-1.));
#7205=DIRECTION('',(-1.,0.,0.));
#7206=DIRECTION('',(0.,0.,-1.));
#7207=DIRECTION('',(1.,0.,0.));
#7208=DIRECTION('center_axis',(0.,1.,0.));
#7209=DIRECTION('ref_axis',(0.,0.,1.));
#7210=DIRECTION('',(0.,0.,1.));
#7211=DIRECTION('',(1.,0.,0.));
#7212=DIRECTION('center_axis',(-1.,0.,0.));
#7213=DIRECTION('ref_axis',(0.,0.,-1.));
#7214=DIRECTION('',(0.,-1.,0.));
#7215=DIRECTION('',(0.,0.,1.));
#7216=DIRECTION('',(0.,-1.,0.));
#7217=DIRECTION('center_axis',(0.,0.,1.));
#7218=DIRECTION('ref_axis',(0.,-1.,0.));
#7219=DIRECTION('',(0.,-1.,0.));
#7220=DIRECTION('',(1.,0.,0.));
#7221=DIRECTION('center_axis',(0.,-1.,0.));
#7222=DIRECTION('ref_axis',(0.,0.,-1.));
#7223=DIRECTION('',(0.,0.,-1.));
#7224=DIRECTION('',(1.,0.,0.));
#7225=DIRECTION('center_axis',(0.,1.,0.));
#7226=DIRECTION('ref_axis',(0.,0.,1.));
#7227=DIRECTION('',(0.,0.,1.));
#7228=DIRECTION('',(1.,0.,0.));
#7229=DIRECTION('center_axis',(0.,-1.,0.));
#7230=DIRECTION('ref_axis',(0.,0.,-1.));
#7231=DIRECTION('',(0.,0.,-1.));
#7232=DIRECTION('',(-1.,0.,0.));
#7233=DIRECTION('',(0.,0.,-1.));
#7234=DIRECTION('',(1.,0.,0.));
#7235=DIRECTION('center_axis',(0.,1.,0.));
#7236=DIRECTION('ref_axis',(0.,0.,1.));
#7237=DIRECTION('',(0.,0.,1.));
#7238=DIRECTION('',(1.,0.,0.));
#7239=DIRECTION('center_axis',(-1.,0.,0.));
#7240=DIRECTION('ref_axis',(0.,0.,-1.));
#7241=DIRECTION('',(0.,-1.,0.));
#7242=DIRECTION('',(0.,-1.,0.));
#7243=DIRECTION('center_axis',(0.,0.,1.));
#7244=DIRECTION('ref_axis',(0.,-1.,0.));
#7245=DIRECTION('',(0.,-1.,0.));
#7246=DIRECTION('center_axis',(0.,-1.,0.));
#7247=DIRECTION('ref_axis',(0.,0.,-1.));
#7248=DIRECTION('',(0.,0.,-1.));
#7249=DIRECTION('',(-1.,0.,0.));
#7250=DIRECTION('',(0.,0.,-1.));
#7251=DIRECTION('',(1.,0.,0.));
#7252=DIRECTION('center_axis',(0.,1.,0.));
#7253=DIRECTION('ref_axis',(0.,0.,1.));
#7254=DIRECTION('',(0.,0.,1.));
#7255=DIRECTION('',(1.,0.,0.));
#7256=DIRECTION('',(0.,0.,1.));
#7257=DIRECTION('',(1.,0.,0.));
#7258=DIRECTION('center_axis',(-1.,0.,0.));
#7259=DIRECTION('ref_axis',(0.,0.,-1.));
#7260=DIRECTION('',(0.,-1.,0.));
#7261=DIRECTION('',(0.,-1.,0.));
#7262=DIRECTION('center_axis',(0.,0.,1.));
#7263=DIRECTION('ref_axis',(0.,-1.,0.));
#7264=DIRECTION('',(0.,-1.,0.));
#7265=DIRECTION('center_axis',(0.,-1.,0.));
#7266=DIRECTION('ref_axis',(0.,0.,-1.));
#7267=DIRECTION('',(0.,0.,1.));
#7268=DIRECTION('',(1.,0.,0.));
#7269=DIRECTION('',(0.,0.,-1.));
#7270=DIRECTION('',(1.,0.,0.));
#7271=DIRECTION('center_axis',(0.,1.,0.));
#7272=DIRECTION('ref_axis',(0.,0.,1.));
#7273=DIRECTION('',(0.,0.,-1.));
#7274=DIRECTION('',(1.,0.,0.));
#7275=DIRECTION('center_axis',(-1.,0.,0.));
#7276=DIRECTION('ref_axis',(0.,0.,-1.));
#7277=DIRECTION('',(0.,1.,0.));
#7278=DIRECTION('',(0.,-1.,0.));
#7279=DIRECTION('center_axis',(-1.,0.,0.));
#7280=DIRECTION('ref_axis',(0.,0.,-1.));
#7281=DIRECTION('',(0.,1.,0.));
#7282=DIRECTION('',(0.,0.,-1.));
#7283=DIRECTION('',(0.,-1.,0.));
#7284=DIRECTION('center_axis',(0.,0.,-1.));
#7285=DIRECTION('ref_axis',(0.,1.,0.));
#7286=DIRECTION('',(0.,1.,0.));
#7287=DIRECTION('center_axis',(0.,0.,-1.));
#7288=DIRECTION('ref_axis',(0.,1.,0.));
#7289=DIRECTION('',(0.,1.,0.));
#7290=DIRECTION('',(1.,0.,0.));
#7291=DIRECTION('center_axis',(0.,-1.,0.));
#7292=DIRECTION('ref_axis',(0.,0.,-1.));
#7293=DIRECTION('',(0.,0.,1.));
#7294=DIRECTION('',(1.,0.,0.));
#7295=DIRECTION('center_axis',(0.,1.,0.));
#7296=DIRECTION('ref_axis',(0.,0.,1.));
#7297=DIRECTION('',(0.,0.,-1.));
#7298=DIRECTION('',(1.,0.,0.));
#7299=DIRECTION('center_axis',(0.,1.,-5.92118922938059E-16));
#7300=DIRECTION('ref_axis',(0.,-5.92118922938059E-16,-1.));
#7301=DIRECTION('',(0.,-5.92118922938059E-16,-1.));
#7302=DIRECTION('',(-1.,0.,0.));
#7303=DIRECTION('',(0.,-5.92118922938059E-16,-1.));
#7304=DIRECTION('',(-1.,0.,0.));
#7305=DIRECTION('center_axis',(0.,0.,-1.));
#7306=DIRECTION('ref_axis',(0.,-1.,0.));
#7307=DIRECTION('',(0.,-1.,0.));
#7308=DIRECTION('',(1.,0.,0.));
#7309=DIRECTION('',(0.,-1.,0.));
#7310=DIRECTION('center_axis',(0.,1.,-5.9211892293806E-16));
#7311=DIRECTION('ref_axis',(0.,-5.9211892293806E-16,-1.));
#7312=DIRECTION('',(0.,-5.9211892293806E-16,-1.));
#7313=DIRECTION('',(-1.,0.,0.));
#7314=DIRECTION('',(0.,-5.9211892293806E-16,-1.));
#7315=DIRECTION('',(-1.,0.,0.));
#7316=DIRECTION('center_axis',(0.,-1.,5.9211892293806E-16));
#7317=DIRECTION('ref_axis',(0.,5.9211892293806E-16,1.));
#7318=DIRECTION('',(0.,5.9211892293806E-16,1.));
#7319=DIRECTION('',(1.,0.,0.));
#7320=DIRECTION('',(0.,5.9211892293806E-16,1.));
#7321=DIRECTION('',(-1.,0.,0.));
#7322=DIRECTION('center_axis',(0.,0.,-1.));
#7323=DIRECTION('ref_axis',(0.,-1.,0.));
#7324=DIRECTION('',(0.,-1.,0.));
#7325=DIRECTION('',(1.,0.,0.));
#7326=DIRECTION('',(0.,-1.,0.));
#7327=DIRECTION('center_axis',(1.,0.,0.));
#7328=DIRECTION('ref_axis',(0.,0.,1.));
#7329=DIRECTION('',(0.,-1.,0.));
#7330=DIRECTION('',(0.,5.9211892293806E-16,1.));
#7331=DIRECTION('center_axis',(0.,1.,-2.9605946146903E-16));
#7332=DIRECTION('ref_axis',(0.,-2.9605946146903E-16,-1.));
#7333=DIRECTION('',(0.,-2.9605946146903E-16,-1.));
#7334=DIRECTION('',(-1.,0.,0.));
#7335=DIRECTION('',(0.,-2.9605946146903E-16,-1.));
#7336=DIRECTION('',(-1.,0.,0.));
#7337=DIRECTION('center_axis',(0.,-1.,2.9605946146903E-16));
#7338=DIRECTION('ref_axis',(0.,2.9605946146903E-16,1.));
#7339=DIRECTION('',(0.,2.9605946146903E-16,1.));
#7340=DIRECTION('',(1.,0.,0.));
#7341=DIRECTION('',(0.,2.9605946146903E-16,1.));
#7342=DIRECTION('',(-1.,0.,0.));
#7343=DIRECTION('center_axis',(1.,0.,0.));
#7344=DIRECTION('ref_axis',(0.,0.,1.));
#7345=DIRECTION('',(0.,-1.,0.));
#7346=DIRECTION('',(0.,2.9605946146903E-16,1.));
#7347=DIRECTION('',(0.,-1.,0.));
#7348=DIRECTION('center_axis',(1.,0.,0.));
#7349=DIRECTION('ref_axis',(0.,0.,1.));
#7350=DIRECTION('',(0.,-1.,0.));
#7351=DIRECTION('',(0.,-2.9605946146903E-16,-1.));
#7352=DIRECTION('',(0.,-1.,0.));
#7353=DIRECTION('center_axis',(0.,0.,-1.));
#7354=DIRECTION('ref_axis',(0.,-1.,0.));
#7355=DIRECTION('',(1.,0.,0.));
#7356=DIRECTION('',(0.,-1.,0.));
#7357=DIRECTION('center_axis',(0.,0.,-1.));
#7358=DIRECTION('ref_axis',(0.,-1.,0.));
#7359=DIRECTION('',(0.,-1.,0.));
#7360=DIRECTION('',(-1.,0.,0.));
#7361=DIRECTION('center_axis',(0.,-1.,0.));
#7362=DIRECTION('ref_axis',(0.,0.,1.));
#7363=DIRECTION('',(0.,0.,-1.));
#7364=DIRECTION('',(-1.,0.,0.));
#7365=DIRECTION('',(0.,0.,1.));
#7366=DIRECTION('',(-1.,0.,0.));
#7367=DIRECTION('center_axis',(0.,1.,0.));
#7368=DIRECTION('ref_axis',(0.,0.,-1.));
#7369=DIRECTION('',(0.,0.,1.));
#7370=DIRECTION('',(1.,0.,0.));
#7371=DIRECTION('',(0.,0.,-1.));
#7372=DIRECTION('',(-1.,0.,0.));
#7373=DIRECTION('center_axis',(1.,0.,0.));
#7374=DIRECTION('ref_axis',(0.,0.,1.));
#7375=DIRECTION('',(0.,-1.,0.));
#7376=DIRECTION('',(0.,0.,-1.));
#7377=DIRECTION('',(0.,1.,0.));
#7378=DIRECTION('center_axis',(1.,0.,0.));
#7379=DIRECTION('ref_axis',(0.,0.,1.));
#7380=DIRECTION('',(0.,1.,0.));
#7381=DIRECTION('',(0.,0.,1.));
#7382=DIRECTION('',(0.,-1.,0.));
#7383=DIRECTION('center_axis',(0.,0.,1.));
#7384=DIRECTION('ref_axis',(0.,1.,0.));
#7385=DIRECTION('',(1.,0.,0.));
#7386=DIRECTION('',(0.,1.,0.));
#7387=DIRECTION('center_axis',(0.,0.,1.));
#7388=DIRECTION('ref_axis',(0.,1.,0.));
#7389=DIRECTION('',(0.,1.,0.));
#7390=DIRECTION('',(-1.,0.,0.));
#7391=DIRECTION('center_axis',(0.,-1.,0.));
#7392=DIRECTION('ref_axis',(0.,0.,1.));
#7393=DIRECTION('',(0.,0.,-1.));
#7394=DIRECTION('',(-1.,0.,0.));
#7395=DIRECTION('',(0.,0.,1.));
#7396=DIRECTION('',(-1.,0.,0.));
#7397=DIRECTION('center_axis',(0.,1.,0.));
#7398=DIRECTION('ref_axis',(0.,0.,-1.));
#7399=DIRECTION('',(0.,0.,1.));
#7400=DIRECTION('',(1.,0.,0.));
#7401=DIRECTION('',(0.,0.,-1.));
#7402=DIRECTION('',(-1.,0.,0.));
#7403=DIRECTION('center_axis',(1.,0.,0.));
#7404=DIRECTION('ref_axis',(0.,0.,1.));
#7405=DIRECTION('',(0.,-1.,0.));
#7406=DIRECTION('',(0.,0.,-1.));
#7407=DIRECTION('',(0.,1.,0.));
#7408=DIRECTION('center_axis',(1.,0.,0.));
#7409=DIRECTION('ref_axis',(0.,0.,1.));
#7410=DIRECTION('',(0.,1.,0.));
#7411=DIRECTION('',(0.,0.,1.));
#7412=DIRECTION('',(0.,-1.,0.));
#7413=DIRECTION('center_axis',(0.,0.,1.));
#7414=DIRECTION('ref_axis',(0.,1.,0.));
#7415=DIRECTION('',(1.,0.,0.));
#7416=DIRECTION('',(0.,1.,0.));
#7417=DIRECTION('center_axis',(0.,0.,1.));
#7418=DIRECTION('ref_axis',(0.,1.,0.));
#7419=DIRECTION('',(0.,1.,0.));
#7420=DIRECTION('',(-1.,0.,0.));
#7421=DIRECTION('center_axis',(0.,1.,0.));
#7422=DIRECTION('ref_axis',(0.,0.,-1.));
#7423=DIRECTION('',(0.,0.,1.));
#7424=DIRECTION('',(1.,0.,0.));
#7425=DIRECTION('',(0.,0.,-1.));
#7426=DIRECTION('',(-1.,0.,0.));
#7427=DIRECTION('center_axis',(1.,0.,0.));
#7428=DIRECTION('ref_axis',(0.,0.,1.));
#7429=DIRECTION('',(0.,1.,0.));
#7430=DIRECTION('',(0.,0.,1.));
#7431=DIRECTION('',(0.,-1.,0.));
#7432=DIRECTION('center_axis',(0.,-1.,0.));
#7433=DIRECTION('ref_axis',(0.,0.,1.));
#7434=DIRECTION('',(0.,0.,-1.));
#7435=DIRECTION('',(-1.,0.,0.));
#7436=DIRECTION('center_axis',(0.,1.,0.));
#7437=DIRECTION('ref_axis',(0.,0.,-1.));
#7438=DIRECTION('',(0.,0.,1.));
#7439=DIRECTION('',(1.,0.,0.));
#7440=DIRECTION('',(0.,0.,-1.));
#7441=DIRECTION('',(-1.,0.,0.));
#7442=DIRECTION('center_axis',(0.,-1.,0.));
#7443=DIRECTION('ref_axis',(0.,0.,1.));
#7444=DIRECTION('',(0.,0.,-1.));
#7445=DIRECTION('',(-1.,0.,0.));
#7446=DIRECTION('center_axis',(0.,1.,0.));
#7447=DIRECTION('ref_axis',(0.,0.,-1.));
#7448=DIRECTION('',(0.,0.,1.));
#7449=DIRECTION('',(1.,0.,0.));
#7450=DIRECTION('',(0.,0.,-1.));
#7451=DIRECTION('',(-1.,0.,0.));
#7452=DIRECTION('center_axis',(0.,1.,-2.9605946146903E-16));
#7453=DIRECTION('ref_axis',(0.,-2.9605946146903E-16,-1.));
#7454=DIRECTION('',(0.,-2.9605946146903E-16,-1.));
#7455=DIRECTION('',(-1.,0.,0.));
#7456=DIRECTION('center_axis',(0.,-1.,2.96059461469029E-16));
#7457=DIRECTION('ref_axis',(0.,2.96059461469029E-16,1.));
#7458=DIRECTION('',(0.,2.96059461469029E-16,1.));
#7459=DIRECTION('',(1.,0.,0.));
#7460=DIRECTION('',(0.,2.96059461469029E-16,1.));
#7461=DIRECTION('',(-1.,0.,0.));
#7462=DIRECTION('center_axis',(0.,-1.,5.9211892293806E-16));
#7463=DIRECTION('ref_axis',(0.,5.9211892293806E-16,1.));
#7464=DIRECTION('',(0.,5.9211892293806E-16,1.));
#7465=DIRECTION('',(1.,0.,0.));
#7466=DIRECTION('',(0.,5.9211892293806E-16,1.));
#7467=DIRECTION('',(-1.,0.,0.));
#7468=DIRECTION('center_axis',(0.,1.,-5.9211892293806E-16));
#7469=DIRECTION('ref_axis',(0.,-5.9211892293806E-16,-1.));
#7470=DIRECTION('',(0.,-5.9211892293806E-16,-1.));
#7471=DIRECTION('',(-1.,0.,0.));
#7472=DIRECTION('',(0.,-5.9211892293806E-16,-1.));
#7473=DIRECTION('',(-1.,0.,0.));
#7474=DIRECTION('center_axis',(1.,0.,0.));
#7475=DIRECTION('ref_axis',(0.,0.,1.));
#7476=DIRECTION('',(0.,-1.,0.));
#7477=DIRECTION('',(0.,-5.9211892293806E-16,-1.));
#7478=DIRECTION('',(0.,-1.,0.));
#7479=DIRECTION('center_axis',(0.,0.,-1.));
#7480=DIRECTION('ref_axis',(0.,-1.,0.));
#7481=DIRECTION('',(0.,-1.,0.));
#7482=DIRECTION('',(-1.,0.,0.));
#7483=DIRECTION('center_axis',(0.,1.,-5.92118922938059E-16));
#7484=DIRECTION('ref_axis',(0.,-5.92118922938059E-16,-1.));
#7485=DIRECTION('',(0.,-5.92118922938059E-16,-1.));
#7486=DIRECTION('',(-1.,0.,0.));
#7487=DIRECTION('',(0.,-5.92118922938059E-16,-1.));
#7488=DIRECTION('',(-1.,0.,0.));
#7489=DIRECTION('center_axis',(0.,-1.,5.92118922938059E-16));
#7490=DIRECTION('ref_axis',(0.,5.92118922938059E-16,1.));
#7491=DIRECTION('',(0.,5.92118922938059E-16,1.));
#7492=DIRECTION('',(0.,5.92118922938059E-16,1.));
#7493=DIRECTION('',(-1.,0.,0.));
#7494=DIRECTION('center_axis',(0.,0.,-1.));
#7495=DIRECTION('ref_axis',(0.,-1.,0.));
#7496=DIRECTION('',(0.,-1.,0.));
#7497=DIRECTION('',(1.,0.,0.));
#7498=DIRECTION('',(0.,-1.,0.));
#7499=DIRECTION('center_axis',(1.,0.,0.));
#7500=DIRECTION('ref_axis',(0.,0.,1.));
#7501=DIRECTION('',(0.,-1.,0.));
#7502=DIRECTION('',(0.,5.92118922938059E-16,1.));
#7503=DIRECTION('center_axis',(0.,1.,-2.96059461469029E-16));
#7504=DIRECTION('ref_axis',(0.,-2.96059461469029E-16,-1.));
#7505=DIRECTION('',(0.,-2.96059461469029E-16,-1.));
#7506=DIRECTION('',(-1.,0.,0.));
#7507=DIRECTION('',(0.,-2.96059461469029E-16,-1.));
#7508=DIRECTION('',(-1.,0.,0.));
#7509=DIRECTION('center_axis',(0.,-1.,5.9211892293806E-16));
#7510=DIRECTION('ref_axis',(0.,5.9211892293806E-16,1.));
#7511=DIRECTION('',(0.,5.9211892293806E-16,1.));
#7512=DIRECTION('',(-1.,0.,0.));
#7513=DIRECTION('center_axis',(0.,0.,-1.));
#7514=DIRECTION('ref_axis',(0.,-1.,0.));
#7515=DIRECTION('',(0.,-1.,0.));
#7516=DIRECTION('',(1.,0.,0.));
#7517=DIRECTION('',(0.,-1.,0.));
#7518=DIRECTION('center_axis',(1.,0.,0.));
#7519=DIRECTION('ref_axis',(0.,0.,1.));
#7520=DIRECTION('',(0.,-1.,0.));
#7521=DIRECTION('',(0.,2.96059461469029E-16,1.));
#7522=DIRECTION('center_axis',(0.,1.,-2.9605946146903E-16));
#7523=DIRECTION('ref_axis',(0.,-2.9605946146903E-16,-1.));
#7524=DIRECTION('',(0.,-2.9605946146903E-16,-1.));
#7525=DIRECTION('',(-1.,0.,0.));
#7526=DIRECTION('',(0.,-2.9605946146903E-16,-1.));
#7527=DIRECTION('',(-1.,0.,0.));
#7528=DIRECTION('center_axis',(0.,-1.,2.9605946146903E-16));
#7529=DIRECTION('ref_axis',(0.,2.9605946146903E-16,1.));
#7530=DIRECTION('',(0.,2.9605946146903E-16,1.));
#7531=DIRECTION('',(-1.,0.,0.));
#7532=DIRECTION('center_axis',(1.,0.,0.));
#7533=DIRECTION('ref_axis',(0.,0.,1.));
#7534=DIRECTION('',(0.,-1.,0.));
#7535=DIRECTION('',(0.,0.,-1.));
#7536=DIRECTION('',(0.,-1.,0.));
#7537=DIRECTION('center_axis',(1.,0.,0.));
#7538=DIRECTION('ref_axis',(0.,0.,1.));
#7539=DIRECTION('',(0.,-1.,0.));
#7540=DIRECTION('',(0.,-2.96059461469029E-16,-1.));
#7541=DIRECTION('',(0.,-1.,0.));
#7542=DIRECTION('center_axis',(0.,0.,-1.));
#7543=DIRECTION('ref_axis',(0.,-1.,0.));
#7544=DIRECTION('',(-1.,0.,0.));
#7545=DIRECTION('',(0.,-1.,0.));
#7546=DIRECTION('center_axis',(0.,0.,-1.));
#7547=DIRECTION('ref_axis',(0.,-1.,0.));
#7548=DIRECTION('',(0.,-1.,0.));
#7549=DIRECTION('',(-1.,0.,0.));
#7550=DIRECTION('center_axis',(0.,-1.,0.));
#7551=DIRECTION('ref_axis',(0.,0.,1.));
#7552=DIRECTION('',(0.,0.,-1.));
#7553=DIRECTION('',(-1.,0.,0.));
#7554=DIRECTION('',(0.,0.,1.));
#7555=DIRECTION('',(-1.,0.,0.));
#7556=DIRECTION('center_axis',(0.,1.,0.));
#7557=DIRECTION('ref_axis',(0.,0.,-1.));
#7558=DIRECTION('',(0.,0.,1.));
#7559=DIRECTION('',(-1.,0.,0.));
#7560=DIRECTION('center_axis',(0.,0.,1.));
#7561=DIRECTION('ref_axis',(0.,1.,0.));
#7562=DIRECTION('',(0.,1.,0.));
#7563=DIRECTION('',(1.,0.,0.));
#7564=DIRECTION('',(0.,1.,0.));
#7565=DIRECTION('center_axis',(1.,0.,0.));
#7566=DIRECTION('ref_axis',(0.,0.,1.));
#7567=DIRECTION('',(0.,-1.,0.));
#7568=DIRECTION('',(0.,0.,-1.));
#7569=DIRECTION('center_axis',(0.,-1.,0.));
#7570=DIRECTION('ref_axis',(0.,0.,1.));
#7571=DIRECTION('',(0.,0.,-1.));
#7572=DIRECTION('',(-1.,0.,0.));
#7573=DIRECTION('',(0.,0.,1.));
#7574=DIRECTION('',(-1.,0.,0.));
#7575=DIRECTION('center_axis',(0.,1.,0.));
#7576=DIRECTION('ref_axis',(0.,0.,-1.));
#7577=DIRECTION('',(0.,0.,1.));
#7578=DIRECTION('',(-1.,0.,0.));
#7579=DIRECTION('center_axis',(0.,0.,1.));
#7580=DIRECTION('ref_axis',(0.,1.,0.));
#7581=DIRECTION('',(0.,1.,0.));
#7582=DIRECTION('',(1.,0.,0.));
#7583=DIRECTION('',(0.,1.,0.));
#7584=DIRECTION('center_axis',(1.,0.,0.));
#7585=DIRECTION('ref_axis',(0.,0.,1.));
#7586=DIRECTION('',(0.,-1.,0.));
#7587=DIRECTION('',(0.,0.,-1.));
#7588=DIRECTION('center_axis',(0.,-1.,0.));
#7589=DIRECTION('ref_axis',(0.,0.,1.));
#7590=DIRECTION('',(0.,0.,-1.));
#7591=DIRECTION('',(-1.,0.,0.));
#7592=DIRECTION('',(-1.,0.,0.));
#7593=DIRECTION('center_axis',(0.,1.,0.));
#7594=DIRECTION('ref_axis',(0.,0.,-1.));
#7595=DIRECTION('',(0.,0.,1.));
#7596=DIRECTION('',(-1.,0.,0.));
#7597=DIRECTION('center_axis',(0.,0.,1.));
#7598=DIRECTION('ref_axis',(0.,1.,0.));
#7599=DIRECTION('',(0.,1.,0.));
#7600=DIRECTION('center_axis',(0.,-1.,0.));
#7601=DIRECTION('ref_axis',(0.,0.,1.));
#7602=DIRECTION('',(0.,0.,-1.));
#7603=DIRECTION('',(-1.,0.,0.));
#7604=DIRECTION('',(0.,0.,1.));
#7605=DIRECTION('',(-1.,0.,0.));
#7606=DIRECTION('center_axis',(0.,1.,0.));
#7607=DIRECTION('ref_axis',(0.,0.,-1.));
#7608=DIRECTION('',(0.,0.,1.));
#7609=DIRECTION('',(-1.,0.,0.));
#7610=DIRECTION('center_axis',(1.,0.,0.));
#7611=DIRECTION('ref_axis',(0.,0.,1.));
#7612=DIRECTION('',(0.,1.,0.));
#7613=DIRECTION('',(0.,-1.,0.));
#7614=DIRECTION('center_axis',(1.,0.,0.));
#7615=DIRECTION('ref_axis',(0.,0.,1.));
#7616=DIRECTION('',(0.,1.,0.));
#7617=DIRECTION('',(0.,0.,1.));
#7618=DIRECTION('',(0.,-1.,0.));
#7619=DIRECTION('center_axis',(0.,0.,1.));
#7620=DIRECTION('ref_axis',(0.,1.,0.));
#7621=DIRECTION('',(0.,1.,0.));
#7622=DIRECTION('center_axis',(0.,0.,1.));
#7623=DIRECTION('ref_axis',(0.,1.,0.));
#7624=DIRECTION('',(0.,1.,0.));
#7625=DIRECTION('',(-1.,0.,0.));
#7626=DIRECTION('center_axis',(0.,-1.,0.));
#7627=DIRECTION('ref_axis',(0.,0.,1.));
#7628=DIRECTION('',(0.,0.,-1.));
#7629=DIRECTION('',(-1.,0.,0.));
#7630=DIRECTION('center_axis',(0.,1.,0.));
#7631=DIRECTION('ref_axis',(0.,0.,-1.));
#7632=DIRECTION('',(0.,0.,1.));
#7633=DIRECTION('',(1.,0.,0.));
#7634=DIRECTION('',(0.,0.,-1.));
#7635=DIRECTION('',(-1.,0.,0.));
#7636=DIRECTION('center_axis',(0.,1.,-2.96059461469029E-16));
#7637=DIRECTION('ref_axis',(0.,-2.96059461469029E-16,-1.));
#7638=DIRECTION('',(0.,-2.96059461469029E-16,-1.));
#7639=DIRECTION('',(-1.,0.,0.));
#7640=DIRECTION('center_axis',(0.,-1.,2.96059461469029E-16));
#7641=DIRECTION('ref_axis',(0.,2.96059461469029E-16,1.));
#7642=DIRECTION('',(0.,2.96059461469029E-16,1.));
#7643=DIRECTION('',(-1.,0.,0.));
#7644=DIRECTION('center_axis',(0.,-1.,5.92118922938059E-16));
#7645=DIRECTION('ref_axis',(0.,5.92118922938059E-16,1.));
#7646=DIRECTION('',(0.,5.92118922938059E-16,1.));
#7647=DIRECTION('',(-1.,0.,0.));
#7648=DIRECTION('center_axis',(0.,1.,-5.9211892293806E-16));
#7649=DIRECTION('ref_axis',(0.,-5.9211892293806E-16,-1.));
#7650=DIRECTION('',(0.,-5.9211892293806E-16,-1.));
#7651=DIRECTION('',(-1.,0.,0.));
#7652=DIRECTION('center_axis',(1.,0.,0.));
#7653=DIRECTION('ref_axis',(0.,0.,1.));
#7654=DIRECTION('',(0.,-1.,0.));
#7655=DIRECTION('center_axis',(-1.,0.,0.));
#7656=DIRECTION('ref_axis',(0.,0.,-1.));
#7657=DIRECTION('',(0.,1.,0.));
#7658=DIRECTION('',(0.,0.,1.));
#7659=DIRECTION('',(0.,-1.,0.));
#7660=DIRECTION('',(0.,0.,-1.));
#7661=DIRECTION('center_axis',(-1.,0.,0.));
#7662=DIRECTION('ref_axis',(0.,0.,-1.));
#7663=DIRECTION('',(0.,1.,0.));
#7664=DIRECTION('',(0.,0.,1.));
#7665=DIRECTION('',(0.,-1.,0.));
#7666=DIRECTION('center_axis',(-1.,0.,0.));
#7667=DIRECTION('ref_axis',(0.,0.,-1.));
#7668=DIRECTION('',(0.,-1.,0.));
#7669=DIRECTION('',(0.,0.,-1.));
#7670=DIRECTION('',(0.,1.,0.));
#7671=DIRECTION('',(0.,0.,1.));
#7672=DIRECTION('center_axis',(-1.,0.,0.));
#7673=DIRECTION('ref_axis',(0.,0.,-1.));
#7674=DIRECTION('',(0.,1.,0.));
#7675=DIRECTION('',(0.,0.,1.));
#7676=DIRECTION('',(0.,-1.,0.));
#7677=DIRECTION('',(0.,0.,-1.));
#7678=DIRECTION('center_axis',(-1.,0.,0.));
#7679=DIRECTION('ref_axis',(0.,0.,-1.));
#7680=DIRECTION('',(0.,-1.,0.));
#7681=DIRECTION('',(0.,0.,-1.));
#7682=DIRECTION('',(0.,1.,0.));
#7683=DIRECTION('',(0.,0.,1.));
#7684=DIRECTION('center_axis',(-1.,0.,0.));
#7685=DIRECTION('ref_axis',(0.,0.,-1.));
#7686=DIRECTION('',(0.,1.,0.));
#7687=DIRECTION('',(0.,0.,1.));
#7688=DIRECTION('',(0.,-1.,0.));
#7689=DIRECTION('',(0.,0.,-1.));
#7690=DIRECTION('center_axis',(-1.,0.,0.));
#7691=DIRECTION('ref_axis',(0.,0.,-1.));
#7692=DIRECTION('',(0.,1.,0.));
#7693=DIRECTION('',(0.,0.,1.));
#7694=DIRECTION('',(0.,-1.,0.));
#7695=DIRECTION('',(0.,0.,-1.));
#7696=DIRECTION('center_axis',(-1.,0.,0.));
#7697=DIRECTION('ref_axis',(0.,0.,-1.));
#7698=DIRECTION('',(0.,1.,0.));
#7699=DIRECTION('',(0.,0.,1.));
#7700=DIRECTION('',(0.,-1.,0.));
#7701=DIRECTION('',(0.,0.,-1.));
#7702=DIRECTION('center_axis',(-1.,0.,0.));
#7703=DIRECTION('ref_axis',(0.,0.,-1.));
#7704=DIRECTION('',(0.,-1.,0.));
#7705=DIRECTION('',(0.,0.,1.));
#7706=DIRECTION('',(0.,-1.,0.));
#7707=DIRECTION('center_axis',(-1.,0.,0.));
#7708=DIRECTION('ref_axis',(0.,0.,-1.));
#7709=DIRECTION('',(0.,1.,0.));
#7710=DIRECTION('',(0.,0.,1.));
#7711=DIRECTION('',(0.,-1.,0.));
#7712=DIRECTION('',(0.,0.,-1.));
#7713=DIRECTION('center_axis',(-1.,0.,0.));
#7714=DIRECTION('ref_axis',(0.,0.,-1.));
#7715=DIRECTION('',(0.,-1.,0.));
#7716=DIRECTION('',(0.,0.,-1.));
#7717=DIRECTION('',(0.,1.,0.));
#7718=DIRECTION('',(0.,0.,1.));
#7719=DIRECTION('center_axis',(-1.,0.,0.));
#7720=DIRECTION('ref_axis',(0.,0.,-1.));
#7721=DIRECTION('',(0.,1.,0.));
#7722=DIRECTION('',(0.,0.,1.));
#7723=DIRECTION('',(0.,-1.,0.));
#7724=DIRECTION('',(0.,0.,-1.));
#7725=DIRECTION('center_axis',(-1.,0.,0.));
#7726=DIRECTION('ref_axis',(0.,0.,-1.));
#7727=DIRECTION('',(0.,-1.,0.));
#7728=DIRECTION('',(0.,0.,-1.));
#7729=DIRECTION('',(0.,1.,0.));
#7730=DIRECTION('',(0.,0.,1.));
#7731=DIRECTION('center_axis',(1.,0.,0.));
#7732=DIRECTION('ref_axis',(0.,0.,1.));
#7733=DIRECTION('',(0.,0.,-1.));
#7734=DIRECTION('',(0.,-1.,0.));
#7735=DIRECTION('',(0.,0.,1.));
#7736=DIRECTION('',(0.,-1.,0.));
#7737=DIRECTION('center_axis',(-1.,0.,0.));
#7738=DIRECTION('ref_axis',(0.,0.,-1.));
#7739=DIRECTION('',(0.,-1.,0.));
#7740=DIRECTION('',(0.,0.,-1.));
#7741=DIRECTION('',(0.,1.,0.));
#7742=DIRECTION('',(0.,0.,1.));
#7743=DIRECTION('center_axis',(0.,-1.,0.));
#7744=DIRECTION('ref_axis',(0.,0.,-1.));
#7745=DIRECTION('',(-1.,0.,0.));
#7746=DIRECTION('',(0.,0.,-1.));
#7747=DIRECTION('',(1.,0.,0.));
#7748=DIRECTION('center_axis',(0.,-1.,0.));
#7749=DIRECTION('ref_axis',(0.,0.,-1.));
#7750=DIRECTION('',(-1.,0.,0.));
#7751=DIRECTION('',(0.,0.,-1.));
#7752=DIRECTION('',(1.,0.,0.));
#7753=DIRECTION('center_axis',(0.,-1.,0.));
#7754=DIRECTION('ref_axis',(0.,0.,-1.));
#7755=DIRECTION('',(-1.,0.,0.));
#7756=DIRECTION('',(0.,0.,-1.));
#7757=DIRECTION('',(1.,0.,0.));
#7758=DIRECTION('center_axis',(0.,-1.,0.));
#7759=DIRECTION('ref_axis',(0.,0.,-1.));
#7760=DIRECTION('',(-1.,0.,0.));
#7761=DIRECTION('',(0.,0.,-1.));
#7762=DIRECTION('',(1.,0.,0.));
#7763=DIRECTION('center_axis',(0.,-1.,0.));
#7764=DIRECTION('ref_axis',(0.,0.,-1.));
#7765=DIRECTION('',(-1.,0.,0.));
#7766=DIRECTION('',(0.,0.,-1.));
#7767=DIRECTION('',(1.,0.,0.));
#7768=DIRECTION('center_axis',(0.,-1.,0.));
#7769=DIRECTION('ref_axis',(0.,0.,-1.));
#7770=DIRECTION('',(1.,0.,0.));
#7771=DIRECTION('',(0.,0.,1.));
#7772=DIRECTION('',(-1.,0.,0.));
#7773=DIRECTION('center_axis',(0.,-1.,0.));
#7774=DIRECTION('ref_axis',(0.,0.,-1.));
#7775=DIRECTION('',(-1.,0.,0.));
#7776=DIRECTION('',(0.,0.,-1.));
#7777=DIRECTION('',(1.,0.,0.));
#7778=DIRECTION('center_axis',(0.,-1.,0.));
#7779=DIRECTION('ref_axis',(0.,0.,-1.));
#7780=DIRECTION('',(-1.,0.,0.));
#7781=DIRECTION('',(0.,0.,-1.));
#7782=DIRECTION('',(1.,0.,0.));
#7783=DIRECTION('center_axis',(0.,-1.,0.));
#7784=DIRECTION('ref_axis',(0.,0.,-1.));
#7785=DIRECTION('',(-1.,0.,0.));
#7786=DIRECTION('',(0.,0.,-1.));
#7787=DIRECTION('',(1.,0.,0.));
#7788=DIRECTION('center_axis',(0.,-1.,0.));
#7789=DIRECTION('ref_axis',(0.,0.,-1.));
#7790=DIRECTION('',(-1.,0.,0.));
#7791=DIRECTION('',(0.,0.,-1.));
#7792=DIRECTION('',(1.,0.,0.));
#7793=DIRECTION('center_axis',(0.,-1.,0.));
#7794=DIRECTION('ref_axis',(0.,0.,-1.));
#7795=DIRECTION('',(-1.,0.,0.));
#7796=DIRECTION('',(0.,0.,-1.));
#7797=DIRECTION('',(1.,0.,0.));
#7798=DIRECTION('center_axis',(0.,-1.,0.));
#7799=DIRECTION('ref_axis',(0.,0.,-1.));
#7800=DIRECTION('',(-1.,0.,0.));
#7801=DIRECTION('',(0.,0.,-1.));
#7802=DIRECTION('',(1.,0.,0.));
#7803=DIRECTION('center_axis',(0.,-1.,0.));
#7804=DIRECTION('ref_axis',(0.,0.,-1.));
#7805=DIRECTION('',(-1.,0.,0.));
#7806=DIRECTION('',(0.,0.,-1.));
#7807=DIRECTION('',(1.,0.,0.));
#7808=DIRECTION('center_axis',(0.,-1.,0.));
#7809=DIRECTION('ref_axis',(0.,0.,-1.));
#7810=DIRECTION('',(-1.,0.,0.));
#7811=DIRECTION('',(0.,0.,-1.));
#7812=DIRECTION('',(1.,0.,0.));
#7813=DIRECTION('center_axis',(0.,-1.,0.));
#7814=DIRECTION('ref_axis',(0.,0.,-1.));
#7815=DIRECTION('',(-1.,0.,0.));
#7816=DIRECTION('',(0.,0.,-1.));
#7817=DIRECTION('',(1.,0.,0.));
#7818=DIRECTION('center_axis',(1.,0.,0.));
#7819=DIRECTION('ref_axis',(0.,0.,1.));
#7820=DIRECTION('',(0.,0.,-1.));
#7821=DIRECTION('',(0.,-1.,0.));
#7822=DIRECTION('',(0.,0.,1.));
#7823=DIRECTION('',(0.,-1.,0.));
#7824=DIRECTION('center_axis',(-1.,0.,0.));
#7825=DIRECTION('ref_axis',(0.,0.,-1.));
#7826=DIRECTION('',(0.,0.,1.));
#7827=DIRECTION('',(0.,-1.,0.));
#7828=DIRECTION('',(0.,0.,-1.));
#7829=DIRECTION('',(0.,-1.,0.));
#7830=DIRECTION('center_axis',(0.,-1.,0.));
#7831=DIRECTION('ref_axis',(0.,0.,-1.));
#7832=DIRECTION('',(1.,0.,0.));
#7833=DIRECTION('',(-1.,0.,0.));
#7834=DIRECTION('center_axis',(0.,-1.,0.));
#7835=DIRECTION('ref_axis',(0.,0.,-1.));
#7836=DIRECTION('',(-1.,0.,0.));
#7837=DIRECTION('',(0.,0.,-1.));
#7838=DIRECTION('',(1.,0.,0.));
#7839=DIRECTION('center_axis',(1.,0.,0.));
#7840=DIRECTION('ref_axis',(0.,0.,1.));
#7841=DIRECTION('',(0.,0.,-1.));
#7842=DIRECTION('',(0.,-1.,0.));
#7843=DIRECTION('',(0.,0.,1.));
#7844=DIRECTION('',(0.,-1.,0.));
#7845=DIRECTION('center_axis',(-1.,0.,0.));
#7846=DIRECTION('ref_axis',(0.,0.,-1.));
#7847=DIRECTION('',(0.,0.,1.));
#7848=DIRECTION('',(0.,-1.,0.));
#7849=DIRECTION('',(0.,0.,-1.));
#7850=DIRECTION('',(0.,-1.,0.));
#7851=DIRECTION('center_axis',(0.,-1.,0.));
#7852=DIRECTION('ref_axis',(0.,0.,-1.));
#7853=DIRECTION('',(1.,0.,0.));
#7854=DIRECTION('',(-1.,0.,0.));
#7855=DIRECTION('center_axis',(0.,-1.,0.));
#7856=DIRECTION('ref_axis',(0.,0.,-1.));
#7857=DIRECTION('',(-1.,0.,0.));
#7858=DIRECTION('',(0.,0.,-1.));
#7859=DIRECTION('',(1.,0.,0.));
#7860=DIRECTION('center_axis',(1.,0.,0.));
#7861=DIRECTION('ref_axis',(0.,0.,1.));
#7862=DIRECTION('',(0.,1.,0.));
#7863=DIRECTION('',(0.,0.,-1.));
#7864=DIRECTION('',(0.,-1.,0.));
#7865=DIRECTION('',(0.,0.,1.));
#7866=DIRECTION('center_axis',(1.,0.,0.));
#7867=DIRECTION('ref_axis',(0.,0.,1.));
#7868=DIRECTION('',(0.,1.,0.));
#7869=DIRECTION('',(0.,0.,-1.));
#7870=DIRECTION('',(0.,-1.,0.));
#7871=DIRECTION('center_axis',(1.,0.,0.));
#7872=DIRECTION('ref_axis',(0.,0.,1.));
#7873=DIRECTION('',(0.,-1.,0.));
#7874=DIRECTION('',(0.,0.,1.));
#7875=DIRECTION('',(0.,1.,0.));
#7876=DIRECTION('',(0.,0.,-1.));
#7877=DIRECTION('center_axis',(1.,0.,0.));
#7878=DIRECTION('ref_axis',(0.,0.,1.));
#7879=DIRECTION('',(0.,1.,0.));
#7880=DIRECTION('',(0.,0.,-1.));
#7881=DIRECTION('',(0.,-1.,0.));
#7882=DIRECTION('',(0.,0.,1.));
#7883=DIRECTION('center_axis',(1.,0.,0.));
#7884=DIRECTION('ref_axis',(0.,0.,1.));
#7885=DIRECTION('',(0.,-1.,0.));
#7886=DIRECTION('',(0.,0.,1.));
#7887=DIRECTION('',(0.,1.,0.));
#7888=DIRECTION('',(0.,0.,-1.));
#7889=DIRECTION('center_axis',(1.,0.,0.));
#7890=DIRECTION('ref_axis',(0.,0.,1.));
#7891=DIRECTION('',(0.,1.,0.));
#7892=DIRECTION('',(0.,0.,-1.));
#7893=DIRECTION('',(0.,-1.,0.));
#7894=DIRECTION('',(0.,0.,1.));
#7895=DIRECTION('center_axis',(1.,0.,0.));
#7896=DIRECTION('ref_axis',(0.,0.,1.));
#7897=DIRECTION('',(0.,1.,0.));
#7898=DIRECTION('',(0.,0.,-1.));
#7899=DIRECTION('',(0.,-1.,0.));
#7900=DIRECTION('',(0.,0.,1.));
#7901=DIRECTION('center_axis',(1.,0.,0.));
#7902=DIRECTION('ref_axis',(0.,0.,1.));
#7903=DIRECTION('',(0.,1.,0.));
#7904=DIRECTION('',(0.,0.,-1.));
#7905=DIRECTION('',(0.,-1.,0.));
#7906=DIRECTION('',(0.,0.,1.));
#7907=DIRECTION('center_axis',(1.,0.,0.));
#7908=DIRECTION('ref_axis',(0.,0.,1.));
#7909=DIRECTION('',(0.,-1.,0.));
#7910=DIRECTION('',(0.,-1.,0.));
#7911=DIRECTION('center_axis',(1.,0.,0.));
#7912=DIRECTION('ref_axis',(0.,0.,1.));
#7913=DIRECTION('',(0.,1.,0.));
#7914=DIRECTION('',(0.,0.,-1.));
#7915=DIRECTION('',(0.,-1.,0.));
#7916=DIRECTION('',(0.,0.,1.));
#7917=DIRECTION('center_axis',(1.,0.,0.));
#7918=DIRECTION('ref_axis',(0.,0.,1.));
#7919=DIRECTION('',(0.,-1.,0.));
#7920=DIRECTION('',(0.,0.,1.));
#7921=DIRECTION('',(0.,1.,0.));
#7922=DIRECTION('',(0.,0.,-1.));
#7923=DIRECTION('center_axis',(1.,0.,0.));
#7924=DIRECTION('ref_axis',(0.,0.,1.));
#7925=DIRECTION('',(0.,1.,0.));
#7926=DIRECTION('',(0.,0.,-1.));
#7927=DIRECTION('',(0.,-1.,0.));
#7928=DIRECTION('',(0.,0.,1.));
#7929=DIRECTION('center_axis',(1.,0.,0.));
#7930=DIRECTION('ref_axis',(0.,0.,1.));
#7931=DIRECTION('',(0.,-1.,0.));
#7932=DIRECTION('',(0.,0.,1.));
#7933=DIRECTION('',(0.,1.,0.));
#7934=DIRECTION('',(0.,0.,-1.));
#7935=DIRECTION('center_axis',(-1.,0.,0.));
#7936=DIRECTION('ref_axis',(0.,0.,-1.));
#7937=DIRECTION('',(0.,0.,1.));
#7938=DIRECTION('',(0.,-1.,0.));
#7939=DIRECTION('',(0.,0.,-1.));
#7940=DIRECTION('',(0.,-1.,0.));
#7941=DIRECTION('center_axis',(1.,0.,0.));
#7942=DIRECTION('ref_axis',(0.,0.,1.));
#7943=DIRECTION('',(0.,-1.,0.));
#7944=DIRECTION('',(0.,0.,1.));
#7945=DIRECTION('',(0.,1.,0.));
#7946=DIRECTION('',(0.,0.,-1.));
#7947=DIRECTION('center_axis',(0.,-1.,0.));
#7948=DIRECTION('ref_axis',(0.,0.,-1.));
#7949=DIRECTION('',(1.,0.,0.));
#7950=DIRECTION('',(0.,0.,1.));
#7951=DIRECTION('',(-1.,0.,0.));
#7952=DIRECTION('center_axis',(0.,-1.,0.));
#7953=DIRECTION('ref_axis',(0.,0.,-1.));
#7954=DIRECTION('',(1.,0.,0.));
#7955=DIRECTION('',(0.,0.,1.));
#7956=DIRECTION('',(-1.,0.,0.));
#7957=DIRECTION('center_axis',(0.,-1.,0.));
#7958=DIRECTION('ref_axis',(0.,0.,-1.));
#7959=DIRECTION('',(1.,0.,0.));
#7960=DIRECTION('',(0.,0.,1.));
#7961=DIRECTION('',(-1.,0.,0.));
#7962=DIRECTION('center_axis',(0.,-1.,0.));
#7963=DIRECTION('ref_axis',(0.,0.,-1.));
#7964=DIRECTION('',(1.,0.,0.));
#7965=DIRECTION('',(0.,0.,1.));
#7966=DIRECTION('',(-1.,0.,0.));
#7967=DIRECTION('center_axis',(0.,-1.,0.));
#7968=DIRECTION('ref_axis',(0.,0.,-1.));
#7969=DIRECTION('',(1.,0.,0.));
#7970=DIRECTION('',(0.,0.,1.));
#7971=DIRECTION('',(-1.,0.,0.));
#7972=DIRECTION('center_axis',(0.,-1.,0.));
#7973=DIRECTION('ref_axis',(0.,0.,-1.));
#7974=DIRECTION('',(-1.,0.,0.));
#7975=DIRECTION('',(0.,0.,-1.));
#7976=DIRECTION('',(1.,0.,0.));
#7977=DIRECTION('center_axis',(0.,-1.,0.));
#7978=DIRECTION('ref_axis',(0.,0.,-1.));
#7979=DIRECTION('',(1.,0.,0.));
#7980=DIRECTION('',(0.,0.,1.));
#7981=DIRECTION('',(-1.,0.,0.));
#7982=DIRECTION('center_axis',(0.,-1.,0.));
#7983=DIRECTION('ref_axis',(0.,0.,-1.));
#7984=DIRECTION('',(1.,0.,0.));
#7985=DIRECTION('',(0.,0.,1.));
#7986=DIRECTION('center_axis',(0.,-1.,0.));
#7987=DIRECTION('ref_axis',(0.,0.,-1.));
#7988=DIRECTION('',(1.,0.,0.));
#7989=DIRECTION('',(0.,0.,1.));
#7990=DIRECTION('',(-1.,0.,0.));
#7991=DIRECTION('center_axis',(0.,-1.,0.));
#7992=DIRECTION('ref_axis',(0.,0.,-1.));
#7993=DIRECTION('',(1.,0.,0.));
#7994=DIRECTION('',(0.,0.,1.));
#7995=DIRECTION('',(-1.,0.,0.));
#7996=DIRECTION('center_axis',(0.,-1.,0.));
#7997=DIRECTION('ref_axis',(0.,0.,-1.));
#7998=DIRECTION('',(1.,0.,0.));
#7999=DIRECTION('',(0.,0.,1.));
#8000=DIRECTION('',(-1.,0.,0.));
#8001=DIRECTION('center_axis',(0.,-1.,0.));
#8002=DIRECTION('ref_axis',(0.,0.,-1.));
#8003=DIRECTION('',(1.,0.,0.));
#8004=DIRECTION('',(0.,0.,1.));
#8005=DIRECTION('',(-1.,0.,0.));
#8006=DIRECTION('center_axis',(0.,-1.,0.));
#8007=DIRECTION('ref_axis',(0.,0.,-1.));
#8008=DIRECTION('',(1.,0.,0.));
#8009=DIRECTION('',(0.,0.,1.));
#8010=DIRECTION('',(-1.,0.,0.));
#8011=DIRECTION('center_axis',(0.,-1.,0.));
#8012=DIRECTION('ref_axis',(0.,0.,-1.));
#8013=DIRECTION('',(1.,0.,0.));
#8014=DIRECTION('',(0.,0.,1.));
#8015=DIRECTION('',(-1.,0.,0.));
#8016=DIRECTION('center_axis',(0.,-1.,0.));
#8017=DIRECTION('ref_axis',(0.,0.,-1.));
#8018=DIRECTION('',(1.,0.,0.));
#8019=DIRECTION('',(0.,0.,1.));
#8020=DIRECTION('',(-1.,0.,0.));
#8021=DIRECTION('center_axis',(1.,0.,0.));
#8022=DIRECTION('ref_axis',(0.,0.,1.));
#8023=DIRECTION('',(0.,0.,-1.));
#8024=DIRECTION('',(0.,-1.,0.));
#8025=DIRECTION('',(0.,0.,1.));
#8026=DIRECTION('',(0.,-1.,0.));
#8027=DIRECTION('center_axis',(-1.,0.,0.));
#8028=DIRECTION('ref_axis',(0.,0.,-1.));
#8029=DIRECTION('',(0.,0.,1.));
#8030=DIRECTION('',(0.,-1.,0.));
#8031=DIRECTION('',(0.,0.,-1.));
#8032=DIRECTION('',(0.,-1.,0.));
#8033=DIRECTION('center_axis',(0.,-1.,0.));
#8034=DIRECTION('ref_axis',(0.,0.,-1.));
#8035=DIRECTION('',(1.,0.,0.));
#8036=DIRECTION('',(-1.,0.,0.));
#8037=DIRECTION('center_axis',(0.,-1.,0.));
#8038=DIRECTION('ref_axis',(0.,0.,-1.));
#8039=DIRECTION('',(1.,0.,0.));
#8040=DIRECTION('',(-1.,0.,0.));
#8041=DIRECTION('center_axis',(1.,0.,0.));
#8042=DIRECTION('ref_axis',(0.,0.,1.));
#8043=DIRECTION('',(0.,0.,-1.));
#8044=DIRECTION('',(0.,-1.,0.));
#8045=DIRECTION('',(0.,0.,1.));
#8046=DIRECTION('',(0.,-1.,0.));
#8047=DIRECTION('center_axis',(-1.,0.,0.));
#8048=DIRECTION('ref_axis',(0.,0.,-1.));
#8049=DIRECTION('',(0.,0.,1.));
#8050=DIRECTION('',(0.,-1.,0.));
#8051=DIRECTION('',(0.,0.,-1.));
#8052=DIRECTION('',(0.,-1.,0.));
#8053=DIRECTION('center_axis',(0.,-1.,0.));
#8054=DIRECTION('ref_axis',(0.,0.,-1.));
#8055=DIRECTION('',(1.,0.,0.));
#8056=DIRECTION('',(-1.,0.,0.));
#8057=DIRECTION('center_axis',(0.,-1.,0.));
#8058=DIRECTION('ref_axis',(0.,0.,-1.));
#8059=DIRECTION('',(1.,0.,0.));
#8060=DIRECTION('',(-1.,0.,0.));
#8061=DIRECTION('center_axis',(1.,0.,0.));
#8062=DIRECTION('ref_axis',(0.,0.,1.));
#8063=DIRECTION('',(0.,0.,-1.));
#8064=DIRECTION('',(0.,-1.,0.));
#8065=DIRECTION('',(0.,0.,1.));
#8066=DIRECTION('',(0.,-1.,0.));
#8067=DIRECTION('center_axis',(-1.,0.,0.));
#8068=DIRECTION('ref_axis',(0.,0.,-1.));
#8069=DIRECTION('',(0.,-1.,0.));
#8070=DIRECTION('',(0.,0.,-1.));
#8071=DIRECTION('',(0.,-1.,0.));
#8072=DIRECTION('center_axis',(0.,-1.,0.));
#8073=DIRECTION('ref_axis',(0.,0.,-1.));
#8074=DIRECTION('',(1.,0.,0.));
#8075=DIRECTION('',(-1.,0.,0.));
#8076=DIRECTION('center_axis',(1.,0.,0.));
#8077=DIRECTION('ref_axis',(0.,0.,1.));
#8078=DIRECTION('',(0.,-1.,0.));
#8079=DIRECTION('',(0.,0.,1.));
#8080=DIRECTION('',(0.,-1.,0.));
#8081=DIRECTION('center_axis',(-1.,0.,0.));
#8082=DIRECTION('ref_axis',(0.,0.,-1.));
#8083=DIRECTION('',(0.,0.,1.));
#8084=DIRECTION('',(0.,-1.,0.));
#8085=DIRECTION('',(0.,0.,-1.));
#8086=DIRECTION('',(0.,-1.,0.));
#8087=DIRECTION('center_axis',(0.,-1.,0.));
#8088=DIRECTION('ref_axis',(0.,0.,-1.));
#8089=DIRECTION('',(1.,0.,0.));
#8090=DIRECTION('',(-1.,0.,0.));
#8091=DIRECTION('center_axis',(0.,-1.,0.));
#8092=DIRECTION('ref_axis',(0.,0.,-1.));
#8093=DIRECTION('',(-1.,0.,0.));
#8094=DIRECTION('',(0.,0.,-1.));
#8095=DIRECTION('',(1.,0.,0.));
#8096=DIRECTION('center_axis',(1.,0.,0.));
#8097=DIRECTION('ref_axis',(0.,0.,1.));
#8098=DIRECTION('',(0.,-1.,0.));
#8099=DIRECTION('',(0.,0.,1.));
#8100=DIRECTION('',(0.,-1.,0.));
#8101=DIRECTION('center_axis',(-1.,0.,0.));
#8102=DIRECTION('ref_axis',(0.,0.,-1.));
#8103=DIRECTION('',(0.,0.,1.));
#8104=DIRECTION('',(0.,-1.,0.));
#8105=DIRECTION('',(0.,0.,-1.));
#8106=DIRECTION('',(0.,-1.,0.));
#8107=DIRECTION('center_axis',(0.,-1.,0.));
#8108=DIRECTION('ref_axis',(0.,0.,-1.));
#8109=DIRECTION('',(1.,0.,0.));
#8110=DIRECTION('',(-1.,0.,0.));
#8111=DIRECTION('center_axis',(0.,-1.,0.));
#8112=DIRECTION('ref_axis',(0.,0.,-1.));
#8113=DIRECTION('',(-1.,0.,0.));
#8114=DIRECTION('',(0.,0.,-1.));
#8115=DIRECTION('',(1.,0.,0.));
#8116=DIRECTION('center_axis',(1.,0.,0.));
#8117=DIRECTION('ref_axis',(0.,0.,1.));
#8118=DIRECTION('',(0.,-1.,0.));
#8119=DIRECTION('',(0.,0.,1.));
#8120=DIRECTION('',(0.,-1.,0.));
#8121=DIRECTION('center_axis',(-1.,0.,0.));
#8122=DIRECTION('ref_axis',(0.,0.,-1.));
#8123=DIRECTION('',(0.,0.,1.));
#8124=DIRECTION('',(0.,-1.,0.));
#8125=DIRECTION('',(0.,0.,-1.));
#8126=DIRECTION('',(0.,-1.,0.));
#8127=DIRECTION('center_axis',(0.,-1.,0.));
#8128=DIRECTION('ref_axis',(0.,0.,-1.));
#8129=DIRECTION('',(1.,0.,0.));
#8130=DIRECTION('',(-1.,0.,0.));
#8131=DIRECTION('center_axis',(0.,-1.,0.));
#8132=DIRECTION('ref_axis',(0.,0.,-1.));
#8133=DIRECTION('',(-1.,0.,0.));
#8134=DIRECTION('',(0.,0.,-1.));
#8135=DIRECTION('',(1.,0.,0.));
#8136=DIRECTION('center_axis',(1.,0.,0.));
#8137=DIRECTION('ref_axis',(0.,0.,1.));
#8138=DIRECTION('',(0.,-1.,0.));
#8139=DIRECTION('',(0.,0.,1.));
#8140=DIRECTION('',(0.,-1.,0.));
#8141=DIRECTION('center_axis',(-1.,0.,0.));
#8142=DIRECTION('ref_axis',(0.,0.,-1.));
#8143=DIRECTION('',(0.,0.,1.));
#8144=DIRECTION('',(0.,-1.,0.));
#8145=DIRECTION('',(0.,0.,-1.));
#8146=DIRECTION('',(0.,-1.,0.));
#8147=DIRECTION('center_axis',(0.,-1.,0.));
#8148=DIRECTION('ref_axis',(0.,0.,-1.));
#8149=DIRECTION('',(1.,0.,0.));
#8150=DIRECTION('',(-1.,0.,0.));
#8151=DIRECTION('center_axis',(0.,-1.,0.));
#8152=DIRECTION('ref_axis',(0.,0.,-1.));
#8153=DIRECTION('',(1.,0.,0.));
#8154=DIRECTION('',(-1.,0.,0.));
#8155=DIRECTION('center_axis',(1.,0.,0.));
#8156=DIRECTION('ref_axis',(0.,0.,1.));
#8157=DIRECTION('',(0.,-1.,0.));
#8158=DIRECTION('',(0.,0.,1.));
#8159=DIRECTION('',(0.,-1.,0.));
#8160=DIRECTION('center_axis',(-1.,0.,0.));
#8161=DIRECTION('ref_axis',(0.,0.,-1.));
#8162=DIRECTION('',(0.,0.,1.));
#8163=DIRECTION('',(0.,-1.,0.));
#8164=DIRECTION('',(0.,0.,-1.));
#8165=DIRECTION('',(0.,-1.,0.));
#8166=DIRECTION('center_axis',(0.,-1.,0.));
#8167=DIRECTION('ref_axis',(0.,0.,-1.));
#8168=DIRECTION('',(1.,0.,0.));
#8169=DIRECTION('',(-1.,0.,0.));
#8170=DIRECTION('center_axis',(0.,-1.,0.));
#8171=DIRECTION('ref_axis',(0.,0.,-1.));
#8172=DIRECTION('',(1.,0.,0.));
#8173=DIRECTION('',(-1.,0.,0.));
#8174=DIRECTION('center_axis',(1.,0.,0.));
#8175=DIRECTION('ref_axis',(0.,0.,1.));
#8176=DIRECTION('',(0.,-1.,0.));
#8177=DIRECTION('',(0.,0.,1.));
#8178=DIRECTION('',(0.,-1.,0.));
#8179=DIRECTION('center_axis',(-1.,0.,0.));
#8180=DIRECTION('ref_axis',(0.,0.,-1.));
#8181=DIRECTION('',(0.,0.,1.));
#8182=DIRECTION('',(0.,-1.,0.));
#8183=DIRECTION('',(0.,0.,-1.));
#8184=DIRECTION('',(0.,-1.,0.));
#8185=DIRECTION('center_axis',(0.,-1.,0.));
#8186=DIRECTION('ref_axis',(0.,0.,-1.));
#8187=DIRECTION('',(1.,0.,0.));
#8188=DIRECTION('',(-1.,0.,0.));
#8189=DIRECTION('center_axis',(0.,-1.,0.));
#8190=DIRECTION('ref_axis',(0.,0.,-1.));
#8191=DIRECTION('',(1.,0.,0.));
#8192=DIRECTION('',(-1.,0.,0.));
#8193=DIRECTION('center_axis',(0.,0.,-1.));
#8194=DIRECTION('ref_axis',(0.,-1.,0.));
#8195=DIRECTION('',(0.,-1.,0.));
#8196=DIRECTION('',(-1.,0.,0.));
#8197=DIRECTION('center_axis',(0.,0.,1.));
#8198=DIRECTION('ref_axis',(0.,1.,0.));
#8199=DIRECTION('',(0.,1.,0.));
#8200=DIRECTION('center_axis',(0.,0.,-1.));
#8201=DIRECTION('ref_axis',(0.,-1.,0.));
#8202=DIRECTION('',(0.,-1.,0.));
#8203=DIRECTION('',(-1.,0.,0.));
#8204=DIRECTION('center_axis',(0.,0.,1.));
#8205=DIRECTION('ref_axis',(0.,1.,0.));
#8206=DIRECTION('',(0.,1.,0.));
#8207=DIRECTION('',(-1.,0.,0.));
#8208=DIRECTION('center_axis',(0.,0.,-1.));
#8209=DIRECTION('ref_axis',(0.,-1.,0.));
#8210=DIRECTION('',(0.,-1.,0.));
#8211=DIRECTION('',(-1.,0.,0.));
#8212=DIRECTION('center_axis',(0.,0.,1.));
#8213=DIRECTION('ref_axis',(0.,1.,0.));
#8214=DIRECTION('',(0.,1.,0.));
#8215=DIRECTION('',(-1.,0.,0.));
#8216=DIRECTION('center_axis',(0.,0.,-1.));
#8217=DIRECTION('ref_axis',(0.,-1.,0.));
#8218=DIRECTION('',(0.,-1.,0.));
#8219=DIRECTION('center_axis',(0.,0.,1.));
#8220=DIRECTION('ref_axis',(0.,1.,0.));
#8221=DIRECTION('',(0.,1.,0.));
#8222=DIRECTION('',(-1.,0.,0.));
#8223=DIRECTION('center_axis',(0.,-1.,0.));
#8224=DIRECTION('ref_axis',(0.,0.,1.));
#8225=DIRECTION('',(0.,0.,1.));
#8226=DIRECTION('',(-1.,0.,0.));
#8227=DIRECTION('',(0.,0.,1.));
#8228=DIRECTION('',(-1.,0.,0.));
#8229=DIRECTION('',(0.,0.,1.));
#8230=DIRECTION('',(-1.,0.,0.));
#8231=DIRECTION('',(-1.,0.,0.));
#8232=DIRECTION('',(0.,0.,1.));
#8233=DIRECTION('',(-1.,0.,0.));
#8234=DIRECTION('',(-1.,0.,0.));
#8235=DIRECTION('',(0.,0.,1.));
#8236=DIRECTION('',(-1.,0.,0.));
#8237=DIRECTION('',(0.,0.,1.));
#8238=DIRECTION('',(-1.,0.,0.));
#8239=DIRECTION('',(0.,0.,1.));
#8240=DIRECTION('',(-1.,0.,0.));
#8241=DIRECTION('',(-1.,0.,0.));
#8242=DIRECTION('',(0.,0.,1.));
#8243=DIRECTION('',(-1.,0.,0.));
#8244=DIRECTION('',(-1.,0.,0.));
#8245=DIRECTION('',(0.,0.,1.));
#8246=DIRECTION('',(-1.,0.,0.));
#8247=DIRECTION('',(0.,0.,1.));
#8248=DIRECTION('',(-1.,0.,0.));
#8249=DIRECTION('',(1.,0.,0.));
#8250=DIRECTION('',(0.,0.,1.));
#8251=DIRECTION('',(-1.,0.,0.));
#8252=DIRECTION('',(0.,0.,1.));
#8253=DIRECTION('',(-1.,0.,0.));
#8254=DIRECTION('',(-1.,0.,0.));
#8255=DIRECTION('',(0.,0.,1.));
#8256=DIRECTION('',(-1.,0.,0.));
#8257=DIRECTION('',(-1.,0.,0.));
#8258=DIRECTION('center_axis',(0.,0.,-1.));
#8259=DIRECTION('ref_axis',(0.,-1.,0.));
#8260=DIRECTION('',(0.,-1.,0.));
#8261=DIRECTION('center_axis',(0.,0.,1.));
#8262=DIRECTION('ref_axis',(0.,1.,0.));
#8263=DIRECTION('',(0.,1.,0.));
#8264=DIRECTION('center_axis',(0.,0.,-1.));
#8265=DIRECTION('ref_axis',(0.,-1.,0.));
#8266=DIRECTION('',(0.,-1.,0.));
#8267=DIRECTION('center_axis',(0.,0.,1.));
#8268=DIRECTION('ref_axis',(0.,1.,0.));
#8269=DIRECTION('',(0.,1.,0.));
#8270=DIRECTION('center_axis',(0.,0.,-1.));
#8271=DIRECTION('ref_axis',(0.,-1.,0.));
#8272=DIRECTION('',(0.,-1.,0.));
#8273=DIRECTION('center_axis',(0.,0.,1.));
#8274=DIRECTION('ref_axis',(0.,1.,0.));
#8275=DIRECTION('',(0.,1.,0.));
#8276=DIRECTION('center_axis',(0.,0.,-1.));
#8277=DIRECTION('ref_axis',(0.,-1.,0.));
#8278=DIRECTION('',(0.,-1.,0.));
#8279=DIRECTION('center_axis',(0.,0.,1.));
#8280=DIRECTION('ref_axis',(0.,1.,0.));
#8281=DIRECTION('',(0.,1.,0.));
#8282=DIRECTION('center_axis',(0.,0.,-1.));
#8283=DIRECTION('ref_axis',(0.,-1.,0.));
#8284=DIRECTION('',(0.,-1.,0.));
#8285=DIRECTION('center_axis',(0.,0.,1.));
#8286=DIRECTION('ref_axis',(0.,1.,0.));
#8287=DIRECTION('',(0.,1.,0.));
#8288=DIRECTION('center_axis',(0.,0.,-1.));
#8289=DIRECTION('ref_axis',(0.,-1.,0.));
#8290=DIRECTION('',(0.,-1.,0.));
#8291=DIRECTION('center_axis',(0.,0.,1.));
#8292=DIRECTION('ref_axis',(0.,1.,0.));
#8293=DIRECTION('',(0.,1.,0.));
#8294=DIRECTION('center_axis',(0.,0.,-1.));
#8295=DIRECTION('ref_axis',(0.,-1.,0.));
#8296=DIRECTION('',(0.,-1.,0.));
#8297=DIRECTION('center_axis',(0.,0.,1.));
#8298=DIRECTION('ref_axis',(0.,1.,0.));
#8299=DIRECTION('',(0.,1.,0.));
#8300=DIRECTION('center_axis',(0.,0.,-1.));
#8301=DIRECTION('ref_axis',(0.,-1.,0.));
#8302=DIRECTION('',(0.,-1.,0.));
#8303=DIRECTION('center_axis',(0.,0.,1.));
#8304=DIRECTION('ref_axis',(0.,1.,0.));
#8305=DIRECTION('',(0.,1.,0.));
#8306=DIRECTION('center_axis',(0.,0.,-1.));
#8307=DIRECTION('ref_axis',(0.,-1.,0.));
#8308=DIRECTION('',(0.,-1.,0.));
#8309=DIRECTION('center_axis',(0.,0.,1.));
#8310=DIRECTION('ref_axis',(0.,1.,0.));
#8311=DIRECTION('',(0.,1.,0.));
#8312=DIRECTION('center_axis',(0.,0.,1.));
#8313=DIRECTION('ref_axis',(0.,-1.,0.));
#8314=DIRECTION('',(0.,-1.,0.));
#8315=DIRECTION('',(1.,0.,0.));
#8316=DIRECTION('center_axis',(0.,0.,-1.));
#8317=DIRECTION('ref_axis',(0.,1.,0.));
#8318=DIRECTION('',(0.,1.,0.));
#8319=DIRECTION('center_axis',(0.,0.,1.));
#8320=DIRECTION('ref_axis',(0.,-1.,0.));
#8321=DIRECTION('',(0.,-1.,0.));
#8322=DIRECTION('',(1.,0.,0.));
#8323=DIRECTION('center_axis',(0.,0.,-1.));
#8324=DIRECTION('ref_axis',(0.,1.,0.));
#8325=DIRECTION('',(0.,1.,0.));
#8326=DIRECTION('',(1.,0.,0.));
#8327=DIRECTION('center_axis',(0.,0.,1.));
#8328=DIRECTION('ref_axis',(0.,-1.,0.));
#8329=DIRECTION('',(0.,-1.,0.));
#8330=DIRECTION('',(1.,0.,0.));
#8331=DIRECTION('center_axis',(0.,0.,-1.));
#8332=DIRECTION('ref_axis',(0.,1.,0.));
#8333=DIRECTION('',(0.,1.,0.));
#8334=DIRECTION('',(1.,0.,0.));
#8335=DIRECTION('center_axis',(0.,0.,1.));
#8336=DIRECTION('ref_axis',(0.,-1.,0.));
#8337=DIRECTION('',(0.,-1.,0.));
#8338=DIRECTION('center_axis',(0.,0.,-1.));
#8339=DIRECTION('ref_axis',(0.,1.,0.));
#8340=DIRECTION('',(0.,1.,0.));
#8341=DIRECTION('',(1.,0.,0.));
#8342=DIRECTION('center_axis',(0.,-1.,0.));
#8343=DIRECTION('ref_axis',(0.,0.,-1.));
#8344=DIRECTION('',(0.,0.,-1.));
#8345=DIRECTION('',(1.,0.,0.));
#8346=DIRECTION('',(0.,0.,-1.));
#8347=DIRECTION('',(1.,0.,0.));
#8348=DIRECTION('',(0.,0.,-1.));
#8349=DIRECTION('',(1.,0.,0.));
#8350=DIRECTION('',(1.,0.,0.));
#8351=DIRECTION('',(0.,0.,-1.));
#8352=DIRECTION('',(1.,0.,0.));
#8353=DIRECTION('',(1.,0.,0.));
#8354=DIRECTION('',(0.,0.,-1.));
#8355=DIRECTION('',(1.,0.,0.));
#8356=DIRECTION('',(0.,0.,-1.));
#8357=DIRECTION('',(1.,0.,0.));
#8358=DIRECTION('',(0.,0.,-1.));
#8359=DIRECTION('',(1.,0.,0.));
#8360=DIRECTION('',(1.,0.,0.));
#8361=DIRECTION('',(0.,0.,-1.));
#8362=DIRECTION('',(1.,0.,0.));
#8363=DIRECTION('',(1.,0.,0.));
#8364=DIRECTION('',(0.,0.,-1.));
#8365=DIRECTION('',(1.,0.,0.));
#8366=DIRECTION('',(0.,0.,-1.));
#8367=DIRECTION('',(1.,0.,0.));
#8368=DIRECTION('',(-1.,0.,0.));
#8369=DIRECTION('',(0.,0.,-1.));
#8370=DIRECTION('',(1.,0.,0.));
#8371=DIRECTION('',(0.,0.,-1.));
#8372=DIRECTION('',(1.,0.,0.));
#8373=DIRECTION('',(1.,0.,0.));
#8374=DIRECTION('',(0.,0.,-1.));
#8375=DIRECTION('',(1.,0.,0.));
#8376=DIRECTION('',(1.,0.,0.));
#8377=DIRECTION('center_axis',(0.,0.,1.));
#8378=DIRECTION('ref_axis',(0.,-1.,0.));
#8379=DIRECTION('',(0.,-1.,0.));
#8380=DIRECTION('center_axis',(0.,0.,-1.));
#8381=DIRECTION('ref_axis',(0.,1.,0.));
#8382=DIRECTION('',(0.,1.,0.));
#8383=DIRECTION('center_axis',(0.,0.,1.));
#8384=DIRECTION('ref_axis',(0.,-1.,0.));
#8385=DIRECTION('',(0.,-1.,0.));
#8386=DIRECTION('center_axis',(0.,0.,-1.));
#8387=DIRECTION('ref_axis',(0.,1.,0.));
#8388=DIRECTION('',(0.,1.,0.));
#8389=DIRECTION('center_axis',(0.,0.,1.));
#8390=DIRECTION('ref_axis',(0.,-1.,0.));
#8391=DIRECTION('',(0.,-1.,0.));
#8392=DIRECTION('center_axis',(0.,0.,-1.));
#8393=DIRECTION('ref_axis',(0.,1.,0.));
#8394=DIRECTION('',(0.,1.,0.));
#8395=DIRECTION('center_axis',(0.,0.,1.));
#8396=DIRECTION('ref_axis',(0.,-1.,0.));
#8397=DIRECTION('',(0.,-1.,0.));
#8398=DIRECTION('center_axis',(0.,0.,-1.));
#8399=DIRECTION('ref_axis',(0.,1.,0.));
#8400=DIRECTION('',(0.,1.,0.));
#8401=DIRECTION('center_axis',(0.,0.,1.));
#8402=DIRECTION('ref_axis',(0.,-1.,0.));
#8403=DIRECTION('',(0.,-1.,0.));
#8404=DIRECTION('center_axis',(0.,0.,-1.));
#8405=DIRECTION('ref_axis',(0.,1.,0.));
#8406=DIRECTION('',(0.,1.,0.));
#8407=DIRECTION('center_axis',(0.,0.,1.));
#8408=DIRECTION('ref_axis',(0.,-1.,0.));
#8409=DIRECTION('',(0.,-1.,0.));
#8410=DIRECTION('center_axis',(0.,0.,-1.));
#8411=DIRECTION('ref_axis',(0.,1.,0.));
#8412=DIRECTION('',(0.,1.,0.));
#8413=DIRECTION('center_axis',(0.,0.,1.));
#8414=DIRECTION('ref_axis',(0.,-1.,0.));
#8415=DIRECTION('',(0.,-1.,0.));
#8416=DIRECTION('center_axis',(0.,0.,-1.));
#8417=DIRECTION('ref_axis',(0.,1.,0.));
#8418=DIRECTION('',(0.,1.,0.));
#8419=DIRECTION('center_axis',(0.,0.,1.));
#8420=DIRECTION('ref_axis',(0.,-1.,0.));
#8421=DIRECTION('',(0.,-1.,0.));
#8422=DIRECTION('center_axis',(0.,0.,-1.));
#8423=DIRECTION('ref_axis',(0.,1.,0.));
#8424=DIRECTION('',(0.,1.,0.));
#8425=DIRECTION('center_axis',(0.,0.,1.));
#8426=DIRECTION('ref_axis',(0.,-1.,0.));
#8427=DIRECTION('',(0.,-1.,0.));
#8428=DIRECTION('center_axis',(0.,0.,-1.));
#8429=DIRECTION('ref_axis',(0.,1.,0.));
#8430=DIRECTION('',(0.,1.,0.));
#8431=DIRECTION('center_axis',(0.,0.,-1.));
#8432=DIRECTION('ref_axis',(1.,0.,0.));
#8433=DIRECTION('',(-1.,0.,0.));
#8434=DIRECTION('',(0.,-1.,0.));
#8435=DIRECTION('',(0.,-1.,0.));
#8436=DIRECTION('',(0.,-1.,0.));
#8437=DIRECTION('',(0.,-1.,0.));
#8438=DIRECTION('',(0.,-1.,0.));
#8439=DIRECTION('',(0.,-1.,8.88178419700124E-15));
#8440=DIRECTION('',(0.,-1.,0.));
#8441=DIRECTION('',(0.,-1.,0.));
#8442=DIRECTION('',(0.,-1.,0.));
#8443=DIRECTION('',(0.,-1.,0.));
#8444=DIRECTION('',(0.,-1.,0.));
#8445=DIRECTION('',(0.,-1.,0.));
#8446=DIRECTION('',(0.,-1.,0.));
#8447=DIRECTION('',(0.,-1.,0.));
#8448=DIRECTION('',(0.,-1.,0.));
#8449=DIRECTION('',(0.,-1.,0.));
#8450=DIRECTION('',(0.,-1.,0.));
#8451=DIRECTION('',(0.,-1.,0.));
#8452=DIRECTION('',(0.,-1.,0.));
#8453=DIRECTION('',(0.,-1.,0.));
#8454=DIRECTION('',(0.,-1.,0.));
#8455=DIRECTION('',(0.,-1.,0.));
#8456=DIRECTION('center_axis',(-1.,0.,0.));
#8457=DIRECTION('ref_axis',(0.,0.,-1.));
#8458=DIRECTION('',(0.,0.,1.));
#8459=DIRECTION('',(0.,-1.,0.));
#8460=DIRECTION('',(0.,-1.,0.));
#8461=DIRECTION('',(0.,-1.,0.));
#8462=DIRECTION('',(0.,-1.,0.));
#8463=DIRECTION('',(0.,-1.,0.));
#8464=DIRECTION('',(0.,-1.,0.));
#8465=DIRECTION('',(0.,-1.,0.));
#8466=DIRECTION('',(0.,-1.,0.));
#8467=DIRECTION('',(0.,-1.,0.));
#8468=DIRECTION('',(0.,-1.,0.));
#8469=DIRECTION('',(0.,-1.,0.));
#8470=DIRECTION('center_axis',(0.,0.,1.));
#8471=DIRECTION('ref_axis',(-1.,0.,0.));
#8472=DIRECTION('',(1.,0.,0.));
#8473=DIRECTION('',(0.,-1.,0.));
#8474=DIRECTION('',(0.,-1.,0.));
#8475=DIRECTION('',(0.,-1.,0.));
#8476=DIRECTION('',(0.,-1.,0.));
#8477=DIRECTION('',(0.,-1.,0.));
#8478=DIRECTION('',(0.,-1.,0.));
#8479=DIRECTION('',(0.,-1.,0.));
#8480=DIRECTION('',(0.,-1.,0.));
#8481=DIRECTION('',(0.,-1.,0.));
#8482=DIRECTION('',(0.,-1.,0.));
#8483=DIRECTION('',(0.,-1.,0.));
#8484=DIRECTION('center_axis',(1.,0.,0.));
#8485=DIRECTION('ref_axis',(0.,0.,1.));
#8486=DIRECTION('',(0.,0.,-1.));
#8487=DIRECTION('center_axis',(0.,1.,0.));
#8488=DIRECTION('ref_axis',(1.,0.,0.));
#8489=DIRECTION('axis',(0.,0.,1.));
#8490=DIRECTION('refdir',(1.,0.,0.));
#8491=DIRECTION('center_axis',(0.,0.,1.));
#8492=DIRECTION('ref_axis',(1.,0.,0.));
#8493=DIRECTION('',(1.,0.,0.));
#8494=DIRECTION('',(0.,1.,0.));
#8495=DIRECTION('',(1.,0.,0.));
#8496=DIRECTION('',(0.,1.,0.));
#8497=DIRECTION('center_axis',(-1.,0.,-1.77635683940025E-16));
#8498=DIRECTION('ref_axis',(-1.77635683940025E-16,0.,1.));
#8499=DIRECTION('',(-1.77635683940025E-16,0.,1.));
#8500=DIRECTION('',(-1.77635683940025E-16,0.,1.));
#8501=DIRECTION('',(0.,1.,0.));
#8502=DIRECTION('center_axis',(0.,0.,-1.));
#8503=DIRECTION('ref_axis',(-1.,0.,0.));
#8504=DIRECTION('',(-1.,0.,0.));
#8505=DIRECTION('',(-1.,0.,0.));
#8506=DIRECTION('',(0.,1.,0.));
#8507=DIRECTION('center_axis',(1.,0.,-8.88178419700125E-17));
#8508=DIRECTION('ref_axis',(-8.88178419700125E-17,0.,-1.));
#8509=DIRECTION('',(-8.88178419700125E-17,0.,-1.));
#8510=DIRECTION('',(-8.88178419700125E-17,0.,-1.));
#8511=DIRECTION('center_axis',(0.,1.,0.));
#8512=DIRECTION('ref_axis',(0.,0.,1.));
#8513=DIRECTION('center_axis',(0.,1.,0.));
#8514=DIRECTION('ref_axis',(1.,0.,0.));
#8515=DIRECTION('',(0.,0.,1.));
#8516=DIRECTION('',(1.,0.,0.));
#8517=DIRECTION('',(0.,0.,1.));
#8518=DIRECTION('',(1.,0.,0.));
#8519=CARTESIAN_POINT('',(0.,0.,0.));
#8520=CARTESIAN_POINT('',(0.,0.,0.));
#8521=CARTESIAN_POINT('Origin',(-20.,-12.0000004470348,-12.5000001862645));
#8522=CARTESIAN_POINT('',(-20.,-12.0000004470348,-20.0000002980232));
#8523=CARTESIAN_POINT('',(-20.,-12.0000004470348,-12.5000001862645));
#8524=CARTESIAN_POINT('',(-20.,-12.0000004470348,-20.0000002980232));
#8525=CARTESIAN_POINT('',(-12.5,-12.0000004470348,-20.0000002980232));
#8526=CARTESIAN_POINT('',(-20.,-12.0000004470348,-20.0000002980232));
#8527=CARTESIAN_POINT('',(-12.5,-12.0000004470348,-12.5000001862645));
#8528=CARTESIAN_POINT('',(-12.4999998137355,-12.0000004470348,3.75000005587935));
#8529=CARTESIAN_POINT('',(-20.,-12.0000004470348,-12.5));
#8530=CARTESIAN_POINT('Origin',(-20.,-11.0000004321337,-20.0000002980232));
#8531=CARTESIAN_POINT('',(-20.,-11.0000004321337,-12.5000001862645));
#8532=CARTESIAN_POINT('',(-20.,-11.0000004321337,-20.0000002980232));
#8533=CARTESIAN_POINT('',(-20.,-11.0000004321337,-12.5000001862645));
#8534=CARTESIAN_POINT('',(-12.5,-11.0000004321337,-12.5000001862645));
#8535=CARTESIAN_POINT('',(-20.,-11.0000004321337,-12.5));
#8536=CARTESIAN_POINT('',(-12.5,-11.0000004321337,-20.0000002980232));
#8537=CARTESIAN_POINT('',(-12.4999998137355,-11.0000004321337,0.));
#8538=CARTESIAN_POINT('',(-20.,-11.0000004321337,-20.0000002980232));
#8539=CARTESIAN_POINT('Origin',(-20.,-30.,-12.5));
#8540=CARTESIAN_POINT('',(-12.5,-13.0000004321337,-12.5000001862645));
#8541=CARTESIAN_POINT('',(-12.5,-30.,-12.5));
#8542=CARTESIAN_POINT('',(-20.,-13.0000004321337,-12.5000001862645));
#8543=CARTESIAN_POINT('',(-20.,-13.0000004321337,-12.5));
#8544=CARTESIAN_POINT('',(-20.,-30.,-12.5));
#8545=CARTESIAN_POINT('Origin',(-12.4999998137355,-10.,20.0000002980232));
#8546=CARTESIAN_POINT('',(-12.5,-13.0000004321337,-20.0000002980232));
#8547=CARTESIAN_POINT('',(-12.4999998137355,-10.,-20.0000002980232));
#8548=CARTESIAN_POINT('',(-12.4999998137355,-13.0000004321337,0.));
#8549=CARTESIAN_POINT('Origin',(-20.,-20.0000004470348,-12.5000001862645));
#8550=CARTESIAN_POINT('',(-20.,-20.0000004470348,-20.0000002980232));
#8551=CARTESIAN_POINT('',(-20.,-20.0000004470348,-12.5000001862645));
#8552=CARTESIAN_POINT('',(-20.,-20.0000004470348,-20.0000002980232));
#8553=CARTESIAN_POINT('',(-12.5,-20.0000004470348,-20.0000002980232));
#8554=CARTESIAN_POINT('',(-20.,-20.0000004470348,-20.0000002980232));
#8555=CARTESIAN_POINT('',(-12.5,-20.0000004470348,-12.5000001862645));
#8556=CARTESIAN_POINT('',(-12.4999998137355,-20.0000004470348,3.75000005587935));
#8557=CARTESIAN_POINT('',(-20.,-20.0000004470348,-12.5));
#8558=CARTESIAN_POINT('Origin',(-20.,-19.0000004321337,-20.0000002980232));
#8559=CARTESIAN_POINT('',(-20.,-19.0000004321337,-12.5000001862645));
#8560=CARTESIAN_POINT('',(-20.,-19.0000004321337,-20.0000002980232));
#8561=CARTESIAN_POINT('',(-20.,-19.0000004321337,-12.5000001862645));
#8562=CARTESIAN_POINT('',(-12.5,-19.0000004321337,-12.5000001862645));
#8563=CARTESIAN_POINT('',(-20.,-19.0000004321337,-12.5));
#8564=CARTESIAN_POINT('',(-12.5,-19.0000004321337,-20.0000002980232));
#8565=CARTESIAN_POINT('',(-12.4999998137355,-19.0000004321337,0.));
#8566=CARTESIAN_POINT('',(-20.,-19.0000004321337,-20.0000002980232));
#8567=CARTESIAN_POINT('Origin',(-12.4999998137355,-10.,20.0000002980232));
#8568=CARTESIAN_POINT('',(-12.5,-21.0000004321337,-20.0000002980232));
#8569=CARTESIAN_POINT('',(-12.4999998137355,-10.,-20.0000002980232));
#8570=CARTESIAN_POINT('',(-12.5,-21.0000004321337,-12.5000001862645));
#8571=CARTESIAN_POINT('',(-12.4999998137355,-21.0000004321337,0.));
#8572=CARTESIAN_POINT('',(-12.5,-30.,-12.5));
#8573=CARTESIAN_POINT('Origin',(-12.4999998137355,-10.,20.0000002980232));
#8574=CARTESIAN_POINT('',(-12.5,-18.0000004470348,-12.5000001862645));
#8575=CARTESIAN_POINT('',(-12.5,-30.,-12.5));
#8576=CARTESIAN_POINT('',(-12.5,-18.0000004470348,-20.0000002980232));
#8577=CARTESIAN_POINT('',(-12.4999998137355,-18.0000004470348,3.75000005587935));
#8578=CARTESIAN_POINT('',(-12.4999998137355,-10.,-20.0000002980232));
#8579=CARTESIAN_POINT('Origin',(-20.,-30.,-12.5));
#8580=CARTESIAN_POINT('',(-20.,-21.0000004321337,-12.5000001862645));
#8581=CARTESIAN_POINT('',(-20.,-21.0000004321337,-12.5));
#8582=CARTESIAN_POINT('',(-20.,-30.,-12.5));
#8583=CARTESIAN_POINT('Origin',(-20.,-30.,-12.5));
#8584=CARTESIAN_POINT('',(-20.,-18.0000004470348,-12.5000001862645));
#8585=CARTESIAN_POINT('',(-20.,-30.,-12.5));
#8586=CARTESIAN_POINT('',(-20.,-18.0000004470348,-12.5));
#8587=CARTESIAN_POINT('Origin',(-20.,-28.0000004470348,-12.5000001862645));
#8588=CARTESIAN_POINT('',(-20.,-28.0000004470348,-20.0000002980232));
#8589=CARTESIAN_POINT('',(-20.,-28.0000004470348,-12.5000001862645));
#8590=CARTESIAN_POINT('',(-20.,-28.0000004470348,-20.0000002980232));
#8591=CARTESIAN_POINT('',(-12.5,-28.0000004470348,-20.0000002980232));
#8592=CARTESIAN_POINT('',(-20.,-28.0000004470348,-20.0000002980232));
#8593=CARTESIAN_POINT('',(-12.5,-28.0000004470348,-12.5000001862645));
#8594=CARTESIAN_POINT('',(-12.4999998137355,-28.0000004470348,3.75000005587935));
#8595=CARTESIAN_POINT('',(-20.,-28.0000004470348,-12.5));
#8596=CARTESIAN_POINT('Origin',(-20.,-27.0000004321337,-20.0000002980232));
#8597=CARTESIAN_POINT('',(-20.,-27.0000004321337,-12.5000001862645));
#8598=CARTESIAN_POINT('',(-20.,-27.0000004321337,-20.0000002980232));
#8599=CARTESIAN_POINT('',(-20.,-27.0000004321337,-12.5000001862645));
#8600=CARTESIAN_POINT('',(-12.5,-27.0000004321337,-12.5000001862645));
#8601=CARTESIAN_POINT('',(-20.,-27.0000004321337,-12.5));
#8602=CARTESIAN_POINT('',(-12.5,-27.0000004321337,-20.0000002980232));
#8603=CARTESIAN_POINT('',(-12.4999998137355,-27.0000004321337,0.));
#8604=CARTESIAN_POINT('',(-20.,-27.0000004321337,-20.0000002980232));
#8605=CARTESIAN_POINT('Origin',(-12.4999998137355,-10.,20.0000002980232));
#8606=CARTESIAN_POINT('',(-12.5,-29.0000004321337,-20.0000002980232));
#8607=CARTESIAN_POINT('',(-12.4999998137355,-10.,-20.0000002980232));
#8608=CARTESIAN_POINT('',(-12.5,-29.0000004321337,-12.5));
#8609=CARTESIAN_POINT('',(-12.4999998137355,-29.0000004321337,0.));
#8610=CARTESIAN_POINT('',(-12.5,-30.,-12.5));
#8611=CARTESIAN_POINT('Origin',(-12.4999998137355,-10.,20.0000002980232));
#8612=CARTESIAN_POINT('',(-12.5,-26.0000004470348,-12.5000001862645));
#8613=CARTESIAN_POINT('',(-12.5,-30.,-12.5));
#8614=CARTESIAN_POINT('',(-12.5,-26.0000004470348,-20.0000002980232));
#8615=CARTESIAN_POINT('',(-12.4999998137355,-26.0000004470348,3.75000005587935));
#8616=CARTESIAN_POINT('',(-12.4999998137355,-10.,-20.0000002980232));
#8617=CARTESIAN_POINT('Origin',(-20.,-30.,-12.5));
#8618=CARTESIAN_POINT('',(-20.,-29.0000004321337,-12.5));
#8619=CARTESIAN_POINT('',(-20.,-29.0000004321337,-12.5));
#8620=CARTESIAN_POINT('',(-20.,-30.,-12.5));
#8621=CARTESIAN_POINT('Origin',(-20.,-30.,-12.5));
#8622=CARTESIAN_POINT('',(-20.,-26.0000004470348,-12.5000001862645));
#8623=CARTESIAN_POINT('',(-20.,-30.,-12.5));
#8624=CARTESIAN_POINT('',(-20.,-26.0000004470348,-12.5));
#8625=CARTESIAN_POINT('Origin',(-20.,-16.0000004470348,20.0000002980232));
#8626=CARTESIAN_POINT('',(-20.,-16.0000004470348,20.0000002980232));
#8627=CARTESIAN_POINT('',(-20.,-16.0000004470348,12.5000001862645));
#8628=CARTESIAN_POINT('',(-20.,-16.0000004470348,20.0000002980232));
#8629=CARTESIAN_POINT('',(-12.5,-16.0000004470348,12.5000001862645));
#8630=CARTESIAN_POINT('',(-20.,-16.0000004470348,12.5));
#8631=CARTESIAN_POINT('',(-12.5,-16.0000004470348,20.0000002980232));
#8632=CARTESIAN_POINT('',(-12.4999998137355,-16.0000004470348,20.0000002980232));
#8633=CARTESIAN_POINT('',(-20.,-16.0000004470348,20.0000002980232));
#8634=CARTESIAN_POINT('Origin',(-20.,-15.0000004321337,12.5000001862645));
#8635=CARTESIAN_POINT('',(-20.,-15.0000004321337,12.5000001862645));
#8636=CARTESIAN_POINT('',(-20.,-15.0000004321337,20.0000002980232));
#8637=CARTESIAN_POINT('',(-20.,-15.0000004321337,12.5000001862645));
#8638=CARTESIAN_POINT('',(-12.5,-15.0000004321337,20.0000002980232));
#8639=CARTESIAN_POINT('',(-20.,-15.0000004321337,20.0000002980232));
#8640=CARTESIAN_POINT('',(-12.5,-15.0000004321337,12.5000001862645));
#8641=CARTESIAN_POINT('',(-12.4999998137355,-15.0000004321337,16.2500002421439));
#8642=CARTESIAN_POINT('',(-20.,-15.0000004321337,12.5));
#8643=CARTESIAN_POINT('Origin',(-12.4999998137355,-10.,20.0000002980232));
#8644=CARTESIAN_POINT('',(-12.5,-17.0000004321337,12.5000001862645));
#8645=CARTESIAN_POINT('',(-12.5,-10.,12.5));
#8646=CARTESIAN_POINT('',(-12.5,-17.0000004321337,20.0000002980232));
#8647=CARTESIAN_POINT('',(-12.4999998137355,-17.0000004321337,16.2500002421439));
#8648=CARTESIAN_POINT('',(-12.4999998137355,-10.,20.0000002980232));
#8649=CARTESIAN_POINT('Origin',(-20.,-10.,12.5));
#8650=CARTESIAN_POINT('',(-20.,-17.0000004321337,12.5000001862645));
#8651=CARTESIAN_POINT('',(-20.,-10.,12.5));
#8652=CARTESIAN_POINT('',(-20.,-17.0000004321337,12.5));
#8653=CARTESIAN_POINT('Origin',(-20.,-24.0000004470348,20.0000002980232));
#8654=CARTESIAN_POINT('',(-20.,-24.0000004470348,20.0000002980232));
#8655=CARTESIAN_POINT('',(-20.,-24.0000004470348,12.5000001862645));
#8656=CARTESIAN_POINT('',(-20.,-24.0000004470348,20.0000002980232));
#8657=CARTESIAN_POINT('',(-12.5,-24.0000004470348,12.5000001862645));
#8658=CARTESIAN_POINT('',(-20.,-24.0000004470348,12.5));
#8659=CARTESIAN_POINT('',(-12.5,-24.0000004470348,20.0000002980232));
#8660=CARTESIAN_POINT('',(-12.4999998137355,-24.0000004470348,20.0000002980232));
#8661=CARTESIAN_POINT('',(-20.,-24.0000004470348,20.0000002980232));
#8662=CARTESIAN_POINT('Origin',(-20.,-23.0000004321337,12.5000001862645));
#8663=CARTESIAN_POINT('',(-20.,-23.0000004321337,12.5000001862645));
#8664=CARTESIAN_POINT('',(-20.,-23.0000004321337,20.0000002980232));
#8665=CARTESIAN_POINT('',(-20.,-23.0000004321337,12.5000001862645));
#8666=CARTESIAN_POINT('',(-12.5,-23.0000004321337,20.0000002980232));
#8667=CARTESIAN_POINT('',(-20.,-23.0000004321337,20.0000002980232));
#8668=CARTESIAN_POINT('',(-12.5,-23.0000004321337,12.5000001862645));
#8669=CARTESIAN_POINT('',(-12.4999998137355,-23.0000004321337,16.2500002421439));
#8670=CARTESIAN_POINT('',(-20.,-23.0000004321337,12.5));
#8671=CARTESIAN_POINT('Origin',(-12.4999998137355,-10.,20.0000002980232));
#8672=CARTESIAN_POINT('',(-12.5,-25.0000004321337,12.5000001862645));
#8673=CARTESIAN_POINT('',(-12.5,-10.,12.5));
#8674=CARTESIAN_POINT('',(-12.5,-25.0000004321337,20.0000002980232));
#8675=CARTESIAN_POINT('',(-12.4999998137355,-25.0000004321337,16.2500002421439));
#8676=CARTESIAN_POINT('',(-12.4999998137355,-10.,20.0000002980232));
#8677=CARTESIAN_POINT('Origin',(-20.,-10.,12.5));
#8678=CARTESIAN_POINT('',(-20.,-25.0000004321337,12.5000001862645));
#8679=CARTESIAN_POINT('',(-20.,-10.,12.5));
#8680=CARTESIAN_POINT('',(-20.,-25.0000004321337,12.5));
#8681=CARTESIAN_POINT('Origin',(-20.,-29.0000004321337,12.5000001862645));
#8682=CARTESIAN_POINT('',(-20.,-29.0000004321337,12.5));
#8683=CARTESIAN_POINT('',(-20.,-29.0000004321337,20.0000002980232));
#8684=CARTESIAN_POINT('',(-20.,-29.0000004321337,12.5000001862645));
#8685=CARTESIAN_POINT('',(-12.5,-29.0000004321337,20.0000002980232));
#8686=CARTESIAN_POINT('',(-20.,-29.0000004321337,20.0000002980232));
#8687=CARTESIAN_POINT('',(-12.5,-29.0000004321337,12.5));
#8688=CARTESIAN_POINT('',(-12.4999998137355,-29.0000004321337,16.2500002421439));
#8689=CARTESIAN_POINT('',(-20.,-29.0000004321337,12.5));
#8690=CARTESIAN_POINT('Origin',(-20.,-10.,12.5));
#8691=CARTESIAN_POINT('',(-12.5,-28.0000004470348,12.5000001862645));
#8692=CARTESIAN_POINT('',(-12.5,-10.,12.5));
#8693=CARTESIAN_POINT('',(-20.,-28.0000004470348,12.5000001862645));
#8694=CARTESIAN_POINT('',(-20.,-28.0000004470348,12.5));
#8695=CARTESIAN_POINT('',(-20.,-10.,12.5));
#8696=CARTESIAN_POINT('Origin',(-12.4999998137355,-10.,20.0000002980232));
#8697=CARTESIAN_POINT('',(-12.5,-28.0000004470348,20.0000002980232));
#8698=CARTESIAN_POINT('',(-12.4999998137355,-10.,20.0000002980232));
#8699=CARTESIAN_POINT('',(-12.4999998137355,-28.0000004470348,20.0000002980232));
#8700=CARTESIAN_POINT('Origin',(-20.,-22.0000004470348,20.0000002980232));
#8701=CARTESIAN_POINT('',(-20.,-22.0000004470348,20.0000002980232));
#8702=CARTESIAN_POINT('',(-20.,-22.0000004470348,12.5000001862645));
#8703=CARTESIAN_POINT('',(-20.,-22.0000004470348,20.0000002980232));
#8704=CARTESIAN_POINT('',(-12.5,-22.0000004470348,12.5000001862645));
#8705=CARTESIAN_POINT('',(-20.,-22.0000004470348,12.5));
#8706=CARTESIAN_POINT('',(-12.5,-22.0000004470348,20.0000002980232));
#8707=CARTESIAN_POINT('',(-12.4999998137355,-22.0000004470348,20.0000002980232));
#8708=CARTESIAN_POINT('',(-20.,-22.0000004470348,20.0000002980232));
#8709=CARTESIAN_POINT('Origin',(-20.,-21.0000004321337,12.5000001862645));
#8710=CARTESIAN_POINT('',(-20.,-21.0000004321337,12.5000001862645));
#8711=CARTESIAN_POINT('',(-20.,-21.0000004321337,20.0000002980232));
#8712=CARTESIAN_POINT('',(-20.,-21.0000004321337,12.5000001862645));
#8713=CARTESIAN_POINT('',(-12.5,-21.0000004321337,20.0000002980232));
#8714=CARTESIAN_POINT('',(-20.,-21.0000004321337,20.0000002980232));
#8715=CARTESIAN_POINT('',(-12.5,-21.0000004321337,12.5000001862645));
#8716=CARTESIAN_POINT('',(-12.4999998137355,-21.0000004321337,16.2500002421439));
#8717=CARTESIAN_POINT('',(-20.,-21.0000004321337,12.5));
#8718=CARTESIAN_POINT('Origin',(-12.4999998137355,-10.,20.0000002980232));
#8719=CARTESIAN_POINT('',(-12.4999998137355,-10.,20.0000002980232));
#8720=CARTESIAN_POINT('',(-12.5,-10.,12.5));
#8721=CARTESIAN_POINT('Origin',(-20.,-10.,12.5));
#8722=CARTESIAN_POINT('',(-20.,-10.,12.5));
#8723=CARTESIAN_POINT('Origin',(-20.,-14.0000004470348,20.0000002980232));
#8724=CARTESIAN_POINT('',(-20.,-14.0000004470348,20.0000002980232));
#8725=CARTESIAN_POINT('',(-20.,-14.0000004470348,12.5000001862645));
#8726=CARTESIAN_POINT('',(-20.,-14.0000004470348,20.0000002980232));
#8727=CARTESIAN_POINT('',(-12.5,-14.0000004470348,12.5000001862645));
#8728=CARTESIAN_POINT('',(-20.,-14.0000004470348,12.5));
#8729=CARTESIAN_POINT('',(-12.5,-14.0000004470348,20.0000002980232));
#8730=CARTESIAN_POINT('',(-12.4999998137355,-14.0000004470348,20.0000002980232));
#8731=CARTESIAN_POINT('',(-20.,-14.0000004470348,20.0000002980232));
#8732=CARTESIAN_POINT('Origin',(-20.,-13.0000004321337,12.5000001862645));
#8733=CARTESIAN_POINT('',(-20.,-13.0000004321337,12.5000001862645));
#8734=CARTESIAN_POINT('',(-20.,-13.0000004321337,20.0000002980232));
#8735=CARTESIAN_POINT('',(-20.,-13.0000004321337,12.5000001862645));
#8736=CARTESIAN_POINT('',(-12.5,-13.0000004321337,20.0000002980232));
#8737=CARTESIAN_POINT('',(-20.,-13.0000004321337,20.0000002980232));
#8738=CARTESIAN_POINT('',(-12.5,-13.0000004321337,12.5000001862645));
#8739=CARTESIAN_POINT('',(-12.4999998137355,-13.0000004321337,16.2500002421439));
#8740=CARTESIAN_POINT('',(-20.,-13.0000004321337,12.5));
#8741=CARTESIAN_POINT('Origin',(-12.4999998137355,-10.,20.0000002980232));
#8742=CARTESIAN_POINT('',(-12.4999998137355,-10.,20.0000002980232));
#8743=CARTESIAN_POINT('',(-12.5,-10.,12.5));
#8744=CARTESIAN_POINT('Origin',(-20.,-10.,12.5));
#8745=CARTESIAN_POINT('',(-20.,-10.,12.5));
#8746=CARTESIAN_POINT('Origin',(-20.,-26.0000004470348,-12.5000001862645));
#8747=CARTESIAN_POINT('',(-20.,-26.0000004470348,-20.0000002980232));
#8748=CARTESIAN_POINT('',(-20.,-26.0000004470348,-20.0000002980232));
#8749=CARTESIAN_POINT('',(-20.,-26.0000004470348,-20.0000002980232));
#8750=CARTESIAN_POINT('Origin',(-20.,-25.0000004321337,-20.0000002980232));
#8751=CARTESIAN_POINT('',(-20.,-25.0000004321337,-12.5000001862645));
#8752=CARTESIAN_POINT('',(-20.,-25.0000004321337,-20.0000002980232));
#8753=CARTESIAN_POINT('',(-20.,-25.0000004321337,-12.5000001862645));
#8754=CARTESIAN_POINT('',(-12.5,-25.0000004321337,-12.5000001862645));
#8755=CARTESIAN_POINT('',(-20.,-25.0000004321337,-12.5));
#8756=CARTESIAN_POINT('',(-12.5,-25.0000004321337,-20.0000002980232));
#8757=CARTESIAN_POINT('',(-12.4999998137355,-25.0000004321337,0.));
#8758=CARTESIAN_POINT('',(-20.,-25.0000004321337,-20.0000002980232));
#8759=CARTESIAN_POINT('Origin',(-20.,-18.0000004470348,-12.5000001862645));
#8760=CARTESIAN_POINT('',(-20.,-18.0000004470348,-20.0000002980232));
#8761=CARTESIAN_POINT('',(-20.,-18.0000004470348,-20.0000002980232));
#8762=CARTESIAN_POINT('',(-20.,-18.0000004470348,-20.0000002980232));
#8763=CARTESIAN_POINT('Origin',(-20.,-17.0000004321337,-20.0000002980232));
#8764=CARTESIAN_POINT('',(-20.,-17.0000004321337,-12.5000001862645));
#8765=CARTESIAN_POINT('',(-20.,-17.0000004321337,-20.0000002980232));
#8766=CARTESIAN_POINT('',(-20.,-17.0000004321337,-12.5000001862645));
#8767=CARTESIAN_POINT('',(-12.5,-17.0000004321337,-12.5000001862645));
#8768=CARTESIAN_POINT('',(-20.,-17.0000004321337,-12.5));
#8769=CARTESIAN_POINT('',(-12.5,-17.0000004321337,-20.0000002980232));
#8770=CARTESIAN_POINT('',(-12.4999998137355,-17.0000004321337,0.));
#8771=CARTESIAN_POINT('',(-20.,-17.0000004321337,-20.0000002980232));
#8772=CARTESIAN_POINT('Origin',(-20.,-14.0000004470348,-12.5000001862645));
#8773=CARTESIAN_POINT('',(-20.,-14.0000004470348,-20.0000002980232));
#8774=CARTESIAN_POINT('',(-20.,-14.0000004470348,-12.5000001862645));
#8775=CARTESIAN_POINT('',(-20.,-14.0000004470348,-20.0000002980232));
#8776=CARTESIAN_POINT('',(-12.5,-14.0000004470348,-20.0000002980232));
#8777=CARTESIAN_POINT('',(-20.,-14.0000004470348,-20.0000002980232));
#8778=CARTESIAN_POINT('',(-12.5,-14.0000004470348,-12.5000001862645));
#8779=CARTESIAN_POINT('',(-12.4999998137355,-14.0000004470348,3.75000005587935));
#8780=CARTESIAN_POINT('',(-20.,-14.0000004470348,-12.5));
#8781=CARTESIAN_POINT('Origin',(-20.,-13.0000004321337,-20.0000002980232));
#8782=CARTESIAN_POINT('',(-20.,-13.0000004321337,-20.0000002980232));
#8783=CARTESIAN_POINT('',(-20.,-13.0000004321337,-12.5000001862645));
#8784=CARTESIAN_POINT('',(-20.,-13.0000004321337,-20.0000002980232));
#8785=CARTESIAN_POINT('Origin',(-20.,-30.,-12.5));
#8786=CARTESIAN_POINT('',(-12.5,-15.0000004321337,-12.5000001862645));
#8787=CARTESIAN_POINT('',(-12.5,-30.,-12.5));
#8788=CARTESIAN_POINT('',(-20.,-15.0000004321337,-12.5000001862645));
#8789=CARTESIAN_POINT('',(-20.,-15.0000004321337,-12.5));
#8790=CARTESIAN_POINT('',(-20.,-30.,-12.5));
#8791=CARTESIAN_POINT('Origin',(-12.4999998137355,-10.,20.0000002980232));
#8792=CARTESIAN_POINT('',(-12.5,-15.0000004321337,-20.0000002980232));
#8793=CARTESIAN_POINT('',(-12.4999998137355,-10.,-20.0000002980232));
#8794=CARTESIAN_POINT('',(-12.4999998137355,-15.0000004321337,0.));
#8795=CARTESIAN_POINT('Origin',(-20.,-22.0000004470348,-12.5000001862645));
#8796=CARTESIAN_POINT('',(-20.,-22.0000004470348,-20.0000002980232));
#8797=CARTESIAN_POINT('',(-20.,-22.0000004470348,-12.5000001862645));
#8798=CARTESIAN_POINT('',(-20.,-22.0000004470348,-20.0000002980232));
#8799=CARTESIAN_POINT('',(-12.5,-22.0000004470348,-20.0000002980232));
#8800=CARTESIAN_POINT('',(-20.,-22.0000004470348,-20.0000002980232));
#8801=CARTESIAN_POINT('',(-12.5,-22.0000004470348,-12.5000001862645));
#8802=CARTESIAN_POINT('',(-12.4999998137355,-22.0000004470348,3.75000005587935));
#8803=CARTESIAN_POINT('',(-20.,-22.0000004470348,-12.5));
#8804=CARTESIAN_POINT('Origin',(-20.,-21.0000004321337,-20.0000002980232));
#8805=CARTESIAN_POINT('',(-20.,-21.0000004321337,-20.0000002980232));
#8806=CARTESIAN_POINT('',(-20.,-21.0000004321337,-12.5000001862645));
#8807=CARTESIAN_POINT('',(-20.,-21.0000004321337,-20.0000002980232));
#8808=CARTESIAN_POINT('Origin',(-20.,-30.,-12.5));
#8809=CARTESIAN_POINT('',(-12.5,-23.0000004321337,-12.5000001862645));
#8810=CARTESIAN_POINT('',(-12.5,-30.,-12.5));
#8811=CARTESIAN_POINT('',(-20.,-23.0000004321337,-12.5000001862645));
#8812=CARTESIAN_POINT('',(-20.,-23.0000004321337,-12.5));
#8813=CARTESIAN_POINT('',(-20.,-30.,-12.5));
#8814=CARTESIAN_POINT('Origin',(-12.4999998137355,-10.,20.0000002980232));
#8815=CARTESIAN_POINT('',(-12.5,-23.0000004321337,-20.0000002980232));
#8816=CARTESIAN_POINT('',(-12.4999998137355,-10.,-20.0000002980232));
#8817=CARTESIAN_POINT('',(-12.4999998137355,-23.0000004321337,0.));
#8818=CARTESIAN_POINT('Origin',(-20.,-29.0000004321337,-20.0000002980232));
#8819=CARTESIAN_POINT('',(-20.,-29.0000004321337,-20.0000002980232));
#8820=CARTESIAN_POINT('',(-20.,-29.0000004321337,-12.5000001862645));
#8821=CARTESIAN_POINT('',(-20.,-29.0000004321337,-20.0000002980232));
#8822=CARTESIAN_POINT('Origin',(-20.,-18.0000004470348,20.0000002980232));
#8823=CARTESIAN_POINT('',(-20.,-18.0000004470348,20.0000002980232));
#8824=CARTESIAN_POINT('',(-20.,-18.0000004470348,12.5000001862645));
#8825=CARTESIAN_POINT('',(-20.,-18.0000004470348,20.0000002980232));
#8826=CARTESIAN_POINT('',(-12.5,-18.0000004470348,12.5000001862645));
#8827=CARTESIAN_POINT('',(-20.,-18.0000004470348,12.5));
#8828=CARTESIAN_POINT('',(-12.5,-18.0000004470348,20.0000002980232));
#8829=CARTESIAN_POINT('',(-12.4999998137355,-18.0000004470348,20.0000002980232));
#8830=CARTESIAN_POINT('',(-20.,-18.0000004470348,20.0000002980232));
#8831=CARTESIAN_POINT('Origin',(-20.,-17.0000004321337,12.5000001862645));
#8832=CARTESIAN_POINT('',(-20.,-17.0000004321337,20.0000002980232));
#8833=CARTESIAN_POINT('',(-20.,-17.0000004321337,12.5000001862645));
#8834=CARTESIAN_POINT('',(-20.,-17.0000004321337,20.0000002980232));
#8835=CARTESIAN_POINT('Origin',(-12.4999998137355,-10.,20.0000002980232));
#8836=CARTESIAN_POINT('',(-12.5,-19.0000004321337,12.5000001862645));
#8837=CARTESIAN_POINT('',(-12.5,-10.,12.5));
#8838=CARTESIAN_POINT('',(-12.5,-19.0000004321337,20.0000002980232));
#8839=CARTESIAN_POINT('',(-12.4999998137355,-19.0000004321337,16.2500002421439));
#8840=CARTESIAN_POINT('',(-12.4999998137355,-10.,20.0000002980232));
#8841=CARTESIAN_POINT('Origin',(-20.,-10.,12.5));
#8842=CARTESIAN_POINT('',(-20.,-19.0000004321337,12.5000001862645));
#8843=CARTESIAN_POINT('',(-20.,-10.,12.5));
#8844=CARTESIAN_POINT('',(-20.,-19.0000004321337,12.5));
#8845=CARTESIAN_POINT('Origin',(-20.,-26.0000004470348,20.0000002980232));
#8846=CARTESIAN_POINT('',(-20.,-26.0000004470348,20.0000002980232));
#8847=CARTESIAN_POINT('',(-20.,-26.0000004470348,12.5000001862645));
#8848=CARTESIAN_POINT('',(-20.,-26.0000004470348,20.0000002980232));
#8849=CARTESIAN_POINT('',(-12.5,-26.0000004470348,12.5000001862645));
#8850=CARTESIAN_POINT('',(-20.,-26.0000004470348,12.5));
#8851=CARTESIAN_POINT('',(-12.5,-26.0000004470348,20.0000002980232));
#8852=CARTESIAN_POINT('',(-12.4999998137355,-26.0000004470348,20.0000002980232));
#8853=CARTESIAN_POINT('',(-20.,-26.0000004470348,20.0000002980232));
#8854=CARTESIAN_POINT('Origin',(-20.,-25.0000004321337,12.5000001862645));
#8855=CARTESIAN_POINT('',(-20.,-25.0000004321337,20.0000002980232));
#8856=CARTESIAN_POINT('',(-20.,-25.0000004321337,12.5000001862645));
#8857=CARTESIAN_POINT('',(-20.,-25.0000004321337,20.0000002980232));
#8858=CARTESIAN_POINT('Origin',(-12.4999998137355,-10.,20.0000002980232));
#8859=CARTESIAN_POINT('',(-12.5,-27.0000004321337,12.5000001862645));
#8860=CARTESIAN_POINT('',(-12.5,-10.,12.5));
#8861=CARTESIAN_POINT('',(-12.5,-27.0000004321337,20.0000002980232));
#8862=CARTESIAN_POINT('',(-12.4999998137355,-27.0000004321337,16.2500002421439));
#8863=CARTESIAN_POINT('',(-12.4999998137355,-10.,20.0000002980232));
#8864=CARTESIAN_POINT('Origin',(-20.,-10.,12.5));
#8865=CARTESIAN_POINT('',(-20.,-27.0000004321337,12.5000001862645));
#8866=CARTESIAN_POINT('',(-20.,-10.,12.5));
#8867=CARTESIAN_POINT('',(-20.,-27.0000004321337,12.5));
#8868=CARTESIAN_POINT('Origin',(-20.,-28.0000004470348,20.0000002980232));
#8869=CARTESIAN_POINT('',(-20.,-28.0000004470348,20.0000002980232));
#8870=CARTESIAN_POINT('',(-20.,-28.0000004470348,20.0000002980232));
#8871=CARTESIAN_POINT('',(-20.,-28.0000004470348,20.0000002980232));
#8872=CARTESIAN_POINT('Origin',(-20.,-27.0000004321337,12.5000001862645));
#8873=CARTESIAN_POINT('',(-20.,-27.0000004321337,20.0000002980232));
#8874=CARTESIAN_POINT('',(-20.,-27.0000004321337,12.5000001862645));
#8875=CARTESIAN_POINT('',(-20.,-27.0000004321337,20.0000002980232));
#8876=CARTESIAN_POINT('Origin',(-20.,-20.0000004470348,20.0000002980232));
#8877=CARTESIAN_POINT('',(-20.,-20.0000004470348,20.0000002980232));
#8878=CARTESIAN_POINT('',(-20.,-20.0000004470348,12.5000001862645));
#8879=CARTESIAN_POINT('',(-20.,-20.0000004470348,20.0000002980232));
#8880=CARTESIAN_POINT('',(-12.5,-20.0000004470348,12.5000001862645));
#8881=CARTESIAN_POINT('',(-20.,-20.0000004470348,12.5));
#8882=CARTESIAN_POINT('',(-12.5,-20.0000004470348,20.0000002980232));
#8883=CARTESIAN_POINT('',(-12.4999998137355,-20.0000004470348,20.0000002980232));
#8884=CARTESIAN_POINT('',(-20.,-20.0000004470348,20.0000002980232));
#8885=CARTESIAN_POINT('Origin',(-20.,-19.0000004321337,12.5000001862645));
#8886=CARTESIAN_POINT('',(-20.,-19.0000004321337,20.0000002980232));
#8887=CARTESIAN_POINT('',(-20.,-19.0000004321337,12.5000001862645));
#8888=CARTESIAN_POINT('',(-20.,-19.0000004321337,20.0000002980232));
#8889=CARTESIAN_POINT('Origin',(-12.4999998137355,-10.,20.0000002980232));
#8890=CARTESIAN_POINT('',(-12.4999998137355,-10.,20.0000002980232));
#8891=CARTESIAN_POINT('',(-12.5,-10.,12.5));
#8892=CARTESIAN_POINT('Origin',(-20.,-10.,12.5));
#8893=CARTESIAN_POINT('',(-20.,-10.,12.5));
#8894=CARTESIAN_POINT('Origin',(-20.,-12.0000004470348,20.0000002980232));
#8895=CARTESIAN_POINT('',(-20.,-12.0000004470348,20.0000002980232));
#8896=CARTESIAN_POINT('',(-20.,-12.0000004470348,12.5000001862645));
#8897=CARTESIAN_POINT('',(-20.,-12.0000004470348,20.0000002980232));
#8898=CARTESIAN_POINT('',(-12.5,-12.0000004470348,12.5000001862645));
#8899=CARTESIAN_POINT('',(-20.,-12.0000004470348,12.5));
#8900=CARTESIAN_POINT('',(-12.5,-12.0000004470348,20.0000002980232));
#8901=CARTESIAN_POINT('',(-12.4999998137355,-12.0000004470348,20.0000002980232));
#8902=CARTESIAN_POINT('',(-20.,-12.0000004470348,20.0000002980232));
#8903=CARTESIAN_POINT('Origin',(-20.,-11.0000004321337,12.5000001862645));
#8904=CARTESIAN_POINT('',(-20.,-11.0000004321337,12.5000001862645));
#8905=CARTESIAN_POINT('',(-20.,-11.0000004321337,20.0000002980232));
#8906=CARTESIAN_POINT('',(-20.,-11.0000004321337,12.5000001862645));
#8907=CARTESIAN_POINT('',(-12.5,-11.0000004321337,20.0000002980232));
#8908=CARTESIAN_POINT('',(-20.,-11.0000004321337,20.0000002980232));
#8909=CARTESIAN_POINT('',(-12.5,-11.0000004321337,12.5000001862645));
#8910=CARTESIAN_POINT('',(-12.4999998137355,-11.0000004321337,16.2500002421439));
#8911=CARTESIAN_POINT('',(-20.,-11.0000004321337,12.5));
#8912=CARTESIAN_POINT('Origin',(-12.4999998137355,-10.,20.0000002980232));
#8913=CARTESIAN_POINT('',(-12.4999998137355,-10.,20.0000002980232));
#8914=CARTESIAN_POINT('',(-12.5,-10.,12.5));
#8915=CARTESIAN_POINT('Origin',(-20.,-10.,12.5));
#8916=CARTESIAN_POINT('',(-20.,-10.,12.5));
#8917=CARTESIAN_POINT('Origin',(-20.,-24.0000004470348,-12.5000001862645));
#8918=CARTESIAN_POINT('',(-20.,-24.0000004470348,-20.0000002980232));
#8919=CARTESIAN_POINT('',(-20.,-24.0000004470348,-12.5000001862645));
#8920=CARTESIAN_POINT('',(-20.,-24.0000004470348,-20.0000002980232));
#8921=CARTESIAN_POINT('',(-12.5,-24.0000004470348,-20.0000002980232));
#8922=CARTESIAN_POINT('',(-20.,-24.0000004470348,-20.0000002980232));
#8923=CARTESIAN_POINT('',(-12.5,-24.0000004470348,-12.5000001862645));
#8924=CARTESIAN_POINT('',(-12.4999998137355,-24.0000004470348,3.75000005587935));
#8925=CARTESIAN_POINT('',(-20.,-24.0000004470348,-12.5));
#8926=CARTESIAN_POINT('Origin',(-20.,-23.0000004321337,-20.0000002980232));
#8927=CARTESIAN_POINT('',(-20.,-23.0000004321337,-20.0000002980232));
#8928=CARTESIAN_POINT('',(-20.,-23.0000004321337,-12.5000001862645));
#8929=CARTESIAN_POINT('',(-20.,-23.0000004321337,-20.0000002980232));
#8930=CARTESIAN_POINT('Origin',(-12.4999998137355,-10.,20.0000002980232));
#8931=CARTESIAN_POINT('',(-12.5,-30.,-12.5));
#8932=CARTESIAN_POINT('',(-12.4999998137355,-10.,-20.0000002980232));
#8933=CARTESIAN_POINT('Origin',(-12.4999998137355,-10.,20.0000002980232));
#8934=CARTESIAN_POINT('',(-12.5,-16.0000004470348,-12.5000001862645));
#8935=CARTESIAN_POINT('',(-12.5,-30.,-12.5));
#8936=CARTESIAN_POINT('',(-12.5,-16.0000004470348,-20.0000002980232));
#8937=CARTESIAN_POINT('',(-12.4999998137355,-16.0000004470348,3.75000005587935));
#8938=CARTESIAN_POINT('',(-12.4999998137355,-10.,-20.0000002980232));
#8939=CARTESIAN_POINT('Origin',(-20.,-30.,-12.5));
#8940=CARTESIAN_POINT('',(-20.,-30.,-12.5));
#8941=CARTESIAN_POINT('Origin',(-20.,-30.,-12.5));
#8942=CARTESIAN_POINT('',(-20.,-16.0000004470348,-12.5000001862645));
#8943=CARTESIAN_POINT('',(-20.,-30.,-12.5));
#8944=CARTESIAN_POINT('',(-20.,-16.0000004470348,-12.5));
#8945=CARTESIAN_POINT('Origin',(-20.,-16.0000004470348,-12.5000001862645));
#8946=CARTESIAN_POINT('',(-20.,-16.0000004470348,-20.0000002980232));
#8947=CARTESIAN_POINT('',(-20.,-16.0000004470348,-20.0000002980232));
#8948=CARTESIAN_POINT('',(-20.,-16.0000004470348,-20.0000002980232));
#8949=CARTESIAN_POINT('Origin',(-20.,-15.0000004321337,-20.0000002980232));
#8950=CARTESIAN_POINT('',(-20.,-15.0000004321337,-20.0000002980232));
#8951=CARTESIAN_POINT('',(-20.,-15.0000004321337,-12.5000001862645));
#8952=CARTESIAN_POINT('',(-20.,-15.0000004321337,-20.0000002980232));
#8953=CARTESIAN_POINT('Origin',(20.,-29.,-12.5));
#8954=CARTESIAN_POINT('',(20.,-29.,-12.5));
#8955=CARTESIAN_POINT('',(20.,-29.,-20.0000002980232));
#8956=CARTESIAN_POINT('',(20.,-29.,-12.5));
#8957=CARTESIAN_POINT('',(12.5,-29.,-20.0000002980232));
#8958=CARTESIAN_POINT('',(20.,-29.,-20.0000002980232));
#8959=CARTESIAN_POINT('',(12.5,-29.,-12.5));
#8960=CARTESIAN_POINT('',(12.5000001862645,-29.,-16.25));
#8961=CARTESIAN_POINT('',(20.,-29.,-12.5));
#8962=CARTESIAN_POINT('Origin',(20.,-10.,-12.5));
#8963=CARTESIAN_POINT('',(12.5,-28.,-12.5));
#8964=CARTESIAN_POINT('',(12.5,-10.,-12.5));
#8965=CARTESIAN_POINT('',(20.,-28.,-12.5));
#8966=CARTESIAN_POINT('',(20.,-28.,-12.5));
#8967=CARTESIAN_POINT('',(20.,-10.,-12.5));
#8968=CARTESIAN_POINT('Origin',(20.,-21.,-12.5));
#8969=CARTESIAN_POINT('',(20.,-21.,-12.5));
#8970=CARTESIAN_POINT('',(20.,-21.,-20.0000002980232));
#8971=CARTESIAN_POINT('',(20.,-21.,-12.5));
#8972=CARTESIAN_POINT('',(12.5,-21.,-20.0000002980232));
#8973=CARTESIAN_POINT('',(20.,-21.,-20.0000002980232));
#8974=CARTESIAN_POINT('',(12.5,-21.,-12.5));
#8975=CARTESIAN_POINT('',(12.5000001862645,-21.,-16.25));
#8976=CARTESIAN_POINT('',(20.,-21.,-12.5));
#8977=CARTESIAN_POINT('Origin',(20.,-22.,-20.0000002980232));
#8978=CARTESIAN_POINT('',(20.,-22.,-20.0000002980232));
#8979=CARTESIAN_POINT('',(20.,-22.,-12.5));
#8980=CARTESIAN_POINT('',(20.,-22.,-20.0000002980232));
#8981=CARTESIAN_POINT('',(12.5,-22.,-12.5));
#8982=CARTESIAN_POINT('',(20.,-22.,-12.5));
#8983=CARTESIAN_POINT('',(12.5,-22.,-20.0000002980232));
#8984=CARTESIAN_POINT('',(12.5000001862645,-22.,-20.0000001490116));
#8985=CARTESIAN_POINT('',(20.,-22.,-20.0000002980232));
#8986=CARTESIAN_POINT('Origin',(20.,-10.,-12.5));
#8987=CARTESIAN_POINT('',(12.5,-20.,-12.5));
#8988=CARTESIAN_POINT('',(12.5,-10.,-12.5));
#8989=CARTESIAN_POINT('',(20.,-20.,-12.5));
#8990=CARTESIAN_POINT('',(20.,-20.,-12.5));
#8991=CARTESIAN_POINT('',(20.,-10.,-12.5));
#8992=CARTESIAN_POINT('Origin',(12.5000001862645,-10.,-20.));
#8993=CARTESIAN_POINT('',(12.5,-20.,-20.0000002980232));
#8994=CARTESIAN_POINT('',(12.5000001862645,-10.,-20.));
#8995=CARTESIAN_POINT('',(12.5000001862645,-20.,-20.0000001490116));
#8996=CARTESIAN_POINT('Origin',(20.,-13.,-12.5));
#8997=CARTESIAN_POINT('',(20.,-13.,-12.5));
#8998=CARTESIAN_POINT('',(20.,-13.,-20.0000002980232));
#8999=CARTESIAN_POINT('',(20.,-13.,-12.5));
#9000=CARTESIAN_POINT('',(12.5,-13.,-20.0000002980232));
#9001=CARTESIAN_POINT('',(20.,-13.,-20.0000002980232));
#9002=CARTESIAN_POINT('',(12.5,-13.,-12.5));
#9003=CARTESIAN_POINT('',(12.5000001862645,-13.,-16.25));
#9004=CARTESIAN_POINT('',(20.,-13.,-12.5));
#9005=CARTESIAN_POINT('Origin',(20.,-14.,-20.0000002980232));
#9006=CARTESIAN_POINT('',(20.,-14.,-20.0000002980232));
#9007=CARTESIAN_POINT('',(20.,-14.,-12.5));
#9008=CARTESIAN_POINT('',(20.,-14.,-20.0000002980232));
#9009=CARTESIAN_POINT('',(12.5,-14.,-12.5));
#9010=CARTESIAN_POINT('',(20.,-14.,-12.5));
#9011=CARTESIAN_POINT('',(12.5,-14.,-20.0000002980232));
#9012=CARTESIAN_POINT('',(12.5000001862645,-14.,-20.0000001490116));
#9013=CARTESIAN_POINT('',(20.,-14.,-20.0000002980232));
#9014=CARTESIAN_POINT('Origin',(12.5000001862645,-10.,-20.));
#9015=CARTESIAN_POINT('',(12.5,-12.,-20.0000002980232));
#9016=CARTESIAN_POINT('',(12.5000001862645,-10.,-20.));
#9017=CARTESIAN_POINT('',(12.5,-12.,-12.5));
#9018=CARTESIAN_POINT('',(12.5000001862645,-12.,-20.0000001490116));
#9019=CARTESIAN_POINT('',(12.5,-10.,-12.5));
#9020=CARTESIAN_POINT('Origin',(12.5000001862645,-10.,-20.));
#9021=CARTESIAN_POINT('',(12.5,-15.,-12.5));
#9022=CARTESIAN_POINT('',(12.5,-10.,-12.5));
#9023=CARTESIAN_POINT('',(12.5,-15.,-20.0000002980232));
#9024=CARTESIAN_POINT('',(12.5000001862645,-15.,-16.25));
#9025=CARTESIAN_POINT('',(12.5000001862645,-10.,-20.));
#9026=CARTESIAN_POINT('Origin',(20.,-10.,-12.5));
#9027=CARTESIAN_POINT('',(20.,-12.,-12.5));
#9028=CARTESIAN_POINT('',(20.,-12.,-12.5));
#9029=CARTESIAN_POINT('',(20.,-10.,-12.5));
#9030=CARTESIAN_POINT('Origin',(20.,-10.,-12.5));
#9031=CARTESIAN_POINT('',(20.,-15.,-12.5));
#9032=CARTESIAN_POINT('',(20.,-10.,-12.5));
#9033=CARTESIAN_POINT('',(20.,-15.,-12.5));
#9034=CARTESIAN_POINT('Origin',(20.,-16.,12.5));
#9035=CARTESIAN_POINT('',(20.,-16.,20.0000002980232));
#9036=CARTESIAN_POINT('',(20.,-16.,12.5));
#9037=CARTESIAN_POINT('',(20.,-16.,20.0000002980232));
#9038=CARTESIAN_POINT('',(12.5,-16.,20.0000002980232));
#9039=CARTESIAN_POINT('',(20.,-16.,20.0000002980232));
#9040=CARTESIAN_POINT('',(12.5,-16.,12.5));
#9041=CARTESIAN_POINT('',(12.5000001862645,-16.,-3.74999999999999));
#9042=CARTESIAN_POINT('',(20.,-16.,12.5));
#9043=CARTESIAN_POINT('Origin',(20.,-15.,20.0000002980232));
#9044=CARTESIAN_POINT('',(20.,-15.,12.5));
#9045=CARTESIAN_POINT('',(20.,-15.,20.0000002980232));
#9046=CARTESIAN_POINT('',(20.,-15.,12.5));
#9047=CARTESIAN_POINT('',(12.5,-15.,12.5));
#9048=CARTESIAN_POINT('',(20.,-15.,12.5));
#9049=CARTESIAN_POINT('',(12.5,-15.,20.0000002980232));
#9050=CARTESIAN_POINT('',(12.5000001862645,-15.,1.49011614158923E-7));
#9051=CARTESIAN_POINT('',(20.,-15.,20.0000002980232));
#9052=CARTESIAN_POINT('Origin',(12.5000001862645,-10.,-20.));
#9053=CARTESIAN_POINT('',(12.5,-17.,20.0000002980232));
#9054=CARTESIAN_POINT('',(12.5000001862645,-10.,20.0000002980232));
#9055=CARTESIAN_POINT('',(12.5,-17.,12.5));
#9056=CARTESIAN_POINT('',(12.5000001862645,-17.,1.49011614158923E-7));
#9057=CARTESIAN_POINT('',(12.5,-30.,12.5));
#9058=CARTESIAN_POINT('Origin',(12.5000001862645,-10.,-20.));
#9059=CARTESIAN_POINT('',(12.5,-14.,12.5));
#9060=CARTESIAN_POINT('',(12.5,-30.,12.5));
#9061=CARTESIAN_POINT('',(12.5,-14.,20.0000002980232));
#9062=CARTESIAN_POINT('',(12.5000001862645,-14.,-3.74999999999999));
#9063=CARTESIAN_POINT('',(12.5000001862645,-10.,20.0000002980232));
#9064=CARTESIAN_POINT('Origin',(20.,-30.,12.5));
#9065=CARTESIAN_POINT('',(20.,-17.,12.5));
#9066=CARTESIAN_POINT('',(20.,-17.,12.5));
#9067=CARTESIAN_POINT('',(20.,-30.,12.5));
#9068=CARTESIAN_POINT('Origin',(20.,-30.,12.5));
#9069=CARTESIAN_POINT('',(20.,-14.,12.5));
#9070=CARTESIAN_POINT('',(20.,-30.,12.5));
#9071=CARTESIAN_POINT('',(20.,-14.,12.5));
#9072=CARTESIAN_POINT('Origin',(20.,-24.,12.5));
#9073=CARTESIAN_POINT('',(20.,-24.,20.0000002980232));
#9074=CARTESIAN_POINT('',(20.,-24.,12.5));
#9075=CARTESIAN_POINT('',(20.,-24.,20.0000002980232));
#9076=CARTESIAN_POINT('',(12.5,-24.,20.0000002980232));
#9077=CARTESIAN_POINT('',(20.,-24.,20.0000002980232));
#9078=CARTESIAN_POINT('',(12.5,-24.,12.5));
#9079=CARTESIAN_POINT('',(12.5000001862645,-24.,-3.74999999999999));
#9080=CARTESIAN_POINT('',(20.,-24.,12.5));
#9081=CARTESIAN_POINT('Origin',(20.,-23.,20.0000002980232));
#9082=CARTESIAN_POINT('',(20.,-23.,12.5));
#9083=CARTESIAN_POINT('',(20.,-23.,20.0000002980232));
#9084=CARTESIAN_POINT('',(20.,-23.,12.5));
#9085=CARTESIAN_POINT('',(12.5,-23.,12.5));
#9086=CARTESIAN_POINT('',(20.,-23.,12.5));
#9087=CARTESIAN_POINT('',(12.5,-23.,20.0000002980232));
#9088=CARTESIAN_POINT('',(12.5000001862645,-23.,1.49011614158923E-7));
#9089=CARTESIAN_POINT('',(20.,-23.,20.0000002980232));
#9090=CARTESIAN_POINT('Origin',(12.5000001862645,-10.,-20.));
#9091=CARTESIAN_POINT('',(12.5,-25.,20.0000002980232));
#9092=CARTESIAN_POINT('',(12.5000001862645,-10.,20.0000002980232));
#9093=CARTESIAN_POINT('',(12.5,-25.,12.5));
#9094=CARTESIAN_POINT('',(12.5000001862645,-25.,1.49011614158923E-7));
#9095=CARTESIAN_POINT('',(12.5,-30.,12.5));
#9096=CARTESIAN_POINT('Origin',(12.5000001862645,-10.,-20.));
#9097=CARTESIAN_POINT('',(12.5,-22.,12.5));
#9098=CARTESIAN_POINT('',(12.5,-30.,12.5));
#9099=CARTESIAN_POINT('',(12.5,-22.,20.0000002980232));
#9100=CARTESIAN_POINT('',(12.5000001862645,-22.,-3.74999999999999));
#9101=CARTESIAN_POINT('',(12.5000001862645,-10.,20.0000002980232));
#9102=CARTESIAN_POINT('Origin',(20.,-30.,12.5));
#9103=CARTESIAN_POINT('',(20.,-25.,12.5));
#9104=CARTESIAN_POINT('',(20.,-25.,12.5));
#9105=CARTESIAN_POINT('',(20.,-30.,12.5));
#9106=CARTESIAN_POINT('Origin',(20.,-30.,12.5));
#9107=CARTESIAN_POINT('',(20.,-22.,12.5));
#9108=CARTESIAN_POINT('',(20.,-30.,12.5));
#9109=CARTESIAN_POINT('',(20.,-22.,12.5));
#9110=CARTESIAN_POINT('Origin',(20.,-29.,20.0000002980232));
#9111=CARTESIAN_POINT('',(20.,-29.,12.5));
#9112=CARTESIAN_POINT('',(20.,-29.,20.0000002980232));
#9113=CARTESIAN_POINT('',(20.,-29.,12.5));
#9114=CARTESIAN_POINT('',(12.5,-29.,12.5));
#9115=CARTESIAN_POINT('',(20.,-29.,12.5));
#9116=CARTESIAN_POINT('',(12.5,-29.,20.0000002980232));
#9117=CARTESIAN_POINT('',(12.5000001862645,-29.,1.49011614158923E-7));
#9118=CARTESIAN_POINT('',(20.,-29.,20.0000002980232));
#9119=CARTESIAN_POINT('Origin',(12.5000001862645,-10.,-20.));
#9120=CARTESIAN_POINT('',(12.5,-28.,12.5));
#9121=CARTESIAN_POINT('',(12.5,-30.,12.5));
#9122=CARTESIAN_POINT('',(12.5,-28.,20.0000002980232));
#9123=CARTESIAN_POINT('',(12.5000001862645,-28.,-3.74999999999999));
#9124=CARTESIAN_POINT('',(12.5000001862645,-10.,20.0000002980232));
#9125=CARTESIAN_POINT('Origin',(20.,-22.,12.5));
#9126=CARTESIAN_POINT('',(20.,-22.,20.0000002980232));
#9127=CARTESIAN_POINT('',(20.,-22.,20.0000002980232));
#9128=CARTESIAN_POINT('',(20.,-22.,20.0000002980232));
#9129=CARTESIAN_POINT('Origin',(20.,-21.,20.0000002980232));
#9130=CARTESIAN_POINT('',(20.,-21.,12.5));
#9131=CARTESIAN_POINT('',(20.,-21.,20.0000002980232));
#9132=CARTESIAN_POINT('',(20.,-21.,12.5));
#9133=CARTESIAN_POINT('',(12.5,-21.,12.5));
#9134=CARTESIAN_POINT('',(20.,-21.,12.5));
#9135=CARTESIAN_POINT('',(12.5,-21.,20.0000002980232));
#9136=CARTESIAN_POINT('',(12.5000001862645,-21.,1.49011614158923E-7));
#9137=CARTESIAN_POINT('',(20.,-21.,20.0000002980232));
#9138=CARTESIAN_POINT('Origin',(20.,-14.,12.5));
#9139=CARTESIAN_POINT('',(20.,-14.,20.0000002980232));
#9140=CARTESIAN_POINT('',(20.,-14.,20.0000002980232));
#9141=CARTESIAN_POINT('',(20.,-14.,20.0000002980232));
#9142=CARTESIAN_POINT('Origin',(20.,-13.,20.0000002980232));
#9143=CARTESIAN_POINT('',(20.,-13.,12.5));
#9144=CARTESIAN_POINT('',(20.,-13.,20.0000002980232));
#9145=CARTESIAN_POINT('',(20.,-13.,12.5));
#9146=CARTESIAN_POINT('',(12.5,-13.,12.5));
#9147=CARTESIAN_POINT('',(20.,-13.,12.5));
#9148=CARTESIAN_POINT('',(12.5,-13.,20.0000002980232));
#9149=CARTESIAN_POINT('',(12.5000001862645,-13.,1.49011614158923E-7));
#9150=CARTESIAN_POINT('',(20.,-13.,20.0000002980232));
#9151=CARTESIAN_POINT('Origin',(20.,-15.,-12.5));
#9152=CARTESIAN_POINT('',(20.,-15.,-20.0000002980232));
#9153=CARTESIAN_POINT('',(20.,-15.,-12.5));
#9154=CARTESIAN_POINT('',(20.,-15.,-20.0000002980232));
#9155=CARTESIAN_POINT('Origin',(20.,-16.,-20.0000002980232));
#9156=CARTESIAN_POINT('',(20.,-16.,-20.0000002980232));
#9157=CARTESIAN_POINT('',(20.,-16.,-12.5));
#9158=CARTESIAN_POINT('',(20.,-16.,-20.0000002980232));
#9159=CARTESIAN_POINT('',(12.5,-16.,-12.5));
#9160=CARTESIAN_POINT('',(20.,-16.,-12.5));
#9161=CARTESIAN_POINT('',(12.5,-16.,-20.0000002980232));
#9162=CARTESIAN_POINT('',(12.5000001862645,-16.,-20.0000001490116));
#9163=CARTESIAN_POINT('',(20.,-16.,-20.0000002980232));
#9164=CARTESIAN_POINT('Origin',(20.,-24.,-20.0000002980232));
#9165=CARTESIAN_POINT('',(20.,-24.,-20.0000002980232));
#9166=CARTESIAN_POINT('',(20.,-24.,-12.5));
#9167=CARTESIAN_POINT('',(20.,-24.,-20.0000002980232));
#9168=CARTESIAN_POINT('',(12.5,-24.,-12.5));
#9169=CARTESIAN_POINT('',(20.,-24.,-12.5));
#9170=CARTESIAN_POINT('',(12.5,-24.,-20.0000002980232));
#9171=CARTESIAN_POINT('',(12.5000001862645,-24.,-20.0000001490116));
#9172=CARTESIAN_POINT('',(20.,-24.,-20.0000002980232));
#9173=CARTESIAN_POINT('Origin',(20.,-23.,-12.5));
#9174=CARTESIAN_POINT('',(20.,-23.,-12.5));
#9175=CARTESIAN_POINT('',(20.,-23.,-20.0000002980232));
#9176=CARTESIAN_POINT('',(20.,-23.,-12.5));
#9177=CARTESIAN_POINT('',(12.5,-23.,-20.0000002980232));
#9178=CARTESIAN_POINT('',(20.,-23.,-20.0000002980232));
#9179=CARTESIAN_POINT('',(12.5,-23.,-12.5));
#9180=CARTESIAN_POINT('',(12.5000001862645,-23.,-16.25));
#9181=CARTESIAN_POINT('',(20.,-23.,-12.5));
#9182=CARTESIAN_POINT('Origin',(12.5000001862645,-10.,-20.));
#9183=CARTESIAN_POINT('',(12.5,-25.,-12.5));
#9184=CARTESIAN_POINT('',(12.5,-10.,-12.5));
#9185=CARTESIAN_POINT('',(12.5,-25.,-20.0000002980232));
#9186=CARTESIAN_POINT('',(12.5000001862645,-25.,-16.25));
#9187=CARTESIAN_POINT('',(12.5000001862645,-10.,-20.));
#9188=CARTESIAN_POINT('Origin',(20.,-10.,-12.5));
#9189=CARTESIAN_POINT('',(20.,-25.,-12.5));
#9190=CARTESIAN_POINT('',(20.,-10.,-12.5));
#9191=CARTESIAN_POINT('',(20.,-25.,-12.5));
#9192=CARTESIAN_POINT('Origin',(20.,-27.,-12.5));
#9193=CARTESIAN_POINT('',(20.,-27.,-12.5));
#9194=CARTESIAN_POINT('',(20.,-27.,-20.0000002980232));
#9195=CARTESIAN_POINT('',(20.,-27.,-12.5));
#9196=CARTESIAN_POINT('',(12.5,-27.,-20.0000002980232));
#9197=CARTESIAN_POINT('',(20.,-27.,-20.0000002980232));
#9198=CARTESIAN_POINT('',(12.5,-27.,-12.5));
#9199=CARTESIAN_POINT('',(12.5000001862645,-27.,-16.25));
#9200=CARTESIAN_POINT('',(20.,-27.,-12.5));
#9201=CARTESIAN_POINT('Origin',(20.,-28.,-20.0000002980232));
#9202=CARTESIAN_POINT('',(20.,-28.,-20.0000002980232));
#9203=CARTESIAN_POINT('',(20.,-28.,-20.0000002980232));
#9204=CARTESIAN_POINT('',(12.5,-28.,-20.0000002980232));
#9205=CARTESIAN_POINT('',(12.5000001862645,-28.,-20.0000001490116));
#9206=CARTESIAN_POINT('',(20.,-28.,-20.0000002980232));
#9207=CARTESIAN_POINT('Origin',(20.,-10.,-12.5));
#9208=CARTESIAN_POINT('',(12.5,-26.,-12.5));
#9209=CARTESIAN_POINT('',(12.5,-10.,-12.5));
#9210=CARTESIAN_POINT('',(20.,-26.,-12.5));
#9211=CARTESIAN_POINT('',(20.,-26.,-12.5));
#9212=CARTESIAN_POINT('',(20.,-10.,-12.5));
#9213=CARTESIAN_POINT('Origin',(12.5000001862645,-10.,-20.));
#9214=CARTESIAN_POINT('',(12.5,-26.,-20.0000002980232));
#9215=CARTESIAN_POINT('',(12.5000001862645,-10.,-20.));
#9216=CARTESIAN_POINT('',(12.5000001862645,-26.,-20.0000001490116));
#9217=CARTESIAN_POINT('Origin',(20.,-19.,-12.5));
#9218=CARTESIAN_POINT('',(20.,-19.,-12.5));
#9219=CARTESIAN_POINT('',(20.,-19.,-20.0000002980232));
#9220=CARTESIAN_POINT('',(20.,-19.,-12.5));
#9221=CARTESIAN_POINT('',(12.5,-19.,-20.0000002980232));
#9222=CARTESIAN_POINT('',(20.,-19.,-20.0000002980232));
#9223=CARTESIAN_POINT('',(12.5,-19.,-12.5));
#9224=CARTESIAN_POINT('',(12.5000001862645,-19.,-16.25));
#9225=CARTESIAN_POINT('',(20.,-19.,-12.5));
#9226=CARTESIAN_POINT('Origin',(20.,-20.,-20.0000002980232));
#9227=CARTESIAN_POINT('',(20.,-20.,-20.0000002980232));
#9228=CARTESIAN_POINT('',(20.,-20.,-20.0000002980232));
#9229=CARTESIAN_POINT('',(20.,-20.,-20.0000002980232));
#9230=CARTESIAN_POINT('Origin',(20.,-10.,-12.5));
#9231=CARTESIAN_POINT('',(12.5,-18.,-12.5));
#9232=CARTESIAN_POINT('',(12.5,-10.,-12.5));
#9233=CARTESIAN_POINT('',(20.,-18.,-12.5));
#9234=CARTESIAN_POINT('',(20.,-18.,-12.5));
#9235=CARTESIAN_POINT('',(20.,-10.,-12.5));
#9236=CARTESIAN_POINT('Origin',(12.5000001862645,-10.,-20.));
#9237=CARTESIAN_POINT('',(12.5,-18.,-20.0000002980232));
#9238=CARTESIAN_POINT('',(12.5000001862645,-10.,-20.));
#9239=CARTESIAN_POINT('',(12.5000001862645,-18.,-20.0000001490116));
#9240=CARTESIAN_POINT('Origin',(20.,-11.,-12.5));
#9241=CARTESIAN_POINT('',(20.,-11.,-12.5));
#9242=CARTESIAN_POINT('',(20.,-11.,-20.0000002980232));
#9243=CARTESIAN_POINT('',(20.,-11.,-12.5));
#9244=CARTESIAN_POINT('',(12.5,-11.,-20.0000002980232));
#9245=CARTESIAN_POINT('',(20.,-11.,-20.0000002980232));
#9246=CARTESIAN_POINT('',(12.5,-11.,-12.5));
#9247=CARTESIAN_POINT('',(12.5000001862645,-11.,-16.25));
#9248=CARTESIAN_POINT('',(20.,-11.,-12.5));
#9249=CARTESIAN_POINT('Origin',(20.,-12.,-20.0000002980232));
#9250=CARTESIAN_POINT('',(20.,-12.,-20.0000002980232));
#9251=CARTESIAN_POINT('',(20.,-12.,-20.0000002980232));
#9252=CARTESIAN_POINT('',(20.,-12.,-20.0000002980232));
#9253=CARTESIAN_POINT('Origin',(12.5000001862645,-10.,-20.));
#9254=CARTESIAN_POINT('',(12.5000001862645,-10.,-20.));
#9255=CARTESIAN_POINT('',(12.5000001862645,-10.,-20.));
#9256=CARTESIAN_POINT('',(12.5,-10.,-12.5));
#9257=CARTESIAN_POINT('',(12.5000001862645,-10.,-10.));
#9258=CARTESIAN_POINT('',(12.5,-10.,-12.5));
#9259=CARTESIAN_POINT('Origin',(12.5000001862645,-10.,-20.));
#9260=CARTESIAN_POINT('',(12.5,-17.,-12.5));
#9261=CARTESIAN_POINT('',(12.5,-10.,-12.5));
#9262=CARTESIAN_POINT('',(12.5,-17.,-20.0000002980232));
#9263=CARTESIAN_POINT('',(12.5000001862645,-17.,-16.25));
#9264=CARTESIAN_POINT('',(12.5000001862645,-10.,-20.));
#9265=CARTESIAN_POINT('Origin',(20.,-10.,-12.5));
#9266=CARTESIAN_POINT('',(20.,-10.,-12.5));
#9267=CARTESIAN_POINT('',(10.,-10.,-12.5));
#9268=CARTESIAN_POINT('',(20.,-10.,-12.5));
#9269=CARTESIAN_POINT('Origin',(20.,-10.,-12.5));
#9270=CARTESIAN_POINT('',(20.,-17.,-12.5));
#9271=CARTESIAN_POINT('',(20.,-10.,-12.5));
#9272=CARTESIAN_POINT('',(20.,-17.,-12.5));
#9273=CARTESIAN_POINT('Origin',(20.,-18.,12.5));
#9274=CARTESIAN_POINT('',(20.,-18.,20.0000002980232));
#9275=CARTESIAN_POINT('',(20.,-18.,12.5));
#9276=CARTESIAN_POINT('',(20.,-18.,20.0000002980232));
#9277=CARTESIAN_POINT('',(12.5,-18.,20.0000002980232));
#9278=CARTESIAN_POINT('',(20.,-18.,20.0000002980232));
#9279=CARTESIAN_POINT('',(12.5,-18.,12.5));
#9280=CARTESIAN_POINT('',(12.5000001862645,-18.,-3.74999999999999));
#9281=CARTESIAN_POINT('',(20.,-18.,12.5));
#9282=CARTESIAN_POINT('Origin',(20.,-17.,20.0000002980232));
#9283=CARTESIAN_POINT('',(20.,-17.,20.0000002980232));
#9284=CARTESIAN_POINT('',(20.,-17.,12.5));
#9285=CARTESIAN_POINT('',(20.,-17.,20.0000002980232));
#9286=CARTESIAN_POINT('Origin',(20.,-30.,12.5));
#9287=CARTESIAN_POINT('',(12.5,-19.,12.5));
#9288=CARTESIAN_POINT('',(12.5,-30.,12.5));
#9289=CARTESIAN_POINT('',(20.,-19.,12.5));
#9290=CARTESIAN_POINT('',(20.,-19.,12.5));
#9291=CARTESIAN_POINT('',(20.,-30.,12.5));
#9292=CARTESIAN_POINT('Origin',(12.5000001862645,-10.,-20.));
#9293=CARTESIAN_POINT('',(12.5,-19.,20.0000002980232));
#9294=CARTESIAN_POINT('',(12.5000001862645,-10.,20.0000002980232));
#9295=CARTESIAN_POINT('',(12.5000001862645,-19.,1.49011614158923E-7));
#9296=CARTESIAN_POINT('Origin',(20.,-26.,12.5));
#9297=CARTESIAN_POINT('',(20.,-26.,20.0000002980232));
#9298=CARTESIAN_POINT('',(20.,-26.,12.5));
#9299=CARTESIAN_POINT('',(20.,-26.,20.0000002980232));
#9300=CARTESIAN_POINT('',(12.5,-26.,20.0000002980232));
#9301=CARTESIAN_POINT('',(20.,-26.,20.0000002980232));
#9302=CARTESIAN_POINT('',(12.5,-26.,12.5));
#9303=CARTESIAN_POINT('',(12.5000001862645,-26.,-3.74999999999999));
#9304=CARTESIAN_POINT('',(20.,-26.,12.5));
#9305=CARTESIAN_POINT('Origin',(20.,-25.,20.0000002980232));
#9306=CARTESIAN_POINT('',(20.,-25.,20.0000002980232));
#9307=CARTESIAN_POINT('',(20.,-25.,12.5));
#9308=CARTESIAN_POINT('',(20.,-25.,20.0000002980232));
#9309=CARTESIAN_POINT('Origin',(20.,-30.,12.5));
#9310=CARTESIAN_POINT('',(12.5,-27.,12.5));
#9311=CARTESIAN_POINT('',(12.5,-30.,12.5));
#9312=CARTESIAN_POINT('',(20.,-27.,12.5));
#9313=CARTESIAN_POINT('',(20.,-27.,12.5));
#9314=CARTESIAN_POINT('',(20.,-30.,12.5));
#9315=CARTESIAN_POINT('Origin',(12.5000001862645,-10.,-20.));
#9316=CARTESIAN_POINT('',(12.5,-27.,20.0000002980232));
#9317=CARTESIAN_POINT('',(12.5000001862645,-10.,20.0000002980232));
#9318=CARTESIAN_POINT('',(12.5000001862645,-27.,1.49011614158923E-7));
#9319=CARTESIAN_POINT('Origin',(20.,-28.,12.5));
#9320=CARTESIAN_POINT('',(20.,-28.,20.0000002980232));
#9321=CARTESIAN_POINT('',(20.,-28.,12.5));
#9322=CARTESIAN_POINT('',(20.,-28.,20.0000002980232));
#9323=CARTESIAN_POINT('',(20.,-28.,20.0000002980232));
#9324=CARTESIAN_POINT('',(20.,-28.,12.5));
#9325=CARTESIAN_POINT('Origin',(20.,-27.,20.0000002980232));
#9326=CARTESIAN_POINT('',(20.,-27.,20.0000002980232));
#9327=CARTESIAN_POINT('',(20.,-27.,12.5));
#9328=CARTESIAN_POINT('',(20.,-27.,20.0000002980232));
#9329=CARTESIAN_POINT('Origin',(20.,-30.,12.5));
#9330=CARTESIAN_POINT('',(20.,-30.,12.5));
#9331=CARTESIAN_POINT('Origin',(20.,-20.,12.5));
#9332=CARTESIAN_POINT('',(20.,-20.,20.0000002980232));
#9333=CARTESIAN_POINT('',(20.,-20.,12.5));
#9334=CARTESIAN_POINT('',(20.,-20.,20.0000002980232));
#9335=CARTESIAN_POINT('',(12.5,-20.,20.0000002980232));
#9336=CARTESIAN_POINT('',(20.,-20.,20.0000002980232));
#9337=CARTESIAN_POINT('',(12.5,-20.,12.5));
#9338=CARTESIAN_POINT('',(12.5000001862645,-20.,-3.74999999999999));
#9339=CARTESIAN_POINT('',(20.,-20.,12.5));
#9340=CARTESIAN_POINT('Origin',(20.,-19.,20.0000002980232));
#9341=CARTESIAN_POINT('',(20.,-19.,20.0000002980232));
#9342=CARTESIAN_POINT('',(20.,-19.,12.5));
#9343=CARTESIAN_POINT('',(20.,-19.,20.0000002980232));
#9344=CARTESIAN_POINT('Origin',(12.5000001862645,-10.,-20.));
#9345=CARTESIAN_POINT('',(12.5,-30.,12.5));
#9346=CARTESIAN_POINT('',(12.5000001862645,-10.,20.0000002980232));
#9347=CARTESIAN_POINT('Origin',(12.5000001862645,-10.,-20.));
#9348=CARTESIAN_POINT('',(12.5,-12.,12.5));
#9349=CARTESIAN_POINT('',(12.5,-30.,12.5));
#9350=CARTESIAN_POINT('',(12.5,-12.,20.0000002980232));
#9351=CARTESIAN_POINT('',(12.5000001862645,-12.,-3.74999999999999));
#9352=CARTESIAN_POINT('',(12.5000001862645,-10.,20.0000002980232));
#9353=CARTESIAN_POINT('Origin',(20.,-30.,12.5));
#9354=CARTESIAN_POINT('',(20.,-30.,12.5));
#9355=CARTESIAN_POINT('Origin',(20.,-30.,12.5));
#9356=CARTESIAN_POINT('',(20.,-12.,12.5));
#9357=CARTESIAN_POINT('',(20.,-30.,12.5));
#9358=CARTESIAN_POINT('',(20.,-12.,12.5));
#9359=CARTESIAN_POINT('Origin',(20.,-12.,12.5));
#9360=CARTESIAN_POINT('',(20.,-12.,20.0000002980232));
#9361=CARTESIAN_POINT('',(20.,-12.,20.0000002980232));
#9362=CARTESIAN_POINT('',(20.,-12.,20.0000002980232));
#9363=CARTESIAN_POINT('Origin',(20.,-11.,20.0000002980232));
#9364=CARTESIAN_POINT('',(20.,-11.,12.5));
#9365=CARTESIAN_POINT('',(20.,-11.,20.0000002980232));
#9366=CARTESIAN_POINT('',(20.,-11.,12.5));
#9367=CARTESIAN_POINT('',(12.5,-11.,12.5));
#9368=CARTESIAN_POINT('',(20.,-11.,12.5));
#9369=CARTESIAN_POINT('',(12.5,-11.,20.0000002980232));
#9370=CARTESIAN_POINT('',(12.5000001862645,-11.,1.49011614158923E-7));
#9371=CARTESIAN_POINT('',(20.,-11.,20.0000002980232));
#9372=CARTESIAN_POINT('Origin',(20.,-17.,-12.5));
#9373=CARTESIAN_POINT('',(20.,-17.,-20.0000002980232));
#9374=CARTESIAN_POINT('',(20.,-17.,-12.5));
#9375=CARTESIAN_POINT('',(20.,-17.,-20.0000002980232));
#9376=CARTESIAN_POINT('Origin',(20.,-18.,-20.0000002980232));
#9377=CARTESIAN_POINT('',(20.,-18.,-20.0000002980232));
#9378=CARTESIAN_POINT('',(20.,-18.,-20.0000002980232));
#9379=CARTESIAN_POINT('',(20.,-18.,-20.0000002980232));
#9380=CARTESIAN_POINT('Origin',(20.,-26.,-20.0000002980232));
#9381=CARTESIAN_POINT('',(20.,-26.,-20.0000002980232));
#9382=CARTESIAN_POINT('',(20.,-26.,-20.0000002980232));
#9383=CARTESIAN_POINT('',(20.,-26.,-20.0000002980232));
#9384=CARTESIAN_POINT('Origin',(20.,-25.,-12.5));
#9385=CARTESIAN_POINT('',(20.,-25.,-20.0000002980232));
#9386=CARTESIAN_POINT('',(20.,-25.,-12.5));
#9387=CARTESIAN_POINT('',(20.,-25.,-20.0000002980232));
#9388=CARTESIAN_POINT('Origin',(12.5000001862645,-10.,-20.));
#9389=CARTESIAN_POINT('',(12.5000001862645,-10.,-20.));
#9390=CARTESIAN_POINT('Origin',(-12.4999998137355,-10.,20.0000002980232));
#9391=CARTESIAN_POINT('',(-12.5,-30.,-6.50000000000001));
#9392=CARTESIAN_POINT('',(-12.5,-10.,-6.50000000000001));
#9393=CARTESIAN_POINT('',(-12.5,-30.,-6.50000000000001));
#9394=CARTESIAN_POINT('',(-12.5,-10.,-7.50000000000001));
#9395=CARTESIAN_POINT('',(-12.4999998137355,-10.,10.0000001490116));
#9396=CARTESIAN_POINT('',(-12.5,-30.,-7.50000000000001));
#9397=CARTESIAN_POINT('',(-12.5,-10.,-7.50000000000001));
#9398=CARTESIAN_POINT('',(-12.4999998137355,-30.,-20.0000002980232));
#9399=CARTESIAN_POINT('Origin',(-12.4999998137355,-10.,20.0000002980232));
#9400=CARTESIAN_POINT('',(-12.5,-10.,-12.5));
#9401=CARTESIAN_POINT('',(-12.5,-30.,-12.5));
#9402=CARTESIAN_POINT('',(-12.4999998137355,-10.,-20.0000002980232));
#9403=CARTESIAN_POINT('',(-12.4999998137355,-10.,10.0000001490116));
#9404=CARTESIAN_POINT('',(-12.4999998137355,-10.,-20.0000002980232));
#9405=CARTESIAN_POINT('Origin',(-12.4999998137355,-10.,20.0000002980232));
#9406=CARTESIAN_POINT('',(-12.5,-10.,-9.50000000000001));
#9407=CARTESIAN_POINT('',(-12.5,-30.,-9.50000000000001));
#9408=CARTESIAN_POINT('',(-12.5,-10.,-9.50000000000001));
#9409=CARTESIAN_POINT('',(-12.5,-30.,-8.50000000000001));
#9410=CARTESIAN_POINT('',(-12.4999998137355,-30.,-20.0000002980232));
#9411=CARTESIAN_POINT('',(-12.5,-10.,-8.50000000000001));
#9412=CARTESIAN_POINT('',(-12.5,-30.,-8.50000000000001));
#9413=CARTESIAN_POINT('',(-12.4999998137355,-10.,10.0000001490116));
#9414=CARTESIAN_POINT('Origin',(-12.4999998137355,-10.,20.0000002980232));
#9415=CARTESIAN_POINT('',(-12.5,-30.,-4.50000000000001));
#9416=CARTESIAN_POINT('',(-12.5,-10.,-4.50000000000001));
#9417=CARTESIAN_POINT('',(-12.5,-30.,-4.50000000000001));
#9418=CARTESIAN_POINT('',(-12.5,-10.,-5.50000000000001));
#9419=CARTESIAN_POINT('',(-12.4999998137355,-10.,10.0000001490116));
#9420=CARTESIAN_POINT('',(-12.5,-30.,-5.50000000000001));
#9421=CARTESIAN_POINT('',(-12.5,-10.,-5.50000000000001));
#9422=CARTESIAN_POINT('',(-12.4999998137355,-30.,-20.0000002980232));
#9423=CARTESIAN_POINT('Origin',(-12.4999998137355,-10.,20.0000002980232));
#9424=CARTESIAN_POINT('',(-12.5,-10.,-11.5));
#9425=CARTESIAN_POINT('',(-12.5,-30.,-11.5));
#9426=CARTESIAN_POINT('',(-12.5,-10.,-11.5));
#9427=CARTESIAN_POINT('',(-12.5,-30.,-10.5));
#9428=CARTESIAN_POINT('',(-12.4999998137355,-30.,-20.0000002980232));
#9429=CARTESIAN_POINT('',(-12.5,-10.,-10.5));
#9430=CARTESIAN_POINT('',(-12.5,-30.,-10.5));
#9431=CARTESIAN_POINT('',(-12.4999998137355,-10.,10.0000001490116));
#9432=CARTESIAN_POINT('Origin',(-12.4999998137355,-10.,20.0000002980232));
#9433=CARTESIAN_POINT('',(-12.5,-30.,-2.50000000000001));
#9434=CARTESIAN_POINT('',(-12.5,-10.,-2.50000000000001));
#9435=CARTESIAN_POINT('',(-12.5,-30.,-2.50000000000001));
#9436=CARTESIAN_POINT('',(-12.5,-10.,-3.50000000000001));
#9437=CARTESIAN_POINT('',(-12.4999998137355,-10.,10.0000001490116));
#9438=CARTESIAN_POINT('',(-12.5,-30.,-3.50000000000001));
#9439=CARTESIAN_POINT('',(-12.5,-10.,-3.50000000000001));
#9440=CARTESIAN_POINT('',(-12.4999998137355,-30.,-20.0000002980232));
#9441=CARTESIAN_POINT('Origin',(-12.4999998137355,-10.,20.0000002980232));
#9442=CARTESIAN_POINT('',(-12.5,-30.,-0.500000000000007));
#9443=CARTESIAN_POINT('',(-12.5,-10.,-0.500000000000007));
#9444=CARTESIAN_POINT('',(-12.5,-30.,-0.500000000000007));
#9445=CARTESIAN_POINT('',(-12.5,-10.,-1.50000000000001));
#9446=CARTESIAN_POINT('',(-12.4999998137355,-10.,10.0000001490116));
#9447=CARTESIAN_POINT('',(-12.5,-30.,-1.50000000000001));
#9448=CARTESIAN_POINT('',(-12.5,-10.,-1.50000000000001));
#9449=CARTESIAN_POINT('',(-12.4999998137355,-30.,-20.0000002980232));
#9450=CARTESIAN_POINT('Origin',(-12.4999998137355,-10.,20.0000002980232));
#9451=CARTESIAN_POINT('',(-12.5,-30.,1.49999999999999));
#9452=CARTESIAN_POINT('',(-12.5,-10.,1.49999999999999));
#9453=CARTESIAN_POINT('',(-12.5,-30.,1.49999999999999));
#9454=CARTESIAN_POINT('',(-12.5,-10.,0.499999999999994));
#9455=CARTESIAN_POINT('',(-12.4999998137355,-10.,10.0000001490116));
#9456=CARTESIAN_POINT('',(-12.5,-30.,0.499999999999994));
#9457=CARTESIAN_POINT('',(-12.5,-10.,0.499999999999994));
#9458=CARTESIAN_POINT('',(-12.4999998137355,-30.,-20.0000002980232));
#9459=CARTESIAN_POINT('Origin',(-12.4999998137355,-10.,20.0000002980232));
#9460=CARTESIAN_POINT('',(-12.4999998137355,-10.,20.0000002980232));
#9461=CARTESIAN_POINT('',(-12.4999998137355,-10.,20.0000002980232));
#9462=CARTESIAN_POINT('',(-12.5,-10.,12.5));
#9463=CARTESIAN_POINT('',(-12.4999998137355,-10.,10.0000001490116));
#9464=CARTESIAN_POINT('',(-12.5,-10.,12.5));
#9465=CARTESIAN_POINT('Origin',(-12.4999998137355,-10.,20.0000002980232));
#9466=CARTESIAN_POINT('',(-12.5,-30.,3.49999999999999));
#9467=CARTESIAN_POINT('',(-12.5,-10.,3.49999999999999));
#9468=CARTESIAN_POINT('',(-12.5,-30.,3.49999999999999));
#9469=CARTESIAN_POINT('',(-12.5,-10.,2.49999999999999));
#9470=CARTESIAN_POINT('',(-12.4999998137355,-10.,10.0000001490116));
#9471=CARTESIAN_POINT('',(-12.5,-30.,2.49999999999999));
#9472=CARTESIAN_POINT('',(-12.5,-10.,2.49999999999999));
#9473=CARTESIAN_POINT('',(-12.4999998137355,-30.,-20.0000002980232));
#9474=CARTESIAN_POINT('Origin',(-12.4999998137355,-10.,20.0000002980232));
#9475=CARTESIAN_POINT('',(-12.5,-10.,10.5));
#9476=CARTESIAN_POINT('',(-12.5,-30.,10.5));
#9477=CARTESIAN_POINT('',(-12.5,-10.,10.5));
#9478=CARTESIAN_POINT('',(-12.5,-30.,11.5));
#9479=CARTESIAN_POINT('',(-12.4999998137355,-30.,-20.0000002980232));
#9480=CARTESIAN_POINT('',(-12.5,-10.,11.5));
#9481=CARTESIAN_POINT('',(-12.5,-30.,11.5));
#9482=CARTESIAN_POINT('',(-12.4999998137355,-10.,10.0000001490116));
#9483=CARTESIAN_POINT('Origin',(-12.4999998137355,-10.,20.0000002980232));
#9484=CARTESIAN_POINT('',(-12.5,-30.,5.49999999999999));
#9485=CARTESIAN_POINT('',(-12.5,-10.,5.49999999999999));
#9486=CARTESIAN_POINT('',(-12.5,-30.,5.49999999999999));
#9487=CARTESIAN_POINT('',(-12.5,-10.,4.49999999999999));
#9488=CARTESIAN_POINT('',(-12.4999998137355,-10.,10.0000001490116));
#9489=CARTESIAN_POINT('',(-12.5,-30.,4.49999999999999));
#9490=CARTESIAN_POINT('',(-12.5,-10.,4.49999999999999));
#9491=CARTESIAN_POINT('',(-12.4999998137355,-30.,-20.0000002980232));
#9492=CARTESIAN_POINT('Origin',(-12.4999998137355,-10.,20.0000002980232));
#9493=CARTESIAN_POINT('',(-12.5,-10.,8.49999999999999));
#9494=CARTESIAN_POINT('',(-12.5,-30.,8.49999999999999));
#9495=CARTESIAN_POINT('',(-12.5,-10.,8.49999999999999));
#9496=CARTESIAN_POINT('',(-12.5,-30.,9.49999999999999));
#9497=CARTESIAN_POINT('',(-12.4999998137355,-30.,-20.0000002980232));
#9498=CARTESIAN_POINT('',(-12.5,-10.,9.49999999999999));
#9499=CARTESIAN_POINT('',(-12.5,-30.,9.49999999999999));
#9500=CARTESIAN_POINT('',(-12.4999998137355,-10.,10.0000001490116));
#9501=CARTESIAN_POINT('Origin',(-11.4999998137355,-10.,-20.0000002980232));
#9502=CARTESIAN_POINT('',(-11.4999998137355,-10.,20.0000002980232));
#9503=CARTESIAN_POINT('',(-11.4999998137355,-10.,-20.0000002980232));
#9504=CARTESIAN_POINT('',(-11.4999998137355,-10.,-10.0000001490116));
#9505=CARTESIAN_POINT('',(-11.4999998137355,-30.,20.0000002980232));
#9506=CARTESIAN_POINT('',(-11.4999998137355,-10.,20.0000002980232));
#9507=CARTESIAN_POINT('',(-11.4999998137355,-30.,-20.0000002980232));
#9508=CARTESIAN_POINT('',(-11.4999998137355,-30.,20.0000002980232));
#9509=CARTESIAN_POINT('',(-11.4999998137355,-10.,-20.0000002980232));
#9510=CARTESIAN_POINT('Origin',(-12.4999998137355,-10.,20.0000002980232));
#9511=CARTESIAN_POINT('',(-12.5,-10.,6.49999999999999));
#9512=CARTESIAN_POINT('',(-12.5,-30.,6.49999999999999));
#9513=CARTESIAN_POINT('',(-12.5,-10.,6.49999999999999));
#9514=CARTESIAN_POINT('',(-12.5,-30.,7.49999999999999));
#9515=CARTESIAN_POINT('',(-12.4999998137355,-30.,-20.0000002980232));
#9516=CARTESIAN_POINT('',(-12.5,-10.,7.49999999999999));
#9517=CARTESIAN_POINT('',(-12.5,-30.,7.49999999999999));
#9518=CARTESIAN_POINT('',(-12.4999998137355,-10.,10.0000001490116));
#9519=CARTESIAN_POINT('Origin',(0.,-10.,0.));
#9520=CARTESIAN_POINT('',(-20.,-10.,-8.50000000000001));
#9521=CARTESIAN_POINT('',(-10.,-10.,-8.50000000000001));
#9522=CARTESIAN_POINT('',(-20.,-10.,-9.50000000000001));
#9523=CARTESIAN_POINT('',(-20.,-10.,-20.));
#9524=CARTESIAN_POINT('',(-10.,-10.,-9.50000000000001));
#9525=CARTESIAN_POINT('Origin',(0.,-10.,0.));
#9526=CARTESIAN_POINT('',(-20.,-10.,-10.5));
#9527=CARTESIAN_POINT('',(-10.,-10.,-10.5));
#9528=CARTESIAN_POINT('',(-20.,-10.,-11.5));
#9529=CARTESIAN_POINT('',(-20.,-10.,-20.));
#9530=CARTESIAN_POINT('',(-10.,-10.,-11.5));
#9531=CARTESIAN_POINT('Origin',(0.,-10.,0.));
#9532=CARTESIAN_POINT('',(-20.,-10.,-6.50000000000001));
#9533=CARTESIAN_POINT('',(-10.,-10.,-6.50000000000001));
#9534=CARTESIAN_POINT('',(-20.,-10.,-7.50000000000001));
#9535=CARTESIAN_POINT('',(-20.,-10.,-20.));
#9536=CARTESIAN_POINT('',(-10.,-10.,-7.50000000000001));
#9537=CARTESIAN_POINT('Origin',(0.,-10.,0.));
#9538=CARTESIAN_POINT('',(-20.,-10.,-12.5));
#9539=CARTESIAN_POINT('',(-10.,-10.,-12.5));
#9540=CARTESIAN_POINT('',(-20.,-10.,-20.));
#9541=CARTESIAN_POINT('',(-20.,-10.,-20.));
#9542=CARTESIAN_POINT('',(20.,-10.,-20.));
#9543=CARTESIAN_POINT('Origin',(0.,-10.,0.));
#9544=CARTESIAN_POINT('',(-20.,-10.,-4.50000000000001));
#9545=CARTESIAN_POINT('',(-10.,-10.,-4.50000000000001));
#9546=CARTESIAN_POINT('',(-20.,-10.,-5.50000000000001));
#9547=CARTESIAN_POINT('',(-20.,-10.,-20.));
#9548=CARTESIAN_POINT('',(-10.,-10.,-5.50000000000001));
#9549=CARTESIAN_POINT('Origin',(0.,-10.,0.));
#9550=CARTESIAN_POINT('',(-10.4999998137355,-10.,-20.0000002980232));
#9551=CARTESIAN_POINT('',(20.,-10.,-20.));
#9552=CARTESIAN_POINT('',(-10.4999998137355,-10.,20.0000002980232));
#9553=CARTESIAN_POINT('',(-10.4999998137355,-10.,10.0000001490116));
#9554=CARTESIAN_POINT('',(-20.,-10.,20.));
#9555=CARTESIAN_POINT('Origin',(0.,-10.,0.));
#9556=CARTESIAN_POINT('',(-20.,-10.,-2.50000000000001));
#9557=CARTESIAN_POINT('',(-10.,-10.,-2.50000000000001));
#9558=CARTESIAN_POINT('',(-20.,-10.,-3.50000000000001));
#9559=CARTESIAN_POINT('',(-20.,-10.,-20.));
#9560=CARTESIAN_POINT('',(-10.,-10.,-3.50000000000001));
#9561=CARTESIAN_POINT('Origin',(0.,-10.,0.));
#9562=CARTESIAN_POINT('',(-20.,-10.,20.));
#9563=CARTESIAN_POINT('',(-20.,-10.,20.));
#9564=CARTESIAN_POINT('',(-20.,-10.,12.5));
#9565=CARTESIAN_POINT('',(-20.,-10.,-20.));
#9566=CARTESIAN_POINT('',(-10.,-10.,12.5));
#9567=CARTESIAN_POINT('Origin',(0.,-10.,0.));
#9568=CARTESIAN_POINT('',(-20.,-10.,-0.500000000000007));
#9569=CARTESIAN_POINT('',(-10.,-10.,-0.500000000000007));
#9570=CARTESIAN_POINT('',(-20.,-10.,-1.50000000000001));
#9571=CARTESIAN_POINT('',(-20.,-10.,-20.));
#9572=CARTESIAN_POINT('',(-10.,-10.,-1.50000000000001));
#9573=CARTESIAN_POINT('Origin',(0.,-10.,0.));
#9574=CARTESIAN_POINT('',(-20.,-10.,11.5));
#9575=CARTESIAN_POINT('',(-10.,-10.,11.5));
#9576=CARTESIAN_POINT('',(-20.,-10.,10.5));
#9577=CARTESIAN_POINT('',(-20.,-10.,-20.));
#9578=CARTESIAN_POINT('',(-10.,-10.,10.5));
#9579=CARTESIAN_POINT('Origin',(0.,-10.,0.));
#9580=CARTESIAN_POINT('',(-20.,-10.,1.49999999999999));
#9581=CARTESIAN_POINT('',(-10.,-10.,1.49999999999999));
#9582=CARTESIAN_POINT('',(-20.,-10.,0.499999999999994));
#9583=CARTESIAN_POINT('',(-20.,-10.,-20.));
#9584=CARTESIAN_POINT('',(-10.,-10.,0.499999999999994));
#9585=CARTESIAN_POINT('Origin',(0.,-10.,0.));
#9586=CARTESIAN_POINT('',(-20.,-10.,9.49999999999999));
#9587=CARTESIAN_POINT('',(-10.,-10.,9.49999999999999));
#9588=CARTESIAN_POINT('',(-20.,-10.,8.49999999999999));
#9589=CARTESIAN_POINT('',(-20.,-10.,-20.));
#9590=CARTESIAN_POINT('',(-10.,-10.,8.49999999999999));
#9591=CARTESIAN_POINT('Origin',(0.,-10.,0.));
#9592=CARTESIAN_POINT('',(-20.,-10.,3.49999999999999));
#9593=CARTESIAN_POINT('',(-10.,-10.,3.49999999999999));
#9594=CARTESIAN_POINT('',(-20.,-10.,2.49999999999999));
#9595=CARTESIAN_POINT('',(-20.,-10.,-20.));
#9596=CARTESIAN_POINT('',(-10.,-10.,2.49999999999999));
#9597=CARTESIAN_POINT('Origin',(0.,-10.,0.));
#9598=CARTESIAN_POINT('',(-20.,-10.,7.49999999999999));
#9599=CARTESIAN_POINT('',(-10.,-10.,7.49999999999999));
#9600=CARTESIAN_POINT('',(-20.,-10.,6.49999999999999));
#9601=CARTESIAN_POINT('',(-20.,-10.,-20.));
#9602=CARTESIAN_POINT('',(-10.,-10.,6.49999999999999));
#9603=CARTESIAN_POINT('Origin',(0.,-10.,0.));
#9604=CARTESIAN_POINT('',(-20.,-10.,5.49999999999999));
#9605=CARTESIAN_POINT('',(-10.,-10.,5.49999999999999));
#9606=CARTESIAN_POINT('',(-20.,-10.,4.49999999999999));
#9607=CARTESIAN_POINT('',(-20.,-10.,-20.));
#9608=CARTESIAN_POINT('',(-10.,-10.,4.49999999999999));
#9609=CARTESIAN_POINT('Origin',(-3.49999981373549,-10.,-20.0000002980232));
#9610=CARTESIAN_POINT('',(-3.49999981373549,-10.,20.0000002980232));
#9611=CARTESIAN_POINT('',(-3.49999981373549,-10.,-20.0000002980232));
#9612=CARTESIAN_POINT('',(-3.49999981373549,-10.,-10.0000001490116));
#9613=CARTESIAN_POINT('',(-3.49999981373549,-30.,20.0000002980232));
#9614=CARTESIAN_POINT('',(-3.49999981373549,-10.,20.0000002980232));
#9615=CARTESIAN_POINT('',(-3.49999981373549,-30.,-20.0000002980232));
#9616=CARTESIAN_POINT('',(-3.49999981373549,-30.,20.0000002980232));
#9617=CARTESIAN_POINT('',(-3.49999981373549,-10.,-20.0000002980232));
#9618=CARTESIAN_POINT('Origin',(-4.49999981373549,-10.,20.0000002980232));
#9619=CARTESIAN_POINT('',(-4.49999981373549,-10.,-20.0000002980232));
#9620=CARTESIAN_POINT('',(-4.49999981373549,-10.,20.0000002980232));
#9621=CARTESIAN_POINT('',(-4.49999981373549,-10.,10.0000001490116));
#9622=CARTESIAN_POINT('',(-4.49999981373549,-30.,-20.0000002980232));
#9623=CARTESIAN_POINT('',(-4.49999981373549,-10.,-20.0000002980232));
#9624=CARTESIAN_POINT('',(-4.49999981373549,-30.,20.0000002980232));
#9625=CARTESIAN_POINT('',(-4.49999981373549,-30.,-20.0000002980232));
#9626=CARTESIAN_POINT('',(-4.49999981373549,-10.,20.0000002980232));
#9627=CARTESIAN_POINT('Origin',(-3.99999981373549,-30.,0.));
#9628=CARTESIAN_POINT('',(-3.49999981373549,-30.,-20.0000002980232));
#9629=CARTESIAN_POINT('',(-4.49999981373549,-30.,20.0000002980232));
#9630=CARTESIAN_POINT('Origin',(0.,-10.,0.));
#9631=CARTESIAN_POINT('',(-5.49999981373549,-10.,20.0000002980232));
#9632=CARTESIAN_POINT('',(-20.,-10.,20.));
#9633=CARTESIAN_POINT('',(-5.49999981373549,-10.,-20.0000002980232));
#9634=CARTESIAN_POINT('',(-5.49999981373549,-10.,-10.0000001490116));
#9635=CARTESIAN_POINT('',(20.,-10.,-20.));
#9636=CARTESIAN_POINT('Origin',(4.50000018626451,-10.,-20.0000002980232));
#9637=CARTESIAN_POINT('',(4.50000018626451,-10.,20.0000002980232));
#9638=CARTESIAN_POINT('',(4.50000018626451,-10.,-20.0000002980232));
#9639=CARTESIAN_POINT('',(4.50000018626451,-10.,-10.0000001490116));
#9640=CARTESIAN_POINT('',(4.50000018626451,-30.,20.0000002980232));
#9641=CARTESIAN_POINT('',(4.50000018626451,-10.,20.0000002980232));
#9642=CARTESIAN_POINT('',(4.50000018626451,-30.,-20.0000002980232));
#9643=CARTESIAN_POINT('',(4.50000018626451,-30.,20.0000002980232));
#9644=CARTESIAN_POINT('',(4.50000018626451,-10.,-20.0000002980232));
#9645=CARTESIAN_POINT('Origin',(3.50000018626451,-10.,20.0000002980232));
#9646=CARTESIAN_POINT('',(3.50000018626451,-10.,-20.0000002980232));
#9647=CARTESIAN_POINT('',(3.50000018626451,-10.,20.0000002980232));
#9648=CARTESIAN_POINT('',(3.50000018626451,-10.,10.0000001490116));
#9649=CARTESIAN_POINT('',(3.50000018626451,-30.,-20.0000002980232));
#9650=CARTESIAN_POINT('',(3.50000018626451,-10.,-20.0000002980232));
#9651=CARTESIAN_POINT('',(3.50000018626451,-30.,20.0000002980232));
#9652=CARTESIAN_POINT('',(3.50000018626451,-30.,-20.0000002980232));
#9653=CARTESIAN_POINT('',(3.50000018626451,-10.,20.0000002980232));
#9654=CARTESIAN_POINT('Origin',(4.00000018626451,-30.,0.));
#9655=CARTESIAN_POINT('',(4.50000018626451,-30.,-20.0000002980232));
#9656=CARTESIAN_POINT('',(3.50000018626451,-30.,20.0000002980232));
#9657=CARTESIAN_POINT('Origin',(0.,-10.,0.));
#9658=CARTESIAN_POINT('',(2.50000018626451,-10.,20.0000002980232));
#9659=CARTESIAN_POINT('',(-20.,-10.,20.));
#9660=CARTESIAN_POINT('',(2.50000018626451,-10.,-20.0000002980232));
#9661=CARTESIAN_POINT('',(2.50000018626451,-10.,-10.0000001490116));
#9662=CARTESIAN_POINT('',(20.,-10.,-20.));
#9663=CARTESIAN_POINT('Origin',(12.5000001862645,-10.,-20.));
#9664=CARTESIAN_POINT('',(12.5,-30.,6.50000000000001));
#9665=CARTESIAN_POINT('',(12.5,-10.,6.50000000000001));
#9666=CARTESIAN_POINT('',(12.5,-30.,6.50000000000001));
#9667=CARTESIAN_POINT('',(12.5,-10.,7.50000000000001));
#9668=CARTESIAN_POINT('',(12.5000001862645,-10.,-10.));
#9669=CARTESIAN_POINT('',(12.5,-30.,7.50000000000001));
#9670=CARTESIAN_POINT('',(12.5,-10.,7.50000000000001));
#9671=CARTESIAN_POINT('',(12.5000001862645,-30.,20.0000002980232));
#9672=CARTESIAN_POINT('Origin',(12.5000001862645,-10.,-20.));
#9673=CARTESIAN_POINT('',(12.5,-10.,12.5));
#9674=CARTESIAN_POINT('',(12.5,-30.,12.5));
#9675=CARTESIAN_POINT('',(12.5000001862645,-10.,20.0000002980232));
#9676=CARTESIAN_POINT('',(12.5000001862645,-10.,-10.));
#9677=CARTESIAN_POINT('',(12.5000001862645,-10.,20.0000002980232));
#9678=CARTESIAN_POINT('Origin',(12.5000001862645,-10.,-20.));
#9679=CARTESIAN_POINT('',(12.5,-10.,9.50000000000001));
#9680=CARTESIAN_POINT('',(12.5,-30.,9.50000000000001));
#9681=CARTESIAN_POINT('',(12.5,-10.,9.50000000000001));
#9682=CARTESIAN_POINT('',(12.5,-30.,8.50000000000001));
#9683=CARTESIAN_POINT('',(12.5000001862645,-30.,20.0000002980232));
#9684=CARTESIAN_POINT('',(12.5,-10.,8.50000000000001));
#9685=CARTESIAN_POINT('',(12.5,-30.,8.50000000000001));
#9686=CARTESIAN_POINT('',(12.5000001862645,-10.,-10.));
#9687=CARTESIAN_POINT('Origin',(12.5000001862645,-10.,-20.));
#9688=CARTESIAN_POINT('',(12.5,-30.,4.50000000000001));
#9689=CARTESIAN_POINT('',(12.5,-10.,4.50000000000001));
#9690=CARTESIAN_POINT('',(12.5,-30.,4.50000000000001));
#9691=CARTESIAN_POINT('',(12.5,-10.,5.50000000000001));
#9692=CARTESIAN_POINT('',(12.5000001862645,-10.,-10.));
#9693=CARTESIAN_POINT('',(12.5,-30.,5.50000000000001));
#9694=CARTESIAN_POINT('',(12.5,-10.,5.50000000000001));
#9695=CARTESIAN_POINT('',(12.5000001862645,-30.,20.0000002980232));
#9696=CARTESIAN_POINT('Origin',(12.5000001862645,-10.,-20.));
#9697=CARTESIAN_POINT('',(12.5,-10.,11.5));
#9698=CARTESIAN_POINT('',(12.5,-30.,11.5));
#9699=CARTESIAN_POINT('',(12.5,-10.,11.5));
#9700=CARTESIAN_POINT('',(12.5,-30.,10.5));
#9701=CARTESIAN_POINT('',(12.5000001862645,-30.,20.0000002980232));
#9702=CARTESIAN_POINT('',(12.5,-10.,10.5));
#9703=CARTESIAN_POINT('',(12.5,-30.,10.5));
#9704=CARTESIAN_POINT('',(12.5000001862645,-10.,-10.));
#9705=CARTESIAN_POINT('Origin',(12.5000001862645,-10.,-20.));
#9706=CARTESIAN_POINT('',(12.5,-30.,2.50000000000001));
#9707=CARTESIAN_POINT('',(12.5,-10.,2.50000000000001));
#9708=CARTESIAN_POINT('',(12.5,-30.,2.50000000000001));
#9709=CARTESIAN_POINT('',(12.5,-10.,3.50000000000001));
#9710=CARTESIAN_POINT('',(12.5000001862645,-10.,-10.));
#9711=CARTESIAN_POINT('',(12.5,-30.,3.50000000000001));
#9712=CARTESIAN_POINT('',(12.5,-10.,3.50000000000001));
#9713=CARTESIAN_POINT('',(12.5000001862645,-30.,20.0000002980232));
#9714=CARTESIAN_POINT('Origin',(12.5000001862645,-10.,-20.));
#9715=CARTESIAN_POINT('',(12.5,-30.,0.500000000000007));
#9716=CARTESIAN_POINT('',(12.5,-10.,0.500000000000007));
#9717=CARTESIAN_POINT('',(12.5,-30.,0.500000000000007));
#9718=CARTESIAN_POINT('',(12.5,-10.,1.50000000000001));
#9719=CARTESIAN_POINT('',(12.5000001862645,-10.,-10.));
#9720=CARTESIAN_POINT('',(12.5,-30.,1.50000000000001));
#9721=CARTESIAN_POINT('',(12.5,-10.,1.50000000000001));
#9722=CARTESIAN_POINT('',(12.5000001862645,-30.,20.0000002980232));
#9723=CARTESIAN_POINT('Origin',(12.5000001862645,-10.,-20.));
#9724=CARTESIAN_POINT('',(12.5,-30.,-1.49999999999999));
#9725=CARTESIAN_POINT('',(12.5,-10.,-1.49999999999999));
#9726=CARTESIAN_POINT('',(12.5,-30.,-1.49999999999999));
#9727=CARTESIAN_POINT('',(12.5,-10.,-0.499999999999994));
#9728=CARTESIAN_POINT('',(12.5000001862645,-10.,-10.));
#9729=CARTESIAN_POINT('',(12.5,-30.,-0.499999999999994));
#9730=CARTESIAN_POINT('',(12.5,-10.,-0.499999999999994));
#9731=CARTESIAN_POINT('',(12.5000001862645,-30.,20.0000002980232));
#9732=CARTESIAN_POINT('Origin',(12.5000001862645,-10.,-20.));
#9733=CARTESIAN_POINT('',(12.5,-10.,-12.5));
#9734=CARTESIAN_POINT('',(12.5000001862645,-10.,-20.));
#9735=CARTESIAN_POINT('Origin',(12.5000001862645,-10.,-20.));
#9736=CARTESIAN_POINT('',(12.5,-30.,-3.49999999999999));
#9737=CARTESIAN_POINT('',(12.5,-10.,-3.49999999999999));
#9738=CARTESIAN_POINT('',(12.5,-30.,-3.49999999999999));
#9739=CARTESIAN_POINT('',(12.5,-10.,-2.49999999999999));
#9740=CARTESIAN_POINT('',(12.5000001862645,-10.,-10.));
#9741=CARTESIAN_POINT('',(12.5,-30.,-2.49999999999999));
#9742=CARTESIAN_POINT('',(12.5,-10.,-2.49999999999999));
#9743=CARTESIAN_POINT('',(12.5000001862645,-30.,20.0000002980232));
#9744=CARTESIAN_POINT('Origin',(12.5000001862645,-10.,-20.));
#9745=CARTESIAN_POINT('',(12.5,-10.,-10.5));
#9746=CARTESIAN_POINT('',(12.5,-30.,-10.5));
#9747=CARTESIAN_POINT('',(12.5,-10.,-10.5));
#9748=CARTESIAN_POINT('',(12.5,-30.,-11.5));
#9749=CARTESIAN_POINT('',(12.5000001862645,-30.,20.0000002980232));
#9750=CARTESIAN_POINT('',(12.5,-10.,-11.5));
#9751=CARTESIAN_POINT('',(12.5,-30.,-11.5));
#9752=CARTESIAN_POINT('',(12.5000001862645,-10.,-10.));
#9753=CARTESIAN_POINT('Origin',(12.5000001862645,-10.,-20.));
#9754=CARTESIAN_POINT('',(12.5,-30.,-5.49999999999999));
#9755=CARTESIAN_POINT('',(12.5,-10.,-5.49999999999999));
#9756=CARTESIAN_POINT('',(12.5,-30.,-5.49999999999999));
#9757=CARTESIAN_POINT('',(12.5,-10.,-4.49999999999999));
#9758=CARTESIAN_POINT('',(12.5000001862645,-10.,-10.));
#9759=CARTESIAN_POINT('',(12.5,-30.,-4.49999999999999));
#9760=CARTESIAN_POINT('',(12.5,-10.,-4.49999999999999));
#9761=CARTESIAN_POINT('',(12.5000001862645,-30.,20.0000002980232));
#9762=CARTESIAN_POINT('Origin',(12.5000001862645,-10.,-20.));
#9763=CARTESIAN_POINT('',(12.5,-10.,-8.49999999999999));
#9764=CARTESIAN_POINT('',(12.5,-30.,-8.49999999999999));
#9765=CARTESIAN_POINT('',(12.5,-10.,-8.49999999999999));
#9766=CARTESIAN_POINT('',(12.5,-30.,-9.49999999999999));
#9767=CARTESIAN_POINT('',(12.5000001862645,-30.,20.0000002980232));
#9768=CARTESIAN_POINT('',(12.5,-10.,-9.49999999999999));
#9769=CARTESIAN_POINT('',(12.5,-30.,-9.49999999999999));
#9770=CARTESIAN_POINT('',(12.5000001862645,-10.,-10.));
#9771=CARTESIAN_POINT('Origin',(11.5000001862645,-10.,20.0000002980232));
#9772=CARTESIAN_POINT('',(11.5000001862645,-10.,-20.));
#9773=CARTESIAN_POINT('',(11.5000001862645,-10.,20.0000002980232));
#9774=CARTESIAN_POINT('',(11.5000001862645,-10.,10.0000001490116));
#9775=CARTESIAN_POINT('',(11.5000001862645,-30.,-20.));
#9776=CARTESIAN_POINT('',(11.5000001862645,-10.,-20.));
#9777=CARTESIAN_POINT('',(11.5000001862645,-30.,20.0000002980232));
#9778=CARTESIAN_POINT('',(11.5000001862645,-30.,-20.0000002980232));
#9779=CARTESIAN_POINT('',(11.5000001862645,-10.,20.0000002980232));
#9780=CARTESIAN_POINT('Origin',(12.5000001862645,-10.,-20.));
#9781=CARTESIAN_POINT('',(12.5,-10.,-6.49999999999999));
#9782=CARTESIAN_POINT('',(12.5,-30.,-6.49999999999999));
#9783=CARTESIAN_POINT('',(12.5,-10.,-6.49999999999999));
#9784=CARTESIAN_POINT('',(12.5,-30.,-7.49999999999999));
#9785=CARTESIAN_POINT('',(12.5000001862645,-30.,20.0000002980232));
#9786=CARTESIAN_POINT('',(12.5,-10.,-7.49999999999999));
#9787=CARTESIAN_POINT('',(12.5,-30.,-7.49999999999999));
#9788=CARTESIAN_POINT('',(12.5000001862645,-10.,-10.));
#9789=CARTESIAN_POINT('Origin',(0.,-10.,0.));
#9790=CARTESIAN_POINT('',(20.,-10.,8.50000000000001));
#9791=CARTESIAN_POINT('',(10.,-10.,8.50000000000001));
#9792=CARTESIAN_POINT('',(20.,-10.,9.50000000000001));
#9793=CARTESIAN_POINT('',(20.,-10.,20.));
#9794=CARTESIAN_POINT('',(10.,-10.,9.50000000000001));
#9795=CARTESIAN_POINT('Origin',(0.,-10.,0.));
#9796=CARTESIAN_POINT('',(20.,-10.,10.5));
#9797=CARTESIAN_POINT('',(10.,-10.,10.5));
#9798=CARTESIAN_POINT('',(20.,-10.,11.5));
#9799=CARTESIAN_POINT('',(20.,-10.,20.));
#9800=CARTESIAN_POINT('',(10.,-10.,11.5));
#9801=CARTESIAN_POINT('Origin',(0.,-10.,0.));
#9802=CARTESIAN_POINT('',(20.,-10.,6.50000000000001));
#9803=CARTESIAN_POINT('',(10.,-10.,6.50000000000001));
#9804=CARTESIAN_POINT('',(20.,-10.,7.50000000000001));
#9805=CARTESIAN_POINT('',(20.,-10.,20.));
#9806=CARTESIAN_POINT('',(10.,-10.,7.50000000000001));
#9807=CARTESIAN_POINT('Origin',(0.,-10.,0.));
#9808=CARTESIAN_POINT('',(20.,-10.,12.5));
#9809=CARTESIAN_POINT('',(10.,-10.,12.5));
#9810=CARTESIAN_POINT('',(20.,-10.,20.));
#9811=CARTESIAN_POINT('',(20.,-10.,20.));
#9812=CARTESIAN_POINT('',(-20.,-10.,20.));
#9813=CARTESIAN_POINT('Origin',(0.,-10.,0.));
#9814=CARTESIAN_POINT('',(20.,-10.,4.50000000000001));
#9815=CARTESIAN_POINT('',(10.,-10.,4.50000000000001));
#9816=CARTESIAN_POINT('',(20.,-10.,5.50000000000001));
#9817=CARTESIAN_POINT('',(20.,-10.,20.));
#9818=CARTESIAN_POINT('',(10.,-10.,5.50000000000001));
#9819=CARTESIAN_POINT('Origin',(0.,-10.,0.));
#9820=CARTESIAN_POINT('',(10.5000001862645,-10.,20.0000002980232));
#9821=CARTESIAN_POINT('',(-20.,-10.,20.));
#9822=CARTESIAN_POINT('',(10.5000001862645,-10.,-20.0000002980232));
#9823=CARTESIAN_POINT('',(10.5000001862645,-10.,-10.0000001490116));
#9824=CARTESIAN_POINT('',(20.,-10.,-20.));
#9825=CARTESIAN_POINT('Origin',(0.,-10.,0.));
#9826=CARTESIAN_POINT('',(20.,-10.,2.50000000000001));
#9827=CARTESIAN_POINT('',(10.,-10.,2.50000000000001));
#9828=CARTESIAN_POINT('',(20.,-10.,3.50000000000001));
#9829=CARTESIAN_POINT('',(20.,-10.,20.));
#9830=CARTESIAN_POINT('',(10.,-10.,3.50000000000001));
#9831=CARTESIAN_POINT('Origin',(0.,-10.,0.));
#9832=CARTESIAN_POINT('',(20.,-10.,-20.));
#9833=CARTESIAN_POINT('',(20.,-10.,-20.));
#9834=CARTESIAN_POINT('',(20.,-10.,20.));
#9835=CARTESIAN_POINT('Origin',(0.,-10.,0.));
#9836=CARTESIAN_POINT('',(20.,-10.,0.500000000000007));
#9837=CARTESIAN_POINT('',(10.,-10.,0.500000000000007));
#9838=CARTESIAN_POINT('',(20.,-10.,1.50000000000001));
#9839=CARTESIAN_POINT('',(20.,-10.,20.));
#9840=CARTESIAN_POINT('',(10.,-10.,1.50000000000001));
#9841=CARTESIAN_POINT('Origin',(0.,-10.,0.));
#9842=CARTESIAN_POINT('',(20.,-10.,-11.5));
#9843=CARTESIAN_POINT('',(10.,-10.,-11.5));
#9844=CARTESIAN_POINT('',(20.,-10.,-10.5));
#9845=CARTESIAN_POINT('',(20.,-10.,20.));
#9846=CARTESIAN_POINT('',(10.,-10.,-10.5));
#9847=CARTESIAN_POINT('Origin',(0.,-10.,0.));
#9848=CARTESIAN_POINT('',(20.,-10.,-1.49999999999999));
#9849=CARTESIAN_POINT('',(10.,-10.,-1.49999999999999));
#9850=CARTESIAN_POINT('',(20.,-10.,-0.499999999999994));
#9851=CARTESIAN_POINT('',(20.,-10.,20.));
#9852=CARTESIAN_POINT('',(10.,-10.,-0.499999999999994));
#9853=CARTESIAN_POINT('Origin',(0.,-10.,0.));
#9854=CARTESIAN_POINT('',(20.,-10.,-9.49999999999999));
#9855=CARTESIAN_POINT('',(10.,-10.,-9.49999999999999));
#9856=CARTESIAN_POINT('',(20.,-10.,-8.49999999999999));
#9857=CARTESIAN_POINT('',(20.,-10.,20.));
#9858=CARTESIAN_POINT('',(10.,-10.,-8.49999999999999));
#9859=CARTESIAN_POINT('Origin',(0.,-10.,0.));
#9860=CARTESIAN_POINT('',(20.,-10.,-3.49999999999999));
#9861=CARTESIAN_POINT('',(10.,-10.,-3.49999999999999));
#9862=CARTESIAN_POINT('',(20.,-10.,-2.49999999999999));
#9863=CARTESIAN_POINT('',(20.,-10.,20.));
#9864=CARTESIAN_POINT('',(10.,-10.,-2.49999999999999));
#9865=CARTESIAN_POINT('Origin',(0.,-10.,0.));
#9866=CARTESIAN_POINT('',(20.,-10.,-7.49999999999999));
#9867=CARTESIAN_POINT('',(10.,-10.,-7.49999999999999));
#9868=CARTESIAN_POINT('',(20.,-10.,-6.49999999999999));
#9869=CARTESIAN_POINT('',(20.,-10.,20.));
#9870=CARTESIAN_POINT('',(10.,-10.,-6.49999999999999));
#9871=CARTESIAN_POINT('Origin',(0.,-10.,0.));
#9872=CARTESIAN_POINT('',(20.,-10.,-5.49999999999999));
#9873=CARTESIAN_POINT('',(10.,-10.,-5.49999999999999));
#9874=CARTESIAN_POINT('',(20.,-10.,-4.49999999999999));
#9875=CARTESIAN_POINT('',(20.,-10.,20.));
#9876=CARTESIAN_POINT('',(10.,-10.,-4.49999999999999));
#9877=CARTESIAN_POINT('Origin',(6.50000018626451,-10.,-20.0000002980232));
#9878=CARTESIAN_POINT('',(6.50000018626451,-10.,20.0000002980232));
#9879=CARTESIAN_POINT('',(6.50000018626451,-10.,-20.0000002980232));
#9880=CARTESIAN_POINT('',(6.50000018626451,-10.,-10.0000001490116));
#9881=CARTESIAN_POINT('',(6.50000018626451,-30.,20.0000002980232));
#9882=CARTESIAN_POINT('',(6.50000018626451,-10.,20.0000002980232));
#9883=CARTESIAN_POINT('',(6.50000018626451,-30.,-20.0000002980232));
#9884=CARTESIAN_POINT('',(6.50000018626451,-30.,20.0000002980232));
#9885=CARTESIAN_POINT('',(6.50000018626451,-10.,-20.0000002980232));
#9886=CARTESIAN_POINT('Origin',(5.50000018626451,-10.,20.0000002980232));
#9887=CARTESIAN_POINT('',(5.50000018626451,-10.,-20.0000002980232));
#9888=CARTESIAN_POINT('',(5.50000018626451,-10.,20.0000002980232));
#9889=CARTESIAN_POINT('',(5.50000018626451,-10.,10.0000001490116));
#9890=CARTESIAN_POINT('',(5.50000018626451,-30.,-20.0000002980232));
#9891=CARTESIAN_POINT('',(5.50000018626451,-10.,-20.0000002980232));
#9892=CARTESIAN_POINT('',(5.50000018626451,-30.,20.0000002980232));
#9893=CARTESIAN_POINT('',(5.50000018626451,-30.,-20.0000002980232));
#9894=CARTESIAN_POINT('',(5.50000018626451,-10.,20.0000002980232));
#9895=CARTESIAN_POINT('Origin',(6.00000018626451,-30.,0.));
#9896=CARTESIAN_POINT('',(6.50000018626451,-30.,-20.0000002980232));
#9897=CARTESIAN_POINT('',(5.50000018626451,-30.,20.0000002980232));
#9898=CARTESIAN_POINT('Origin',(0.,-10.,0.));
#9899=CARTESIAN_POINT('',(20.,-10.,-20.));
#9900=CARTESIAN_POINT('',(-20.,-10.,20.));
#9901=CARTESIAN_POINT('Origin',(-1.49999981373549,-10.,-20.0000002980232));
#9902=CARTESIAN_POINT('',(-1.49999981373549,-10.,20.0000002980232));
#9903=CARTESIAN_POINT('',(-1.49999981373549,-10.,-20.0000002980232));
#9904=CARTESIAN_POINT('',(-1.49999981373549,-10.,-10.0000001490116));
#9905=CARTESIAN_POINT('',(-1.49999981373549,-30.,20.0000002980232));
#9906=CARTESIAN_POINT('',(-1.49999981373549,-10.,20.0000002980232));
#9907=CARTESIAN_POINT('',(-1.49999981373549,-30.,-20.0000002980232));
#9908=CARTESIAN_POINT('',(-1.49999981373549,-30.,20.0000002980232));
#9909=CARTESIAN_POINT('',(-1.49999981373549,-10.,-20.0000002980232));
#9910=CARTESIAN_POINT('Origin',(-2.49999981373549,-10.,20.0000002980232));
#9911=CARTESIAN_POINT('',(-2.49999981373549,-10.,-20.0000002980232));
#9912=CARTESIAN_POINT('',(-2.49999981373549,-10.,20.0000002980232));
#9913=CARTESIAN_POINT('',(-2.49999981373549,-10.,10.0000001490116));
#9914=CARTESIAN_POINT('',(-2.49999981373549,-30.,-20.0000002980232));
#9915=CARTESIAN_POINT('',(-2.49999981373549,-10.,-20.0000002980232));
#9916=CARTESIAN_POINT('',(-2.49999981373549,-30.,20.0000002980232));
#9917=CARTESIAN_POINT('',(-2.49999981373549,-30.,-20.0000002980232));
#9918=CARTESIAN_POINT('',(-2.49999981373549,-10.,20.0000002980232));
#9919=CARTESIAN_POINT('Origin',(-1.99999981373549,-30.,0.));
#9920=CARTESIAN_POINT('',(-1.49999981373549,-30.,-20.0000002980232));
#9921=CARTESIAN_POINT('',(-2.49999981373549,-30.,20.0000002980232));
#9922=CARTESIAN_POINT('Origin',(0.,-10.,0.));
#9923=CARTESIAN_POINT('',(20.,-10.,-20.));
#9924=CARTESIAN_POINT('',(-20.,-10.,20.));
#9925=CARTESIAN_POINT('Origin',(-9.49999981373549,-10.,-20.0000002980232));
#9926=CARTESIAN_POINT('',(-9.49999981373549,-10.,20.0000002980232));
#9927=CARTESIAN_POINT('',(-9.49999981373549,-10.,-20.0000002980232));
#9928=CARTESIAN_POINT('',(-9.49999981373549,-10.,-10.0000001490116));
#9929=CARTESIAN_POINT('',(-9.49999981373549,-30.,20.0000002980232));
#9930=CARTESIAN_POINT('',(-9.49999981373549,-10.,20.0000002980232));
#9931=CARTESIAN_POINT('',(-9.49999981373549,-30.,-20.0000002980232));
#9932=CARTESIAN_POINT('',(-9.49999981373549,-30.,20.0000002980232));
#9933=CARTESIAN_POINT('',(-9.49999981373549,-10.,-20.0000002980232));
#9934=CARTESIAN_POINT('Origin',(-10.4999998137355,-10.,20.0000002980232));
#9935=CARTESIAN_POINT('',(-10.4999998137355,-30.,-20.0000002980232));
#9936=CARTESIAN_POINT('',(-10.4999998137355,-10.,-20.0000002980232));
#9937=CARTESIAN_POINT('',(-10.4999998137355,-30.,20.0000002980232));
#9938=CARTESIAN_POINT('',(-10.4999998137355,-30.,-20.0000002980232));
#9939=CARTESIAN_POINT('',(-10.4999998137355,-10.,20.0000002980232));
#9940=CARTESIAN_POINT('Origin',(-9.99999981373549,-30.,0.));
#9941=CARTESIAN_POINT('',(-9.49999981373549,-30.,-20.0000002980232));
#9942=CARTESIAN_POINT('',(-10.4999998137355,-30.,20.0000002980232));
#9943=CARTESIAN_POINT('Origin',(-5.49999981373549,-10.,-20.0000002980232));
#9944=CARTESIAN_POINT('',(-5.49999981373549,-30.,20.0000002980232));
#9945=CARTESIAN_POINT('',(-5.49999981373549,-10.,20.0000002980232));
#9946=CARTESIAN_POINT('',(-5.49999981373549,-30.,-20.0000002980232));
#9947=CARTESIAN_POINT('',(-5.49999981373549,-30.,20.0000002980232));
#9948=CARTESIAN_POINT('',(-5.49999981373549,-10.,-20.0000002980232));
#9949=CARTESIAN_POINT('Origin',(-6.49999981373549,-10.,20.0000002980232));
#9950=CARTESIAN_POINT('',(-6.49999981373549,-10.,-20.0000002980232));
#9951=CARTESIAN_POINT('',(-6.49999981373549,-10.,20.0000002980232));
#9952=CARTESIAN_POINT('',(-6.49999981373549,-10.,10.0000001490116));
#9953=CARTESIAN_POINT('',(-6.49999981373549,-30.,-20.0000002980232));
#9954=CARTESIAN_POINT('',(-6.49999981373549,-10.,-20.0000002980232));
#9955=CARTESIAN_POINT('',(-6.49999981373549,-30.,20.0000002980232));
#9956=CARTESIAN_POINT('',(-6.49999981373549,-30.,-20.0000002980232));
#9957=CARTESIAN_POINT('',(-6.49999981373549,-10.,20.0000002980232));
#9958=CARTESIAN_POINT('Origin',(-5.99999981373549,-30.,0.));
#9959=CARTESIAN_POINT('',(-5.49999981373549,-30.,-20.0000002980232));
#9960=CARTESIAN_POINT('',(-6.49999981373549,-30.,20.0000002980232));
#9961=CARTESIAN_POINT('Origin',(0.,-10.,0.));
#9962=CARTESIAN_POINT('',(-7.49999981373549,-10.,20.0000002980232));
#9963=CARTESIAN_POINT('',(-20.,-10.,20.));
#9964=CARTESIAN_POINT('',(-7.49999981373549,-10.,-20.0000002980232));
#9965=CARTESIAN_POINT('',(-7.49999981373549,-10.,-10.0000001490116));
#9966=CARTESIAN_POINT('',(20.,-10.,-20.));
#9967=CARTESIAN_POINT('Origin',(2.50000018626451,-10.,-20.0000002980232));
#9968=CARTESIAN_POINT('',(2.50000018626451,-30.,20.0000002980232));
#9969=CARTESIAN_POINT('',(2.50000018626451,-10.,20.0000002980232));
#9970=CARTESIAN_POINT('',(2.50000018626451,-30.,-20.0000002980232));
#9971=CARTESIAN_POINT('',(2.50000018626451,-30.,20.0000002980232));
#9972=CARTESIAN_POINT('',(2.50000018626451,-10.,-20.0000002980232));
#9973=CARTESIAN_POINT('Origin',(1.50000018626451,-10.,20.0000002980232));
#9974=CARTESIAN_POINT('',(1.50000018626451,-10.,-20.0000002980232));
#9975=CARTESIAN_POINT('',(1.50000018626451,-10.,20.0000002980232));
#9976=CARTESIAN_POINT('',(1.50000018626451,-10.,10.0000001490116));
#9977=CARTESIAN_POINT('',(1.50000018626451,-30.,-20.0000002980232));
#9978=CARTESIAN_POINT('',(1.50000018626451,-10.,-20.0000002980232));
#9979=CARTESIAN_POINT('',(1.50000018626451,-30.,20.0000002980232));
#9980=CARTESIAN_POINT('',(1.50000018626451,-30.,-20.0000002980232));
#9981=CARTESIAN_POINT('',(1.50000018626451,-10.,20.0000002980232));
#9982=CARTESIAN_POINT('Origin',(2.00000018626451,-30.,0.));
#9983=CARTESIAN_POINT('',(2.50000018626451,-30.,-20.0000002980232));
#9984=CARTESIAN_POINT('',(1.50000018626451,-30.,20.0000002980232));
#9985=CARTESIAN_POINT('Origin',(0.,-10.,0.));
#9986=CARTESIAN_POINT('',(0.500000186264513,-10.,20.0000002980232));
#9987=CARTESIAN_POINT('',(-20.,-10.,20.));
#9988=CARTESIAN_POINT('',(0.500000186264513,-10.,-20.0000002980232));
#9989=CARTESIAN_POINT('',(0.500000186264513,-10.,-10.0000001490116));
#9990=CARTESIAN_POINT('',(20.,-10.,-20.));
#9991=CARTESIAN_POINT('Origin',(10.5000001862645,-10.,-20.0000002980232));
#9992=CARTESIAN_POINT('',(10.5000001862645,-30.,20.0000002980232));
#9993=CARTESIAN_POINT('',(10.5000001862645,-10.,20.0000002980232));
#9994=CARTESIAN_POINT('',(10.5000001862645,-30.,-20.0000002980232));
#9995=CARTESIAN_POINT('',(10.5000001862645,-30.,20.0000002980232));
#9996=CARTESIAN_POINT('',(10.5000001862645,-10.,-20.0000002980232));
#9997=CARTESIAN_POINT('Origin',(9.50000018626451,-10.,20.0000002980232));
#9998=CARTESIAN_POINT('',(9.50000018626451,-10.,-20.0000002980232));
#9999=CARTESIAN_POINT('',(9.50000018626451,-10.,20.0000002980232));
#10000=CARTESIAN_POINT('',(9.50000018626451,-10.,10.0000001490116));
#10001=CARTESIAN_POINT('',(9.50000018626451,-30.,-20.0000002980232));
#10002=CARTESIAN_POINT('',(9.50000018626451,-10.,-20.0000002980232));
#10003=CARTESIAN_POINT('',(9.50000018626451,-30.,20.0000002980232));
#10004=CARTESIAN_POINT('',(9.50000018626451,-30.,-20.0000002980232));
#10005=CARTESIAN_POINT('',(9.50000018626451,-10.,20.0000002980232));
#10006=CARTESIAN_POINT('Origin',(10.0000001862645,-30.,0.));
#10007=CARTESIAN_POINT('',(10.5000001862645,-30.,-20.0000002980232));
#10008=CARTESIAN_POINT('',(9.50000018626451,-30.,20.0000002980232));
#10009=CARTESIAN_POINT('Origin',(0.,-10.,0.));
#10010=CARTESIAN_POINT('',(8.50000018626451,-10.,20.0000002980232));
#10011=CARTESIAN_POINT('',(-20.,-10.,20.));
#10012=CARTESIAN_POINT('',(8.50000018626451,-10.,-20.0000002980232));
#10013=CARTESIAN_POINT('',(8.50000018626451,-10.,-10.0000001490116));
#10014=CARTESIAN_POINT('',(20.,-10.,-20.));
#10015=CARTESIAN_POINT('Origin',(8.50000018626451,-10.,-20.0000002980232));
#10016=CARTESIAN_POINT('',(8.50000018626451,-30.,20.0000002980232));
#10017=CARTESIAN_POINT('',(8.50000018626451,-10.,20.0000002980232));
#10018=CARTESIAN_POINT('',(8.50000018626451,-30.,-20.0000002980232));
#10019=CARTESIAN_POINT('',(8.50000018626451,-30.,20.0000002980232));
#10020=CARTESIAN_POINT('',(8.50000018626451,-10.,-20.0000002980232));
#10021=CARTESIAN_POINT('Origin',(7.50000018626451,-10.,20.0000002980232));
#10022=CARTESIAN_POINT('',(7.50000018626451,-10.,-20.0000002980232));
#10023=CARTESIAN_POINT('',(7.50000018626451,-10.,20.0000002980232));
#10024=CARTESIAN_POINT('',(7.50000018626451,-10.,10.0000001490116));
#10025=CARTESIAN_POINT('',(7.50000018626451,-30.,-20.0000002980232));
#10026=CARTESIAN_POINT('',(7.50000018626451,-10.,-20.0000002980232));
#10027=CARTESIAN_POINT('',(7.50000018626451,-30.,20.0000002980232));
#10028=CARTESIAN_POINT('',(7.50000018626451,-30.,-20.0000002980232));
#10029=CARTESIAN_POINT('',(7.50000018626451,-10.,20.0000002980232));
#10030=CARTESIAN_POINT('Origin',(8.00000018626451,-30.,0.));
#10031=CARTESIAN_POINT('',(8.50000018626451,-30.,-20.0000002980232));
#10032=CARTESIAN_POINT('',(7.50000018626451,-30.,20.0000002980232));
#10033=CARTESIAN_POINT('Origin',(0.,-10.,0.));
#10034=CARTESIAN_POINT('',(20.,-10.,-20.));
#10035=CARTESIAN_POINT('',(-20.,-10.,20.));
#10036=CARTESIAN_POINT('Origin',(0.500000186264513,-10.,-20.0000002980232));
#10037=CARTESIAN_POINT('',(0.500000186264513,-30.,20.0000002980232));
#10038=CARTESIAN_POINT('',(0.500000186264513,-10.,20.0000002980232));
#10039=CARTESIAN_POINT('',(0.500000186264513,-30.,-20.0000002980232));
#10040=CARTESIAN_POINT('',(0.500000186264513,-30.,20.0000002980232));
#10041=CARTESIAN_POINT('',(0.500000186264513,-10.,-20.0000002980232));
#10042=CARTESIAN_POINT('Origin',(-0.499999813735488,-10.,20.0000002980232));
#10043=CARTESIAN_POINT('',(-0.499999813735488,-10.,-20.0000002980232));
#10044=CARTESIAN_POINT('',(-0.499999813735488,-10.,20.0000002980232));
#10045=CARTESIAN_POINT('',(-0.499999813735488,-10.,10.0000001490116));
#10046=CARTESIAN_POINT('',(-0.499999813735488,-30.,-20.0000002980232));
#10047=CARTESIAN_POINT('',(-0.499999813735488,-10.,-20.0000002980232));
#10048=CARTESIAN_POINT('',(-0.499999813735488,-30.,20.0000002980232));
#10049=CARTESIAN_POINT('',(-0.499999813735488,-30.,-20.0000002980232));
#10050=CARTESIAN_POINT('',(-0.499999813735488,-10.,20.0000002980232));
#10051=CARTESIAN_POINT('Origin',(1.8626451270265E-7,-30.,0.));
#10052=CARTESIAN_POINT('',(0.500000186264513,-30.,-20.0000002980232));
#10053=CARTESIAN_POINT('',(-0.499999813735488,-30.,20.0000002980232));
#10054=CARTESIAN_POINT('Origin',(0.,-10.,0.));
#10055=CARTESIAN_POINT('',(20.,-10.,-20.));
#10056=CARTESIAN_POINT('',(-20.,-10.,20.));
#10057=CARTESIAN_POINT('Origin',(-7.49999981373549,-10.,-20.0000002980232));
#10058=CARTESIAN_POINT('',(-7.49999981373549,-30.,20.0000002980232));
#10059=CARTESIAN_POINT('',(-7.49999981373549,-10.,20.0000002980232));
#10060=CARTESIAN_POINT('',(-7.49999981373549,-30.,-20.0000002980232));
#10061=CARTESIAN_POINT('',(-7.49999981373549,-30.,20.0000002980232));
#10062=CARTESIAN_POINT('',(-7.49999981373549,-10.,-20.0000002980232));
#10063=CARTESIAN_POINT('Origin',(-8.49999981373549,-10.,20.0000002980232));
#10064=CARTESIAN_POINT('',(-8.49999981373549,-10.,-20.0000002980232));
#10065=CARTESIAN_POINT('',(-8.49999981373549,-10.,20.0000002980232));
#10066=CARTESIAN_POINT('',(-8.49999981373549,-10.,10.0000001490116));
#10067=CARTESIAN_POINT('',(-8.49999981373549,-30.,-20.0000002980232));
#10068=CARTESIAN_POINT('',(-8.49999981373549,-10.,-20.0000002980232));
#10069=CARTESIAN_POINT('',(-8.49999981373549,-30.,20.0000002980232));
#10070=CARTESIAN_POINT('',(-8.49999981373549,-30.,-20.0000002980232));
#10071=CARTESIAN_POINT('',(-8.49999981373549,-10.,20.0000002980232));
#10072=CARTESIAN_POINT('Origin',(-7.99999981373549,-30.,0.));
#10073=CARTESIAN_POINT('',(-7.49999981373549,-30.,-20.0000002980232));
#10074=CARTESIAN_POINT('',(-8.49999981373549,-30.,20.0000002980232));
#10075=CARTESIAN_POINT('Origin',(0.,-10.,0.));
#10076=CARTESIAN_POINT('',(20.,-10.,-20.));
#10077=CARTESIAN_POINT('',(-20.,-10.,20.));
#10078=CARTESIAN_POINT('Origin',(20.,-10.,11.5));
#10079=CARTESIAN_POINT('',(20.,-30.,11.5));
#10080=CARTESIAN_POINT('',(20.,-10.,11.5));
#10081=CARTESIAN_POINT('',(20.,-30.,11.5));
#10082=CARTESIAN_POINT('Origin',(20.,-30.,12.5));
#10083=CARTESIAN_POINT('',(20.,-30.,12.5));
#10084=CARTESIAN_POINT('Origin',(20.,-10.,3.50000000000001));
#10085=CARTESIAN_POINT('',(20.,-30.,3.50000000000001));
#10086=CARTESIAN_POINT('',(20.,-10.,3.50000000000001));
#10087=CARTESIAN_POINT('',(20.,-30.,3.50000000000001));
#10088=CARTESIAN_POINT('Origin',(20.,-30.,4.50000000000001));
#10089=CARTESIAN_POINT('',(20.,-30.,4.50000000000001));
#10090=CARTESIAN_POINT('',(20.,-30.,4.50000000000001));
#10091=CARTESIAN_POINT('',(20.,-30.,4.50000000000001));
#10092=CARTESIAN_POINT('Origin',(20.,-10.,-4.49999999999999));
#10093=CARTESIAN_POINT('',(20.,-30.,-4.49999999999999));
#10094=CARTESIAN_POINT('',(20.,-10.,-4.49999999999999));
#10095=CARTESIAN_POINT('',(20.,-30.,-4.49999999999999));
#10096=CARTESIAN_POINT('Origin',(20.,-30.,-3.49999999999999));
#10097=CARTESIAN_POINT('',(20.,-30.,-3.49999999999999));
#10098=CARTESIAN_POINT('',(20.,-30.,-3.49999999999999));
#10099=CARTESIAN_POINT('',(20.,-30.,-3.49999999999999));
#10100=CARTESIAN_POINT('Origin',(20.,-10.,-12.5));
#10101=CARTESIAN_POINT('',(20.,-10.,-12.5));
#10102=CARTESIAN_POINT('Origin',(20.,-30.,-11.5));
#10103=CARTESIAN_POINT('',(20.,-30.,-11.5));
#10104=CARTESIAN_POINT('',(20.,-30.,-11.5));
#10105=CARTESIAN_POINT('',(20.,-30.,-11.5));
#10106=CARTESIAN_POINT('Origin',(20.,-30.,-6.49999999999999));
#10107=CARTESIAN_POINT('',(20.,-30.,-6.49999999999999));
#10108=CARTESIAN_POINT('',(20.,-30.,-5.49999999999999));
#10109=CARTESIAN_POINT('',(20.,-30.,-6.49999999999999));
#10110=CARTESIAN_POINT('',(20.,-30.,-5.49999999999999));
#10111=CARTESIAN_POINT('',(20.,-30.,-4.49999999999999));
#10112=CARTESIAN_POINT('',(20.,-30.,-2.49999999999999));
#10113=CARTESIAN_POINT('',(20.,-30.,-2.49999999999999));
#10114=CARTESIAN_POINT('',(20.,-30.,-1.49999999999999));
#10115=CARTESIAN_POINT('',(20.,-30.,-2.49999999999999));
#10116=CARTESIAN_POINT('',(20.,-30.,-1.49999999999999));
#10117=CARTESIAN_POINT('',(20.,-30.,-0.499999999999994));
#10118=CARTESIAN_POINT('',(20.,-30.,-0.499999999999994));
#10119=CARTESIAN_POINT('',(20.,-30.,0.500000000000007));
#10120=CARTESIAN_POINT('',(20.,-30.,-0.499999999999994));
#10121=CARTESIAN_POINT('',(20.,-30.,0.500000000000007));
#10122=CARTESIAN_POINT('',(20.,-30.,1.50000000000001));
#10123=CARTESIAN_POINT('',(20.,-30.,1.50000000000001));
#10124=CARTESIAN_POINT('',(20.,-30.,2.50000000000001));
#10125=CARTESIAN_POINT('',(20.,-30.,1.50000000000001));
#10126=CARTESIAN_POINT('',(20.,-30.,2.50000000000001));
#10127=CARTESIAN_POINT('',(20.,-30.,3.50000000000001));
#10128=CARTESIAN_POINT('',(20.,-30.,5.50000000000001));
#10129=CARTESIAN_POINT('',(20.,-30.,5.50000000000001));
#10130=CARTESIAN_POINT('',(20.,-30.,6.50000000000001));
#10131=CARTESIAN_POINT('',(20.,-30.,5.50000000000001));
#10132=CARTESIAN_POINT('',(20.,-30.,6.50000000000001));
#10133=CARTESIAN_POINT('',(20.,-30.,7.50000000000001));
#10134=CARTESIAN_POINT('',(20.,-30.,7.50000000000001));
#10135=CARTESIAN_POINT('',(20.,-30.,8.50000000000001));
#10136=CARTESIAN_POINT('',(20.,-30.,7.50000000000001));
#10137=CARTESIAN_POINT('',(20.,-30.,8.50000000000001));
#10138=CARTESIAN_POINT('',(20.,-30.,9.50000000000001));
#10139=CARTESIAN_POINT('',(20.,-30.,9.50000000000001));
#10140=CARTESIAN_POINT('',(20.,-30.,10.5));
#10141=CARTESIAN_POINT('',(20.,-30.,9.50000000000001));
#10142=CARTESIAN_POINT('',(20.,-30.,10.5));
#10143=CARTESIAN_POINT('',(20.,-30.,20.0000002980232));
#10144=CARTESIAN_POINT('',(20.,-30.,11.5));
#10145=CARTESIAN_POINT('',(20.,-30.,20.0000002980232));
#10146=CARTESIAN_POINT('',(20.,-30.,-20.0000002980232));
#10147=CARTESIAN_POINT('',(-20.,-30.,-20.));
#10148=CARTESIAN_POINT('',(20.,-30.,-12.5));
#10149=CARTESIAN_POINT('',(20.,-30.,-10.5));
#10150=CARTESIAN_POINT('',(20.,-30.,-10.5));
#10151=CARTESIAN_POINT('',(20.,-30.,-9.49999999999999));
#10152=CARTESIAN_POINT('',(20.,-30.,-10.5));
#10153=CARTESIAN_POINT('',(20.,-30.,-9.49999999999999));
#10154=CARTESIAN_POINT('',(20.,-30.,-8.49999999999999));
#10155=CARTESIAN_POINT('',(20.,-30.,-8.49999999999999));
#10156=CARTESIAN_POINT('',(20.,-30.,-7.49999999999999));
#10157=CARTESIAN_POINT('',(20.,-30.,-8.49999999999999));
#10158=CARTESIAN_POINT('',(20.,-30.,-7.49999999999999));
#10159=CARTESIAN_POINT('',(20.,-30.,-6.49999999999999));
#10160=CARTESIAN_POINT('Origin',(20.,-10.,-6.49999999999999));
#10161=CARTESIAN_POINT('',(20.,-10.,-6.49999999999999));
#10162=CARTESIAN_POINT('Origin',(20.,-30.,-5.49999999999999));
#10163=CARTESIAN_POINT('',(20.,-30.,-5.49999999999999));
#10164=CARTESIAN_POINT('Origin',(20.,-10.,1.50000000000001));
#10165=CARTESIAN_POINT('',(20.,-10.,1.50000000000001));
#10166=CARTESIAN_POINT('Origin',(20.,-30.,2.50000000000001));
#10167=CARTESIAN_POINT('',(20.,-30.,2.50000000000001));
#10168=CARTESIAN_POINT('Origin',(20.,-10.,9.50000000000001));
#10169=CARTESIAN_POINT('',(20.,-10.,9.50000000000001));
#10170=CARTESIAN_POINT('Origin',(20.,-30.,10.5));
#10171=CARTESIAN_POINT('',(20.,-30.,10.5));
#10172=CARTESIAN_POINT('Origin',(20.,-10.,5.50000000000001));
#10173=CARTESIAN_POINT('',(20.,-10.,5.50000000000001));
#10174=CARTESIAN_POINT('Origin',(20.,-30.,6.50000000000001));
#10175=CARTESIAN_POINT('',(20.,-30.,6.50000000000001));
#10176=CARTESIAN_POINT('Origin',(20.,-10.,-2.49999999999999));
#10177=CARTESIAN_POINT('',(20.,-10.,-2.49999999999999));
#10178=CARTESIAN_POINT('Origin',(20.,-30.,-1.49999999999999));
#10179=CARTESIAN_POINT('',(20.,-30.,-1.49999999999999));
#10180=CARTESIAN_POINT('Origin',(20.,-10.,-10.5));
#10181=CARTESIAN_POINT('',(20.,-10.,-10.5));
#10182=CARTESIAN_POINT('Origin',(20.,-30.,-9.49999999999999));
#10183=CARTESIAN_POINT('',(20.,-30.,-9.49999999999999));
#10184=CARTESIAN_POINT('Origin',(20.,-10.,-8.49999999999999));
#10185=CARTESIAN_POINT('',(20.,-10.,-8.49999999999999));
#10186=CARTESIAN_POINT('Origin',(20.,-30.,-7.49999999999999));
#10187=CARTESIAN_POINT('',(20.,-30.,-7.49999999999999));
#10188=CARTESIAN_POINT('Origin',(20.,-10.,-0.499999999999994));
#10189=CARTESIAN_POINT('',(20.,-10.,-0.499999999999994));
#10190=CARTESIAN_POINT('Origin',(20.,-30.,0.500000000000007));
#10191=CARTESIAN_POINT('',(20.,-30.,0.500000000000007));
#10192=CARTESIAN_POINT('Origin',(20.,-10.,7.50000000000001));
#10193=CARTESIAN_POINT('',(20.,-10.,7.50000000000001));
#10194=CARTESIAN_POINT('Origin',(20.,-30.,8.50000000000001));
#10195=CARTESIAN_POINT('',(20.,-30.,8.50000000000001));
#10196=CARTESIAN_POINT('Origin',(-20.,-10.,-11.5));
#10197=CARTESIAN_POINT('',(-20.,-30.,-11.5));
#10198=CARTESIAN_POINT('',(-20.,-10.,-11.5));
#10199=CARTESIAN_POINT('',(-20.,-30.,-11.5));
#10200=CARTESIAN_POINT('Origin',(-20.,-30.,-12.5));
#10201=CARTESIAN_POINT('',(-20.,-30.,-12.5));
#10202=CARTESIAN_POINT('Origin',(-20.,-10.,-3.50000000000001));
#10203=CARTESIAN_POINT('',(-20.,-30.,-3.50000000000001));
#10204=CARTESIAN_POINT('',(-20.,-10.,-3.50000000000001));
#10205=CARTESIAN_POINT('',(-20.,-30.,-3.50000000000001));
#10206=CARTESIAN_POINT('Origin',(-20.,-30.,-4.50000000000001));
#10207=CARTESIAN_POINT('',(-20.,-30.,-4.50000000000001));
#10208=CARTESIAN_POINT('',(-20.,-30.,-4.50000000000001));
#10209=CARTESIAN_POINT('',(-20.,-30.,-4.50000000000001));
#10210=CARTESIAN_POINT('Origin',(-20.,-10.,4.49999999999999));
#10211=CARTESIAN_POINT('',(-20.,-30.,4.49999999999999));
#10212=CARTESIAN_POINT('',(-20.,-10.,4.49999999999999));
#10213=CARTESIAN_POINT('',(-20.,-30.,4.49999999999999));
#10214=CARTESIAN_POINT('Origin',(-20.,-30.,3.49999999999999));
#10215=CARTESIAN_POINT('',(-20.,-30.,3.49999999999999));
#10216=CARTESIAN_POINT('',(-20.,-30.,3.49999999999999));
#10217=CARTESIAN_POINT('',(-20.,-30.,3.49999999999999));
#10218=CARTESIAN_POINT('Origin',(-20.,-10.,12.5));
#10219=CARTESIAN_POINT('',(-20.,-10.,12.5));
#10220=CARTESIAN_POINT('Origin',(-20.,-30.,11.5));
#10221=CARTESIAN_POINT('',(-20.,-30.,11.5));
#10222=CARTESIAN_POINT('',(-20.,-30.,11.5));
#10223=CARTESIAN_POINT('',(-20.,-30.,11.5));
#10224=CARTESIAN_POINT('Origin',(-20.,-30.,6.49999999999999));
#10225=CARTESIAN_POINT('',(-20.,-30.,6.49999999999999));
#10226=CARTESIAN_POINT('',(-20.,-30.,5.49999999999999));
#10227=CARTESIAN_POINT('',(-20.,-30.,6.49999999999999));
#10228=CARTESIAN_POINT('',(-20.,-30.,5.49999999999999));
#10229=CARTESIAN_POINT('',(-20.,-30.,4.49999999999999));
#10230=CARTESIAN_POINT('',(-20.,-30.,2.49999999999999));
#10231=CARTESIAN_POINT('',(-20.,-30.,2.49999999999999));
#10232=CARTESIAN_POINT('',(-20.,-30.,1.49999999999999));
#10233=CARTESIAN_POINT('',(-20.,-30.,2.49999999999999));
#10234=CARTESIAN_POINT('',(-20.,-30.,1.49999999999999));
#10235=CARTESIAN_POINT('',(-20.,-30.,0.499999999999994));
#10236=CARTESIAN_POINT('',(-20.,-30.,0.499999999999994));
#10237=CARTESIAN_POINT('',(-20.,-30.,-0.500000000000007));
#10238=CARTESIAN_POINT('',(-20.,-30.,0.499999999999994));
#10239=CARTESIAN_POINT('',(-20.,-30.,-0.500000000000007));
#10240=CARTESIAN_POINT('',(-20.,-30.,-1.50000000000001));
#10241=CARTESIAN_POINT('',(-20.,-30.,-1.50000000000001));
#10242=CARTESIAN_POINT('',(-20.,-30.,-2.50000000000001));
#10243=CARTESIAN_POINT('',(-20.,-30.,-1.50000000000001));
#10244=CARTESIAN_POINT('',(-20.,-30.,-2.50000000000001));
#10245=CARTESIAN_POINT('',(-20.,-30.,-3.50000000000001));
#10246=CARTESIAN_POINT('',(-20.,-30.,-5.50000000000001));
#10247=CARTESIAN_POINT('',(-20.,-30.,-5.50000000000001));
#10248=CARTESIAN_POINT('',(-20.,-30.,-6.50000000000001));
#10249=CARTESIAN_POINT('',(-20.,-30.,-5.50000000000001));
#10250=CARTESIAN_POINT('',(-20.,-30.,-6.50000000000001));
#10251=CARTESIAN_POINT('',(-20.,-30.,-7.50000000000001));
#10252=CARTESIAN_POINT('',(-20.,-30.,-7.50000000000001));
#10253=CARTESIAN_POINT('',(-20.,-30.,-8.50000000000001));
#10254=CARTESIAN_POINT('',(-20.,-30.,-7.50000000000001));
#10255=CARTESIAN_POINT('',(-20.,-30.,-8.50000000000001));
#10256=CARTESIAN_POINT('',(-20.,-30.,-9.50000000000001));
#10257=CARTESIAN_POINT('',(-20.,-30.,-9.50000000000001));
#10258=CARTESIAN_POINT('',(-20.,-30.,-10.5));
#10259=CARTESIAN_POINT('',(-20.,-30.,-9.50000000000001));
#10260=CARTESIAN_POINT('',(-20.,-30.,-10.5));
#10261=CARTESIAN_POINT('',(-20.,-30.0000004470348,-20.0000002980232));
#10262=CARTESIAN_POINT('',(-20.,-30.,-11.5));
#10263=CARTESIAN_POINT('',(-20.,-30.0000004470348,-20.0000002980232));
#10264=CARTESIAN_POINT('',(-20.,-30.0000004470348,20.0000002980232));
#10265=CARTESIAN_POINT('',(-12.4999998137355,-30.,20.0000002980232));
#10266=CARTESIAN_POINT('',(-20.,-30.,12.5));
#10267=CARTESIAN_POINT('',(-20.,-30.,10.5));
#10268=CARTESIAN_POINT('',(-20.,-30.,10.5));
#10269=CARTESIAN_POINT('',(-20.,-30.,9.49999999999999));
#10270=CARTESIAN_POINT('',(-20.,-30.,10.5));
#10271=CARTESIAN_POINT('',(-20.,-30.,9.49999999999999));
#10272=CARTESIAN_POINT('',(-20.,-30.,8.49999999999999));
#10273=CARTESIAN_POINT('',(-20.,-30.,8.49999999999999));
#10274=CARTESIAN_POINT('',(-20.,-30.,7.49999999999999));
#10275=CARTESIAN_POINT('',(-20.,-30.,8.49999999999999));
#10276=CARTESIAN_POINT('',(-20.,-30.,7.49999999999999));
#10277=CARTESIAN_POINT('',(-20.,-30.,6.49999999999999));
#10278=CARTESIAN_POINT('Origin',(-20.,-10.,6.49999999999999));
#10279=CARTESIAN_POINT('',(-20.,-10.,6.49999999999999));
#10280=CARTESIAN_POINT('Origin',(-20.,-30.,5.49999999999999));
#10281=CARTESIAN_POINT('',(-20.,-30.,5.49999999999999));
#10282=CARTESIAN_POINT('Origin',(-20.,-10.,-1.50000000000001));
#10283=CARTESIAN_POINT('',(-20.,-10.,-1.50000000000001));
#10284=CARTESIAN_POINT('Origin',(-20.,-30.,-2.50000000000001));
#10285=CARTESIAN_POINT('',(-20.,-30.,-2.50000000000001));
#10286=CARTESIAN_POINT('Origin',(-20.,-10.,-9.50000000000001));
#10287=CARTESIAN_POINT('',(-20.,-10.,-9.50000000000001));
#10288=CARTESIAN_POINT('Origin',(-20.,-30.,-10.5));
#10289=CARTESIAN_POINT('',(-20.,-30.,-10.5));
#10290=CARTESIAN_POINT('Origin',(-20.,-10.,-5.50000000000001));
#10291=CARTESIAN_POINT('',(-20.,-10.,-5.50000000000001));
#10292=CARTESIAN_POINT('Origin',(-20.,-30.,-6.50000000000001));
#10293=CARTESIAN_POINT('',(-20.,-30.,-6.50000000000001));
#10294=CARTESIAN_POINT('Origin',(-20.,-10.,2.49999999999999));
#10295=CARTESIAN_POINT('',(-20.,-10.,2.49999999999999));
#10296=CARTESIAN_POINT('Origin',(-20.,-30.,1.49999999999999));
#10297=CARTESIAN_POINT('',(-20.,-30.,1.49999999999999));
#10298=CARTESIAN_POINT('Origin',(-20.,-10.,10.5));
#10299=CARTESIAN_POINT('',(-20.,-10.,10.5));
#10300=CARTESIAN_POINT('Origin',(-20.,-30.,9.49999999999999));
#10301=CARTESIAN_POINT('',(-20.,-30.,9.49999999999999));
#10302=CARTESIAN_POINT('Origin',(-20.,-10.,8.49999999999999));
#10303=CARTESIAN_POINT('',(-20.,-10.,8.49999999999999));
#10304=CARTESIAN_POINT('Origin',(-20.,-30.,7.49999999999999));
#10305=CARTESIAN_POINT('',(-20.,-30.,7.49999999999999));
#10306=CARTESIAN_POINT('Origin',(-20.,-10.,0.499999999999994));
#10307=CARTESIAN_POINT('',(-20.,-10.,0.499999999999994));
#10308=CARTESIAN_POINT('Origin',(-20.,-30.,-0.500000000000007));
#10309=CARTESIAN_POINT('',(-20.,-30.,-0.500000000000007));
#10310=CARTESIAN_POINT('Origin',(-20.,-10.,-7.50000000000001));
#10311=CARTESIAN_POINT('',(-20.,-10.,-7.50000000000001));
#10312=CARTESIAN_POINT('Origin',(-20.,-30.,-8.50000000000001));
#10313=CARTESIAN_POINT('',(-20.,-30.,-8.50000000000001));
#10314=CARTESIAN_POINT('Origin',(-20.,0.,-20.));
#10315=CARTESIAN_POINT('',(20.,0.,-20.));
#10316=CARTESIAN_POINT('',(-20.,0.,-20.));
#10317=CARTESIAN_POINT('',(20.,0.,-20.));
#10318=CARTESIAN_POINT('',(20.,0.,-20.));
#10319=CARTESIAN_POINT('',(20.,-11.,-20.0000002980232));
#10320=CARTESIAN_POINT('',(20.,-13.,-20.0000002980232));
#10321=CARTESIAN_POINT('',(20.,-15.,-20.0000002980232));
#10322=CARTESIAN_POINT('',(20.,-17.,-20.0000002980232));
#10323=CARTESIAN_POINT('',(20.,-19.,-20.0000002980232));
#10324=CARTESIAN_POINT('',(20.,-21.,-20.0000002980232));
#10325=CARTESIAN_POINT('',(20.,-23.,-20.0000002980232));
#10326=CARTESIAN_POINT('',(20.,-25.,-20.0000002980232));
#10327=CARTESIAN_POINT('',(20.,-27.,-20.0000002980232));
#10328=CARTESIAN_POINT('',(20.,-29.,-20.0000002980232));
#10329=CARTESIAN_POINT('',(-20.,-29.0000004321337,-20.0000002980232));
#10330=CARTESIAN_POINT('',(-20.,-27.0000004321337,-20.0000002980232));
#10331=CARTESIAN_POINT('',(-20.,-25.0000004321337,-20.0000002980232));
#10332=CARTESIAN_POINT('',(-20.,-23.0000004321337,-20.0000002980232));
#10333=CARTESIAN_POINT('',(-20.,-21.0000004321337,-20.0000002980232));
#10334=CARTESIAN_POINT('',(-20.,-19.0000004321337,-20.0000002980232));
#10335=CARTESIAN_POINT('',(-20.,-17.0000004321337,-20.0000002980232));
#10336=CARTESIAN_POINT('',(-20.,-15.0000004321337,-20.0000002980232));
#10337=CARTESIAN_POINT('',(-20.,-13.0000004321337,-20.0000002980232));
#10338=CARTESIAN_POINT('',(-20.,-11.0000004321337,-20.0000002980232));
#10339=CARTESIAN_POINT('',(-20.,0.,-20.));
#10340=CARTESIAN_POINT('Origin',(-20.,0.,20.));
#10341=CARTESIAN_POINT('',(-20.,0.,20.));
#10342=CARTESIAN_POINT('',(-20.,0.,-20.));
#10343=CARTESIAN_POINT('',(-20.,-29.0000004321337,20.0000002980232));
#10344=CARTESIAN_POINT('',(-20.,-27.0000004321337,20.0000002980232));
#10345=CARTESIAN_POINT('',(-20.,-25.0000004321337,20.0000002980232));
#10346=CARTESIAN_POINT('',(-20.,-23.0000004321337,20.0000002980232));
#10347=CARTESIAN_POINT('',(-20.,-21.0000004321337,20.0000002980232));
#10348=CARTESIAN_POINT('',(-20.,-19.0000004321337,20.0000002980232));
#10349=CARTESIAN_POINT('',(-20.,-17.0000004321337,20.0000002980232));
#10350=CARTESIAN_POINT('',(-20.,-15.0000004321337,20.0000002980232));
#10351=CARTESIAN_POINT('',(-20.,-13.0000004321337,20.0000002980232));
#10352=CARTESIAN_POINT('',(-20.,-11.0000004321337,20.0000002980232));
#10353=CARTESIAN_POINT('',(-20.,0.,20.));
#10354=CARTESIAN_POINT('Origin',(20.,0.,20.));
#10355=CARTESIAN_POINT('',(20.,0.,20.));
#10356=CARTESIAN_POINT('',(-20.,0.,20.));
#10357=CARTESIAN_POINT('',(20.,-29.,20.0000002980232));
#10358=CARTESIAN_POINT('',(20.,-27.,20.0000002980232));
#10359=CARTESIAN_POINT('',(20.,-25.,20.0000002980232));
#10360=CARTESIAN_POINT('',(20.,-23.,20.0000002980232));
#10361=CARTESIAN_POINT('',(20.,-21.,20.0000002980232));
#10362=CARTESIAN_POINT('',(20.,-19.,20.0000002980232));
#10363=CARTESIAN_POINT('',(20.,-17.,20.0000002980232));
#10364=CARTESIAN_POINT('',(20.,-15.,20.0000002980232));
#10365=CARTESIAN_POINT('',(20.,-13.,20.0000002980232));
#10366=CARTESIAN_POINT('',(20.,-11.,20.0000002980232));
#10367=CARTESIAN_POINT('',(20.,0.,20.));
#10368=CARTESIAN_POINT('Origin',(20.,0.,-20.));
#10369=CARTESIAN_POINT('',(20.,0.,20.));
#10370=CARTESIAN_POINT('Origin',(0.,0.,0.));
#10371=CARTESIAN_POINT('',(0.,0.,0.));
#10372=CARTESIAN_POINT('Origin',(-12.5,0.,12.5));
#10373=CARTESIAN_POINT('',(-12.5,0.,12.5));
#10374=CARTESIAN_POINT('',(12.5,0.,12.5));
#10375=CARTESIAN_POINT('',(-12.5,0.,12.5));
#10376=CARTESIAN_POINT('',(12.5,4.,12.5));
#10377=CARTESIAN_POINT('',(12.5,0.,12.5));
#10378=CARTESIAN_POINT('',(-12.5,4.,12.5));
#10379=CARTESIAN_POINT('',(-12.5,4.,12.5));
#10380=CARTESIAN_POINT('',(-12.5,0.,12.5));
#10381=CARTESIAN_POINT('Origin',(-12.5,0.,-12.5));
#10382=CARTESIAN_POINT('',(-12.5,0.,-12.5));
#10383=CARTESIAN_POINT('',(-12.5,0.,-12.5));
#10384=CARTESIAN_POINT('',(-12.5,4.,-12.5));
#10385=CARTESIAN_POINT('',(-12.5,4.,-12.5));
#10386=CARTESIAN_POINT('',(-12.5,0.,-12.5));
#10387=CARTESIAN_POINT('Origin',(12.5,0.,-12.5));
#10388=CARTESIAN_POINT('',(12.5,0.,-12.5));
#10389=CARTESIAN_POINT('',(12.5,0.,-12.5));
#10390=CARTESIAN_POINT('',(12.5,4.,-12.5));
#10391=CARTESIAN_POINT('',(12.5,4.,-12.5));
#10392=CARTESIAN_POINT('',(12.5,0.,-12.5));
#10393=CARTESIAN_POINT('Origin',(12.5,0.,12.5));
#10394=CARTESIAN_POINT('',(12.5,0.,12.5));
#10395=CARTESIAN_POINT('',(12.5,4.,12.5));
#10396=CARTESIAN_POINT('Origin',(0.,4.,2.22044604925031E-15));
#10397=CARTESIAN_POINT('Origin',(0.,0.,2.22044604925031E-15));
#10398=CARTESIAN_POINT('',(0.,0.,0.));
#10399=CARTESIAN_POINT('',(0.,0.,-2.22044604925031E-16));
#10400=UNCERTAINTY_MEASURE_WITH_UNIT(LENGTH_MEASURE(0.01),#10408,
'DISTANCE_ACCURACY_VALUE',
'Maximum model space distance between geometric entities at asserted c
onnectivities');
#10401=UNCERTAINTY_MEASURE_WITH_UNIT(LENGTH_MEASURE(0.01),#10408,
'DISTANCE_ACCURACY_VALUE',
'Maximum model space distance between geometric entities at asserted c
onnectivities');
#10402=UNCERTAINTY_MEASURE_WITH_UNIT(LENGTH_MEASURE(0.01),#10408,
'DISTANCE_ACCURACY_VALUE',
'Maximum model space distance between geometric entities at asserted c
onnectivities');
#10403=UNCERTAINTY_MEASURE_WITH_UNIT(LENGTH_MEASURE(0.01),#10408,
'DISTANCE_ACCURACY_VALUE',
'Maximum model space distance between geometric entities at asserted c
onnectivities');
#10404=(
GEOMETRIC_REPRESENTATION_CONTEXT(3)
GLOBAL_UNCERTAINTY_ASSIGNED_CONTEXT((#10400))
GLOBAL_UNIT_ASSIGNED_CONTEXT((#10408,#10410,#10411))
REPRESENTATION_CONTEXT('','3D')
);
#10405=(
GEOMETRIC_REPRESENTATION_CONTEXT(3)
GLOBAL_UNCERTAINTY_ASSIGNED_CONTEXT((#10401))
GLOBAL_UNIT_ASSIGNED_CONTEXT((#10408,#10410,#10411))
REPRESENTATION_CONTEXT('','3D')
);
#10406=(
GEOMETRIC_REPRESENTATION_CONTEXT(3)
GLOBAL_UNCERTAINTY_ASSIGNED_CONTEXT((#10402))
GLOBAL_UNIT_ASSIGNED_CONTEXT((#10408,#10410,#10411))
REPRESENTATION_CONTEXT('','3D')
);
#10407=(
GEOMETRIC_REPRESENTATION_CONTEXT(3)
GLOBAL_UNCERTAINTY_ASSIGNED_CONTEXT((#10403))
GLOBAL_UNIT_ASSIGNED_CONTEXT((#10408,#10410,#10411))
REPRESENTATION_CONTEXT('','3D')
);
#10408=(
LENGTH_UNIT()
NAMED_UNIT(*)
SI_UNIT(.MILLI.,.METRE.)
);
#10409=(
LENGTH_UNIT()
NAMED_UNIT(*)
SI_UNIT($,.METRE.)
);
#10410=(
NAMED_UNIT(*)
PLANE_ANGLE_UNIT()
SI_UNIT($,.RADIAN.)
);
#10411=(
NAMED_UNIT(*)
SI_UNIT($,.STERADIAN.)
SOLID_ANGLE_UNIT()
);
#10412=SHAPE_DEFINITION_REPRESENTATION(#10415,#10420);
#10413=SHAPE_DEFINITION_REPRESENTATION(#10416,#10421);
#10414=SHAPE_DEFINITION_REPRESENTATION(#10417,#10422);
#10415=PRODUCT_DEFINITION_SHAPE('',$,#10424);
#10416=PRODUCT_DEFINITION_SHAPE('',$,#10425);
#10417=PRODUCT_DEFINITION_SHAPE('',$,#10426);
#10418=PRODUCT_DEFINITION_SHAPE($,$,#17);
#10419=PRODUCT_DEFINITION_SHAPE($,$,#18);
#10420=SHAPE_REPRESENTATION('',(#6620,#6939,#6940),#10404);
#10421=SHAPE_REPRESENTATION('',(#6621),#10405);
#10422=SHAPE_REPRESENTATION('',(#6932),#10406);
#10423=PRODUCT_DEFINITION_CONTEXT('part definition',#10434,'design');
#10424=PRODUCT_DEFINITION('MULTI_FIN_HEAT_SINK',
'MULTI_FIN_HEAT_SINK v1',#10427,#10423);
#10425=PRODUCT_DEFINITION('multi_fin_heat_sink_1',
'multi_fin_heat_sink v1',#10428,#10423);
#10426=PRODUCT_DEFINITION('ic_chip','ic_chip v1',#10429,#10423);
#10427=PRODUCT_DEFINITION_FORMATION('',$,#10436);
#10428=PRODUCT_DEFINITION_FORMATION('',$,#10437);
#10429=PRODUCT_DEFINITION_FORMATION('',$,#10438);
#10430=PRODUCT_RELATED_PRODUCT_CATEGORY('MULTI_FIN_HEAT_SINK v1',
'MULTI_FIN_HEAT_SINK v1',(#10436));
#10431=PRODUCT_RELATED_PRODUCT_CATEGORY('multi_fin_heat_sink v1',
'multi_fin_heat_sink v1',(#10437));
#10432=PRODUCT_RELATED_PRODUCT_CATEGORY('ic_chip v1','ic_chip v1',(#10438));
#10433=APPLICATION_PROTOCOL_DEFINITION('international standard',
'automotive_design',2009,#10434);
#10434=APPLICATION_CONTEXT(
'Core Data for Automotive Mechanical Design Process');
#10435=PRODUCT_CONTEXT('part definition',#10434,'mechanical');
#10436=PRODUCT('MULTI_FIN_HEAT_SINK','MULTI_FIN_HEAT_SINK v1',$,(#10435));
#10437=PRODUCT('multi_fin_heat_sink_1','multi_fin_heat_sink v1',$,(#10435));
#10438=PRODUCT('ic_chip','ic_chip v1',$,(#10435));
#10439=PRESENTATION_STYLE_ASSIGNMENT((#10440));
#10440=SURFACE_STYLE_USAGE(.BOTH.,#10441);
#10441=SURFACE_SIDE_STYLE('',(#10442));
#10442=SURFACE_STYLE_FILL_AREA(#10443);
#10443=FILL_AREA_STYLE('Steel - Satin',(#10444));
#10444=FILL_AREA_STYLE_COLOUR('Steel - Satin',#10445);
#10445=COLOUR_RGB('Steel - Satin',0.627450980392157,0.627450980392157,0.627450980392157);
ENDSEC;
END-ISO-10303-21;
